customerID,gender,SeniorCitizen,Partner,Dependents,tenure,PhoneService,MultipleLines,InternetService,OnlineSecurity,TechSupport,Contract,PaperlessBilling,PaymentMethod,MonthlyCharges,TotalCharges,Churn
CUST-00000,Female,0,Yes,Yes,52,Yes,No,DSL,No,No,One year,Yes,Credit card (automatic),54.22,2840.49,No
CUST-00001,Female,0,No,Yes,15,Yes,No,No,No internet service,No internet service,Month-to-month,Yes,Mailed check,39.45,658.82,No
CUST-00002,Male,0,No,Yes,61,No,No phone service,No,No internet service,No internet service,Month-to-month,No,Bank transfer (automatic),76.19,4641.44,No
CUST-00003,Male,0,Yes,No,21,Yes,Yes,Fiber optic,No,No,Month-to-month,Yes,Credit card (automatic),51.46,1002.64,No
CUST-00004,Male,0,Yes,Yes,24,Yes,No,DSL,Yes,No,Two year,No,Bank transfer (automatic),28.44,732.19,No
CUST-00005,Female,0,No,No,3,Yes,No,DSL,Yes,Yes,Two year,No,Bank transfer (automatic),88.5,253.01,No
CUST-00006,Male,0,No,No,22,Yes,Yes,DSL,No,Yes,Month-to-month,Yes,Electronic check,90.78,2060.88,No
CUST-00007,Female,0,Yes,Yes,53,Yes,No,Fiber optic,Yes,No,Two year,No,Bank transfer (automatic),56.0,3008.8,No
CUST-00008,Male,0,No,No,2,Yes,Yes,Fiber optic,Yes,No,One year,No,Bank transfer (automatic),27.67,105.13,No
CUST-00009,Female,0,No,Yes,30,Yes,Yes,DSL,Yes,No,Two year,Yes,Electronic check,62.63,1997.32,No
CUST-00010,Female,1,Yes,No,38,Yes,Yes,DSL,No,Yes,Month-to-month,Yes,Mailed check,64.23,2454.84,Yes
CUST-00011,Male,0,Yes,Yes,2,Yes,No,Fiber optic,No,Yes,Month-to-month,No,Mailed check,86.87,245.88,No
CUST-00012,Female,0,Yes,Yes,64,Yes,Yes,Fiber optic,Yes,No,Month-to-month,No,Mailed check,51.54,3278.32,No
CUST-00013,Male,0,No,Yes,60,Yes,No,Fiber optic,No,No,One year,No,Bank transfer (automatic),88.26,5322.64,No
CUST-00014,Female,1,No,Yes,21,Yes,No,Fiber optic,Yes,Yes,Two year,No,Mailed check,107.15,2225.04,No
CUST-00015,Female,0,Yes,Yes,33,Yes,No,Fiber optic,No,Yes,Month-to-month,No,Credit card (automatic),43.75,1467.71,Yes
CUST-00016,Male,0,Yes,No,58,Yes,Yes,Fiber optic,Yes,No,Month-to-month,Yes,Bank transfer (automatic),117.89,6856.36,Yes
CUST-00017,Female,1,No,Yes,22,Yes,Yes,DSL,Yes,No,Month-to-month,No,Mailed check,58.64,1187.05,No
CUST-00018,Male,0,Yes,Yes,49,Yes,Yes,DSL,No,No,Two year,Yes,Bank transfer (automatic),46.73,2259.18,No
CUST-00019,Female,0,No,No,59,Yes,Yes,DSL,Yes,Yes,Month-to-month,Yes,Credit card (automatic),62.15,3678.37,No
CUST-00020,Male,0,Yes,Yes,42,Yes,No,No,No internet service,No internet service,Two year,No,Electronic check,29.44,1123.61,No
CUST-00021,Female,0,Yes,Yes,60,No,No phone service,DSL,Yes,Yes,Month-to-month,No,Bank transfer (automatic),32.57,1949.41,No
CUST-00022,Female,0,No,No,15,Yes,Yes,DSL,No,Yes,Month-to-month,Yes,Electronic check,61.44,972.02,Yes
CUST-00023,Male,0,No,Yes,62,Yes,Yes,DSL,No,No,One year,No,Credit card (automatic),96.24,6031.89,No
CUST-00024,Female,0,Yes,No,62,Yes,Yes,DSL,Yes,Yes,Month-to-month,Yes,Electronic check,110.03,6782.74,No
CUST-00025,Male,0,No,No,47,Yes,No,No,No internet service,No internet service,Two year,Yes,Credit card (automatic),86.48,4132.78,No
CUST-00026,Male,1,No,No,62,Yes,No,DSL,Yes,No,Two year,No,Electronic check,30.52,1952.65,No
CUST-00027,Female,0,Yes,Yes,51,Yes,Yes,Fiber optic,Yes,No,Month-to-month,Yes,Credit card (automatic),87.2,4339.81,No
CUST-00028,Male,0,No,No,55,Yes,No,Fiber optic,Yes,No,Month-to-month,Yes,Mailed check,83.54,4600.49,No
CUST-00029,Male,0,No,Yes,64,Yes,Yes,DSL,Yes,No,Two year,No,Mailed check,100.58,6448.44,No
CUST-00030,Male,0,No,No,3,Yes,Yes,No,No internet service,No internet service,Month-to-month,No,Mailed check,102.52,383.5,Yes
CUST-00031,Male,0,No,No,51,Yes,Yes,DSL,Yes,Yes,One year,No,Electronic check,106.82,5462.14,No
CUST-00032,Male,0,Yes,No,7,No,No phone service,DSL,No,No,Two year,Yes,Electronic check,61.41,499.56,No
CUST-00033,Male,1,Yes,Yes,21,Yes,No,DSL,No,No,Month-to-month,No,Credit card (automatic),89.79,1846.55,No
CUST-00034,Female,0,Yes,No,39,Yes,Yes,DSL,Yes,Yes,Month-to-month,No,Credit card (automatic),46.83,1746.47,No
CUST-00035,Male,0,Yes,Yes,18,Yes,Yes,Fiber optic,No,Yes,Month-to-month,No,Bank transfer (automatic),119.93,2126.35,No
CUST-00036,Male,0,Yes,No,4,No,No phone service,Fiber optic,No,No,Two year,No,Bank transfer (automatic),37.53,228.97,No
CUST-00037,Female,0,No,No,60,Yes,Yes,Fiber optic,Yes,Yes,Month-to-month,No,Electronic check,21.01,1306.9,Yes
CUST-00038,Male,0,No,Yes,14,Yes,Yes,DSL,Yes,No,Month-to-month,No,Electronic check,34.88,604.44,No
CUST-00039,Male,0,No,No,9,Yes,No,Fiber optic,Yes,No,Month-to-month,No,Mailed check,97.59,806.14,Yes
CUST-00040,Male,0,Yes,No,53,Yes,No,DSL,Yes,Yes,One year,Yes,Mailed check,64.68,3480.11,No
CUST-00041,Female,0,Yes,Yes,2,Yes,No,No,No internet service,No internet service,Two year,No,Bank transfer (automatic),64.75,167.24,No
CUST-00042,Female,0,Yes,Yes,60,Yes,No,No,No internet service,No internet service,Month-to-month,Yes,Credit card (automatic),115.5,6915.73,No
CUST-00043,Male,0,No,No,71,Yes,Yes,DSL,No,Yes,Month-to-month,Yes,Credit card (automatic),111.96,7987.96,No
CUST-00044,Male,0,No,No,44,Yes,Yes,Fiber optic,No,No,Month-to-month,Yes,Credit card (automatic),51.12,2256.28,No
CUST-00045,Female,0,No,No,8,Yes,Yes,No,No internet service,No internet service,Month-to-month,No,Electronic check,40.91,350.3,No
CUST-00046,Male,0,Yes,Yes,47,Yes,Yes,DSL,No,No,One year,Yes,Mailed check,104.85,4961.98,No
CUST-00047,Female,0,Yes,Yes,35,Yes,No,DSL,Yes,Yes,Month-to-month,No,Credit card (automatic),110.6,3920.01,No
CUST-00048,Male,0,No,No,36,Yes,No,Fiber optic,Yes,No,Two year,No,Mailed check,74.16,2674.1,No
CUST-00049,Male,1,No,Yes,50,Yes,Yes,DSL,No,Yes,One year,No,Credit card (automatic),82.94,4235.87,No
CUST-00050,Female,0,No,Yes,4,Yes,No,No,No internet service,No internet service,Month-to-month,No,Bank transfer (automatic),45.69,171.97,No
CUST-00051,Male,0,Yes,No,2,Yes,No,No,No internet service,No internet service,Month-to-month,Yes,Mailed check,100.08,294.35,Yes
CUST-00052,Female,1,Yes,Yes,6,Yes,Yes,No,No internet service,No internet service,Month-to-month,No,Bank transfer (automatic),83.21,442.87,Yes
CUST-00053,Female,0,No,Yes,54,Yes,Yes,DSL,Yes,No,Month-to-month,Yes,Mailed check,70.35,3749.65,No
CUST-00054,Male,1,No,Yes,4,Yes,No,DSL,Yes,No,One year,Yes,Credit card (automatic),26.01,57.71,No
CUST-00055,Male,0,Yes,Yes,54,Yes,No,Fiber optic,Yes,Yes,One year,Yes,Credit card (automatic),111.59,6073.7,No
CUST-00056,Female,0,No,Yes,63,No,No phone service,No,No internet service,No internet service,Two year,No,Credit card (automatic),81.55,5097.38,No
CUST-00057,Female,1,No,No,18,No,No phone service,Fiber optic,No,No,Month-to-month,No,Credit card (automatic),39.27,781.37,No
CUST-00058,Male,0,Yes,Yes,44,Yes,Yes,No,No internet service,No internet service,One year,Yes,Credit card (automatic),80.64,3521.84,No
CUST-00059,Male,0,No,Yes,34,Yes,No,No,No internet service,No internet service,Two year,Yes,Credit card (automatic),87.75,3003.46,No
CUST-00060,Male,0,No,Yes,62,Yes,No,Fiber optic,No,No,One year,No,Credit card (automatic),72.58,4531.96,No
CUST-00061,Male,0,No,Yes,14,Yes,Yes,DSL,Yes,No,Month-to-month,Yes,Electronic check,91.81,1234.55,Yes
CUST-00062,Female,0,Yes,No,48,Yes,No,DSL,No,No,One year,Yes,Mailed check,78.15,3681.66,No
CUST-00063,Female,0,No,No,15,Yes,No,Fiber optic,No,Yes,Month-to-month,No,Bank transfer (automatic),114.78,1735.84,Yes
CUST-00064,Male,0,No,Yes,62,Yes,No,No,No internet service,No internet service,Month-to-month,Yes,Electronic check,25.37,1559.08,No
CUST-00065,Female,0,Yes,No,40,Yes,No,Fiber optic,No,No,One year,Yes,Mailed check,30.62,1249.72,No
CUST-00066,Male,0,No,Yes,53,Yes,Yes,No,No internet service,No internet service,Month-to-month,Yes,Bank transfer (automatic),37.37,1913.33,No
CUST-00067,Female,0,No,No,24,Yes,Yes,Fiber optic,No,No,One year,Yes,Mailed check,89.02,2118.64,No
CUST-00068,Female,0,Yes,Yes,26,Yes,No,DSL,No,No,Month-to-month,No,Bank transfer (automatic),84.56,2189.47,Yes
CUST-00069,Male,0,No,Yes,60,Yes,Yes,No,No internet service,No internet service,Month-to-month,Yes,Bank transfer (automatic),109.21,6430.73,No
CUST-00070,Male,0,No,No,41,Yes,Yes,Fiber optic,Yes,No,Month-to-month,Yes,Bank transfer (automatic),93.29,3874.66,Yes
CUST-00071,Male,0,No,Yes,29,Yes,No,DSL,Yes,Yes,Month-to-month,No,Mailed check,70.84,2016.49,No
CUST-00072,Male,0,Yes,No,15,Yes,Yes,No,No internet service,No internet service,Month-to-month,No,Mailed check,119.18,1862.66,No
CUST-00073,Female,0,No,Yes,45,No,No phone service,Fiber optic,Yes,Yes,Two year,No,Bank transfer (automatic),46.61,2062.81,No
CUST-00074,Female,0,Yes,No,65,Yes,No,Fiber optic,No,No,Two year,Yes,Bank transfer (automatic),103.32,6689.73,No
CUST-00075,Male,1,Yes,No,71,Yes,Yes,DSL,No,Yes,One year,Yes,Credit card (automatic),62.68,4388.18,No
CUST-00076,Female,0,Yes,No,9,Yes,No,Fiber optic,Yes,Yes,Two year,No,Bank transfer (automatic),84.87,821.16,No
CUST-00077,Female,0,Yes,No,1,Yes,Yes,Fiber optic,No,Yes,One year,No,Credit card (automatic),92.73,115.44,No
CUST-00078,Male,0,Yes,Yes,8,Yes,No,DSL,Yes,No,Month-to-month,No,Credit card (automatic),83.38,737.05,No
CUST-00079,Male,0,Yes,Yes,63,Yes,No,DSL,Yes,Yes,Month-to-month,Yes,Credit card (automatic),34.05,2134.78,No
CUST-00080,Male,0,Yes,No,11,Yes,No,DSL,Yes,No,Month-to-month,No,Bank transfer (automatic),64.3,705.21,No
CUST-00081,Female,0,No,Yes,8,Yes,Yes,Fiber optic,No,Yes,Month-to-month,No,Bank transfer (automatic),76.14,525.02,No
CUST-00082,Male,0,No,Yes,35,Yes,No,No,No internet service,No internet service,Month-to-month,Yes,Bank transfer (automatic),104.9,3640.3,Yes
CUST-00083,Male,1,Yes,Yes,35,Yes,Yes,Fiber optic,No,Yes,Month-to-month,No,Bank transfer (automatic),64.36,2261.12,No
CUST-00084,Female,0,No,No,33,Yes,No,DSL,Yes,Yes,Month-to-month,Yes,Credit card (automatic),111.87,3711.07,No
CUST-00085,Female,1,No,No,5,Yes,No,DSL,Yes,Yes,Two year,Yes,Bank transfer (automatic),64.04,411.4,Yes
CUST-00086,Female,0,No,Yes,41,Yes,No,DSL,No,Yes,Month-to-month,Yes,Credit card (automatic),74.88,2977.53,Yes
CUST-00087,Female,0,Yes,Yes,28,Yes,No,Fiber optic,No,No,Two year,No,Credit card (automatic),99.63,2801.11,No
CUST-00088,Male,0,No,No,7,No,No phone service,No,No internet service,No internet service,Two year,Yes,Credit card (automatic),78.31,529.36,No
CUST-00089,Female,0,Yes,Yes,12,No,No phone service,DSL,Yes,Yes,Month-to-month,Yes,Mailed check,116.02,1396.02,Yes
CUST-00090,Male,0,Yes,Yes,34,Yes,No,Fiber optic,Yes,Yes,One year,Yes,Electronic check,86.03,2930.16,No
CUST-00091,Male,1,No,Yes,33,Yes,No,DSL,No,No,Two year,No,Credit card (automatic),72.27,2375.35,No
CUST-00092,Female,0,Yes,No,48,Yes,Yes,DSL,No,No,Two year,No,Credit card (automatic),22.36,1016.62,No
CUST-00093,Male,0,Yes,No,23,Yes,No,DSL,No,No,Two year,No,Electronic check,61.37,1345.57,No
CUST-00094,Male,0,Yes,No,62,Yes,Yes,Fiber optic,Yes,Yes,Two year,No,Mailed check,49.92,3081.79,No
CUST-00095,Female,0,No,Yes,37,Yes,Yes,DSL,No,No,Month-to-month,No,Bank transfer (automatic),94.81,3436.94,No
CUST-00096,Female,0,No,Yes,44,Yes,Yes,DSL,No,Yes,Month-to-month,Yes,Mailed check,40.83,1790.87,No
CUST-00097,Female,0,No,Yes,35,Yes,Yes,Fiber optic,Yes,No,Month-to-month,No,Bank transfer (automatic),40.52,1405.53,Yes
CUST-00098,Male,0,Yes,No,65,Yes,Yes,Fiber optic,No,Yes,Month-to-month,No,Electronic check,38.95,2409.25,No
CUST-00099,Male,0,No,No,47,Yes,Yes,DSL,Yes,No,Month-to-month,No,Mailed check,32.56,1627.0,No
CUST-00100,Female,0,No,No,3,Yes,Yes,DSL,No,Yes,Month-to-month,No,Electronic check,51.1,157.16,No
CUST-00101,Female,1,No,Yes,1,Yes,Yes,Fiber optic,Yes,Yes,One year,Yes,Mailed check,108.59,0.0,Yes
CUST-00102,Female,1,Yes,No,5,Yes,Yes,Fiber optic,Yes,No,Month-to-month,Yes,Mailed check,97.49,499.81,Yes
CUST-00103,Female,0,Yes,Yes,14,Yes,Yes,Fiber optic,Yes,No,Two year,No,Electronic check,93.53,1299.25,No
CUST-00104,Female,0,No,Yes,27,Yes,Yes,DSL,Yes,Yes,Month-to-month,Yes,Electronic check,99.73,2626.82,No
CUST-00105,Female,1,Yes,No,9,No,No phone service,DSL,Yes,No,Month-to-month,No,Electronic check,46.94,437.93,No
CUST-00106,Female,0,No,Yes,15,Yes,No,Fiber optic,No,Yes,Month-to-month,No,Bank transfer (automatic),108.74,1583.99,No
CUST-00107,Male,0,No,Yes,42,Yes,No,Fiber optic,No,Yes,Month-to-month,No,Electronic check,33.73,1426.31,No
CUST-00108,Female,0,Yes,No,51,Yes,No,Fiber optic,No,Yes,One year,Yes,Credit card (automatic),53.63,2700.05,No
CUST-00109,Female,0,Yes,Yes,63,Yes,Yes,Fiber optic,Yes,No,Two year,Yes,Credit card (automatic),78.67,4910.93,No
CUST-00110,Female,0,Yes,No,52,Yes,Yes,Fiber optic,No,No,Month-to-month,No,Electronic check,30.29,1574.3,No
CUST-00111,Female,0,Yes,No,4,Yes,No,Fiber optic,No,Yes,One year,No,Electronic check,93.01,290.94,No
CUST-00112,Male,1,Yes,No,23,Yes,Yes,Fiber optic,Yes,Yes,Two year,Yes,Mailed check,58.72,1346.43,No
CUST-00113,Female,0,Yes,Yes,15,Yes,Yes,Fiber optic,No,Yes,Month-to-month,No,Credit card (automatic),98.44,1509.46,Yes
CUST-00114,Male,0,No,No,43,Yes,No,DSL,No,No,Month-to-month,Yes,Bank transfer (automatic),69.29,3043.0,No
CUST-00115,Male,1,No,No,29,Yes,Yes,No,No internet service,No internet service,Month-to-month,No,Mailed check,38.09,1159.04,Yes
CUST-00116,Male,0,Yes,No,36,Yes,No,DSL,No,Yes,Month-to-month,Yes,Bank transfer (automatic),93.48,3432.95,No
CUST-00117,Female,0,Yes,Yes,13,Yes,No,No,No internet service,No internet service,Two year,Yes,Electronic check,45.21,564.99,No
CUST-00118,Female,0,No,Yes,32,Yes,Yes,Fiber optic,Yes,Yes,Two year,Yes,Mailed check,69.08,2159.33,No
CUST-00119,Male,0,No,Yes,71,Yes,Yes,Fiber optic,Yes,No,One year,Yes,Credit card (automatic),27.55,1996.82,No
CUST-00120,Male,0,Yes,No,59,Yes,Yes,DSL,Yes,Yes,One year,No,Mailed check,81.79,4799.77,No
CUST-00121,Female,0,Yes,No,28,Yes,No,Fiber optic,Yes,Yes,One year,No,Bank transfer (automatic),86.59,2424.83,No
CUST-00122,Male,0,No,No,66,Yes,Yes,No,No internet service,No internet service,Month-to-month,Yes,Credit card (automatic),57.87,3856.76,No
CUST-00123,Male,0,No,Yes,42,Yes,Yes,DSL,Yes,Yes,One year,Yes,Bank transfer (automatic),115.44,4949.53,No
CUST-00124,Female,0,No,No,45,Yes,Yes,Fiber optic,No,No,Month-to-month,Yes,Credit card (automatic),107.42,4860.34,No
CUST-00125,Female,0,No,No,62,Yes,No,Fiber optic,Yes,Yes,Month-to-month,Yes,Electronic check,90.79,5639.24,Yes
CUST-00126,Male,0,No,Yes,57,Yes,Yes,DSL,No,No,Month-to-month,Yes,Electronic check,91.37,5152.03,No
CUST-00127,Male,0,Yes,Yes,6,Yes,Yes,Fiber optic,Yes,Yes,Month-to-month,Yes,Electronic check,45.24,329.91,No
CUST-00128,Female,0,No,No,28,Yes,No,No,No internet service,No internet service,Month-to-month,Yes,Credit card (automatic),85.68,2419.47,No
CUST-00129,Female,0,Yes,No,28,Yes,Yes,DSL,Yes,Yes,Month-to-month,No,Mailed check,39.82,1097.6,No
CUST-00130,Female,0,No,No,44,Yes,Yes,Fiber optic,Yes,No,One year,No,Electronic check,34.4,1491.08,No
CUST-00131,Male,0,Yes,Yes,30,Yes,No,DSL,Yes,No,Month-to-month,No,Credit card (automatic),119.95,3578.16,Yes
CUST-00132,Female,0,No,Yes,62,Yes,Yes,No,No internet service,No internet service,Month-to-month,Yes,Credit card (automatic),82.24,5101.08,No
CUST-00133,Male,1,Yes,No,62,Yes,Yes,Fiber optic,No,No,Month-to-month,Yes,Electronic check,63.1,3839.25,Yes
CUST-00134,Male,0,No,Yes,1,Yes,Yes,No,No internet service,No internet service,Month-to-month,No,Credit card (automatic),48.82,109.72,No
CUST-00135,Female,0,Yes,Yes,27,No,No phone service,DSL,Yes,No,Two year,No,Credit card (automatic),80.39,2222.26,No
CUST-00136,Female,0,No,No,62,Yes,No,No,No internet service,No internet service,Month-to-month,No,Electronic check,24.96,1539.15,No
CUST-00137,Female,0,Yes,No,3,Yes,No,Fiber optic,Yes,Yes,Month-to-month,Yes,Mailed check,29.47,68.18,No
CUST-00138,Female,1,Yes,Yes,70,Yes,No,DSL,No,Yes,Two year,No,Bank transfer (automatic),23.29,1629.14,No
CUST-00139,Male,0,Yes,Yes,27,Yes,Yes,Fiber optic,Yes,Yes,Two year,Yes,Mailed check,69.92,1895.17,No
CUST-00140,Male,1,Yes,Yes,9,Yes,No,Fiber optic,Yes,Yes,Month-to-month,No,Credit card (automatic),80.06,705.54,No
CUST-00141,Male,0,No,Yes,62,Yes,Yes,No,No internet service,No internet service,Two year,Yes,Credit card (automatic),26.25,1677.45,No
CUST-00142,Male,0,No,No,37,Yes,Yes,DSL,No,Yes,One year,Yes,Credit card (automatic),92.12,3337.23,No
CUST-00143,Female,0,Yes,Yes,51,Yes,Yes,No,No internet service,No internet service,Two year,Yes,Electronic check,43.04,2159.44,No
CUST-00144,Male,0,No,No,44,Yes,Yes,Fiber optic,Yes,Yes,Month-to-month,Yes,Bank transfer (automatic),88.52,3933.64,Yes
CUST-00145,Female,1,Yes,Yes,24,No,No phone service,Fiber optic,Yes,Yes,One year,Yes,Credit card (automatic),118.19,2852.77,No
CUST-00146,Female,0,No,No,59,No,No phone service,DSL,Yes,No,Two year,No,Credit card (automatic),89.11,5223.51,No
CUST-00147,Male,0,No,Yes,32,Yes,No,Fiber optic,Yes,Yes,Two year,Yes,Mailed check,108.32,3486.26,No
CUST-00148,Male,0,Yes,No,52,Yes,No,No,No internet service,No internet service,Month-to-month,No,Credit card (automatic),114.82,5930.99,No
CUST-00149,Male,0,No,No,62,Yes,No,No,No internet service,No internet service,Two year,No,Credit card (automatic),68.68,4242.65,No
CUST-00150,Male,0,Yes,No,58,Yes,Yes,Fiber optic,Yes,No,One year,No,Electronic check,90.23,5285.53,No
CUST-00151,Male,0,No,Yes,52,No,No phone service,No,No internet service,No internet service,Two year,No,Mailed check,105.2,5517.05,No
CUST-00152,Female,0,No,Yes,12,Yes,Yes,No,No internet service,No internet service,Month-to-month,Yes,Mailed check,55.66,682.33,Yes
CUST-00153,Female,0,No,Yes,39,Yes,Yes,No,No internet service,No internet service,Month-to-month,Yes,Credit card (automatic),46.14,1746.9,No
CUST-00154,Male,0,Yes,Yes,2,Yes,No,Fiber optic,No,No,Month-to-month,Yes,Electronic check,114.66,210.44,Yes
CUST-00155,Male,0,No,No,3,Yes,Yes,No,No internet service,No internet service,Two year,Yes,Electronic check,92.63,282.71,No
CUST-00156,Male,0,Yes,Yes,56,Yes,No,DSL,Yes,No,Month-to-month,Yes,Bank transfer (automatic),41.97,2423.09,No
CUST-00157,Male,1,Yes,No,59,Yes,Yes,Fiber optic,No,Yes,Two year,No,Bank transfer (automatic),64.91,3740.57,No
CUST-00158,Male,1,No,No,2,Yes,Yes,DSL,Yes,No,Month-to-month,Yes,Credit card (automatic),99.65,155.69,Yes
CUST-00159,Male,0,Yes,Yes,2,Yes,Yes,DSL,No,Yes,Month-to-month,Yes,Bank transfer (automatic),74.71,205.85,No
CUST-00160,Female,0,No,No,54,Yes,Yes,Fiber optic,No,Yes,One year,No,Electronic check,85.0,4658.01,No
CUST-00161,Female,1,Yes,No,1,Yes,No,No,No internet service,No internet service,Month-to-month,No,Mailed check,95.38,91.89,No
CUST-00162,Male,0,No,Yes,19,Yes,No,DSL,Yes,Yes,Month-to-month,No,Bank transfer (automatic),82.2,1638.72,No
CUST-00163,Male,0,Yes,Yes,2,Yes,No,DSL,No,No,Month-to-month,Yes,Credit card (automatic),74.01,111.35,No
CUST-00164,Female,1,Yes,No,53,Yes,Yes,DSL,Yes,No,Month-to-month,No,Electronic check,94.96,4957.42,No
CUST-00165,Male,0,Yes,Yes,44,Yes,Yes,Fiber optic,Yes,No,Month-to-month,Yes,Bank transfer (automatic),92.76,4120.95,No
CUST-00166,Male,0,Yes,No,32,Yes,Yes,DSL,Yes,No,Month-to-month,No,Electronic check,82.99,2720.42,No
CUST-00167,Male,0,No,Yes,70,No,No phone service,DSL,No,Yes,Two year,Yes,Mailed check,55.98,3982.5,No
CUST-00168,Female,0,No,Yes,32,Yes,No,DSL,Yes,No,Two year,Yes,Electronic check,60.58,1895.39,No
CUST-00169,Male,0,Yes,No,68,Yes,No,DSL,Yes,Yes,Two year,No,Credit card (automatic),117.04,7968.69,No
CUST-00170,Female,0,Yes,Yes,55,No,No phone service,Fiber optic,No,No,Month-to-month,Yes,Bank transfer (automatic),31.24,1760.19,No
CUST-00171,Male,0,Yes,Yes,56,Yes,No,DSL,Yes,Yes,Two year,Yes,Electronic check,46.85,2638.65,No
CUST-00172,Male,1,Yes,Yes,17,Yes,Yes,Fiber optic,No,Yes,One year,No,Mailed check,69.24,1249.4,No
CUST-00173,Female,0,No,No,38,Yes,No,Fiber optic,No,Yes,Month-to-month,Yes,Bank transfer (automatic),103.67,3919.21,No
CUST-00174,Male,0,No,No,24,Yes,Yes,DSL,Yes,Yes,Month-to-month,No,Bank transfer (automatic),36.37,869.35,No
CUST-00175,Female,0,No,Yes,69,Yes,No,Fiber optic,Yes,Yes,Month-to-month,Yes,Credit card (automatic),47.7,3303.11,Yes
CUST-00176,Female,0,Yes,No,70,Yes,Yes,DSL,Yes,Yes,Month-to-month,No,Mailed check,26.58,1902.23,No
CUST-00177,Male,0,No,No,11,Yes,Yes,No,No internet service,No internet service,Two year,No,Electronic check,90.6,986.88,No
CUST-00178,Female,0,No,No,16,No,No phone service,No,No internet service,No internet service,Two year,Yes,Mailed check,43.82,747.49,No
CUST-00179,Female,0,Yes,Yes,59,Yes,Yes,Fiber optic,No,No,Two year,No,Mailed check,58.87,3553.56,No
CUST-00180,Male,0,No,Yes,70,Yes,Yes,Fiber optic,No,Yes,Month-to-month,Yes,Mailed check,64.37,4480.0,Yes
CUST-00181,Male,0,Yes,Yes,3,Yes,Yes,Fiber optic,No,No,One year,Yes,Electronic check,109.13,319.16,No
CUST-00182,Male,0,Yes,No,20,Yes,Yes,Fiber optic,Yes,No,Month-to-month,Yes,Bank transfer (automatic),61.13,1270.99,No
CUST-00183,Female,0,Yes,No,59,Yes,Yes,DSL,No,Yes,Two year,No,Mailed check,34.52,2133.06,No
CUST-00184,Male,0,Yes,Yes,36,Yes,Yes,Fiber optic,No,No,Two year,Yes,Electronic check,72.43,2639.28,No
CUST-00185,Male,1,Yes,Yes,19,Yes,Yes,Fiber optic,Yes,No,Month-to-month,No,Bank transfer (automatic),116.3,2170.39,No
CUST-00186,Male,1,Yes,Yes,67,Yes,Yes,DSL,Yes,No,One year,No,Credit card (automatic),80.77,5421.5,No
CUST-00187,Male,0,Yes,Yes,19,Yes,Yes,Fiber optic,No,Yes,Month-to-month,No,Electronic check,118.34,2296.47,No
CUST-00188,Female,1,No,No,20,Yes,No,Fiber optic,No,No,Two year,Yes,Mailed check,104.11,2041.57,No
CUST-00189,Male,0,No,Yes,71,Yes,No,Fiber optic,No,Yes,Month-to-month,Yes,Mailed check,23.6,1621.68,No
CUST-00190,Male,1,Yes,No,52,Yes,Yes,Fiber optic,No,Yes,One year,No,Electronic check,85.84,4446.43,No
CUST-00191,Male,0,No,Yes,33,Yes,No,No,No internet service,No internet service,One year,Yes,Electronic check,48.68,1639.42,No
CUST-00192,Male,0,No,Yes,40,Yes,Yes,DSL,Yes,Yes,Month-to-month,No,Mailed check,75.96,2969.94,No
CUST-00193,Male,0,No,No,39,Yes,No,DSL,No,No,Month-to-month,No,Electronic check,47.93,1834.62,Yes
CUST-00194,Female,0,Yes,Yes,1,No,No phone service,Fiber optic,No,Yes,Two year,Yes,Mailed check,54.89,68.57,No
CUST-00195,Male,0,No,Yes,11,Yes,No,DSL,Yes,No,Month-to-month,No,Electronic check,112.32,1290.05,No
CUST-00196,Male,0,Yes,No,57,Yes,No,Fiber optic,Yes,Yes,Two year,Yes,Credit card (automatic),40.66,2332.13,No
CUST-00197,Female,0,Yes,No,50,Yes,No,Fiber optic,Yes,No,One year,No,Bank transfer (automatic),107.41,5389.23,No
CUST-00198,Male,0,Yes,Yes,23,Yes,Yes,Fiber optic,Yes,No,Month-to-month,Yes,Credit card (automatic),23.05,580.4,No
CUST-00199,Female,0,Yes,No,31,Yes,Yes,DSL,No,Yes,Two year,Yes,Electronic check,29.09,981.65,No
CUST-00200,Female,0,Yes,No,42,Yes,Yes,DSL,No,No,Two year,Yes,Credit card (automatic),105.47,4504.02,No
CUST-00201,Female,1,Yes,Yes,7,Yes,Yes,No,No internet service,No internet service,One year,No,Credit card (automatic),83.06,479.35,No
CUST-00202,Female,0,Yes,Yes,16,No,No phone service,Fiber optic,No,Yes,Month-to-month,Yes,Bank transfer (automatic),94.72,1520.42,Yes
CUST-00203,Male,0,No,Yes,60,Yes,Yes,DSL,Yes,Yes,Month-to-month,No,Electronic check,40.94,2502.03,No
CUST-00204,Male,1,No,No,2,Yes,No,No,No internet service,No internet service,Month-to-month,Yes,Credit card (automatic),73.71,232.41,Yes
CUST-00205,Female,0,Yes,No,1,Yes,Yes,DSL,Yes,No,Month-to-month,Yes,Credit card (automatic),93.72,125.77,No
CUST-00206,Female,0,No,Yes,48,Yes,Yes,No,No internet service,No internet service,One year,No,Electronic check,82.73,3928.08,No
CUST-00207,Female,0,No,Yes,12,Yes,No,No,No internet service,No internet service,Month-to-month,No,Bank transfer (automatic),67.17,769.69,Yes
CUST-00208,Female,1,Yes,Yes,69,Yes,No,No,No internet service,No internet service,Two year,No,Credit card (automatic),115.98,7967.67,No
CUST-00209,Female,0,No,Yes,37,No,No phone service,Fiber optic,No,Yes,Two year,Yes,Mailed check,87.62,3257.32,No
CUST-00210,Male,0,Yes,No,32,Yes,No,Fiber optic,No,Yes,Two year,Yes,Bank transfer (automatic),110.78,3520.97,No
CUST-00211,Female,0,No,Yes,9,Yes,Yes,DSL,Yes,Yes,Two year,Yes,Electronic check,92.98,684.59,No
CUST-00212,Male,1,Yes,No,19,Yes,Yes,Fiber optic,No,No,Two year,Yes,Mailed check,93.55,1718.54,No
CUST-00213,Female,0,Yes,No,48,Yes,No,Fiber optic,No,No,Month-to-month,Yes,Mailed check,28.0,1321.79,No
CUST-00214,Female,0,No,Yes,3,Yes,Yes,DSL,No,Yes,Two year,Yes,Credit card (automatic),55.95,99.73,No
CUST-00215,Male,0,Yes,No,20,Yes,Yes,Fiber optic,Yes,Yes,Month-to-month,Yes,Credit card (automatic),105.84,2056.12,Yes
CUST-00216,Female,0,No,No,24,Yes,Yes,No,No internet service,No internet service,Two year,Yes,Electronic check,43.26,1140.79,No
CUST-00217,Male,0,Yes,No,54,Yes,No,Fiber optic,No,Yes,One year,Yes,Credit card (automatic),31.55,1703.27,No
CUST-00218,Male,1,Yes,Yes,33,Yes,No,DSL,Yes,Yes,Month-to-month,No,Bank transfer (automatic),52.61,1716.82,No
CUST-00219,Female,0,No,Yes,24,Yes,No,DSL,No,Yes,One year,Yes,Mailed check,42.04,1042.33,No
CUST-00220,Female,1,No,Yes,36,Yes,Yes,Fiber optic,Yes,No,Month-to-month,Yes,Bank transfer (automatic),112.53,4108.38,No
CUST-00221,Male,0,No,Yes,38,Yes,No,Fiber optic,Yes,No,Two year,No,Mailed check,106.8,4170.43,No
CUST-00222,Male,0,Yes,Yes,25,No,No phone service,DSL,Yes,Yes,One year,No,Electronic check,69.97,1834.52,No
CUST-00223,Female,0,No,Yes,18,Yes,No,Fiber optic,No,No,Month-to-month,Yes,Mailed check,26.13,492.08,Yes
CUST-00224,Male,0,Yes,No,66,Yes,Yes,Fiber optic,No,No,One year,No,Credit card (automatic),91.46,5959.72,No
CUST-00225,Female,0,No,No,54,Yes,No,Fiber optic,No,No,One year,Yes,Electronic check,82.34,4396.24,No
CUST-00226,Female,1,No,No,35,No,No phone service,No,No internet service,No internet service,Two year,Yes,Electronic check,117.06,4077.01,No
CUST-00227,Female,1,No,No,61,Yes,Yes,Fiber optic,No,Yes,Two year,No,Electronic check,75.9,4655.23,No
CUST-00228,Male,0,No,No,41,Yes,Yes,DSL,Yes,Yes,Month-to-month,Yes,Mailed check,53.64,2203.96,No
CUST-00229,Female,0,No,No,33,No,No phone service,No,No internet service,No internet service,Month-to-month,Yes,Bank transfer (automatic),71.9,2299.05,No
CUST-00230,Male,0,Yes,No,68,Yes,Yes,DSL,Yes,Yes,Month-to-month,No,Credit card (automatic),117.93,7936.65,No
CUST-00231,Male,1,Yes,No,33,No,No phone service,No,No internet service,No internet service,Month-to-month,No,Bank transfer (automatic),89.64,2971.07,No
CUST-00232,Female,0,No,Yes,14,Yes,No,No,No internet service,No internet service,Month-to-month,No,Mailed check,87.2,1226.8,No
CUST-00233,Male,1,No,Yes,21,Yes,No,No,No internet service,No internet service,Month-to-month,No,Bank transfer (automatic),44.07,914.98,Yes
CUST-00234,Male,0,No,No,48,Yes,No,No,No internet service,No internet service,One year,No,Bank transfer (automatic),94.36,4553.43,No
CUST-00235,Male,0,Yes,No,20,Yes,Yes,DSL,Yes,Yes,Two year,Yes,Bank transfer (automatic),95.03,1962.94,No
CUST-00236,Male,0,Yes,Yes,8,No,No phone service,DSL,No,Yes,Month-to-month,Yes,Electronic check,51.73,429.34,Yes
CUST-00237,Male,0,No,Yes,7,Yes,Yes,DSL,Yes,Yes,One year,No,Mailed check,68.37,431.51,No
CUST-00238,Female,0,Yes,Yes,67,Yes,Yes,No,No internet service,No internet service,Month-to-month,Yes,Mailed check,49.46,3409.58,No
CUST-00239,Female,1,Yes,No,17,Yes,Yes,DSL,No,No,Two year,Yes,Credit card (automatic),45.87,770.97,No
CUST-00240,Male,0,No,No,33,Yes,No,Fiber optic,Yes,No,Two year,Yes,Credit card (automatic),22.59,747.97,No
CUST-00241,Female,0,Yes,Yes,48,Yes,No,DSL,No,Yes,Month-to-month,Yes,Electronic check,48.52,2296.28,No
CUST-00242,Female,0,Yes,No,59,Yes,No,Fiber optic,Yes,Yes,Month-to-month,Yes,Mailed check,75.4,4394.88,No
CUST-00243,Female,0,Yes,No,22,Yes,Yes,DSL,Yes,No,Month-to-month,Yes,Credit card (automatic),20.16,393.87,No
CUST-00244,Male,0,Yes,Yes,30,Yes,No,Fiber optic,Yes,No,Month-to-month,No,Credit card (automatic),48.32,1388.96,No
CUST-00245,Male,0,No,Yes,38,Yes,Yes,No,No internet service,No internet service,Month-to-month,No,Electronic check,108.14,3958.82,No
CUST-00246,Female,0,Yes,Yes,51,Yes,Yes,Fiber optic,Yes,No,Two year,Yes,Credit card (automatic),79.36,4039.55,No
CUST-00247,Female,0,Yes,No,54,Yes,No,DSL,Yes,Yes,Month-to-month,Yes,Credit card (automatic),80.79,4417.78,No
CUST-00248,Female,0,Yes,Yes,8,Yes,Yes,No,No internet service,No internet service,Month-to-month,Yes,Credit card (automatic),60.34,433.5,Yes
CUST-00249,Male,0,No,Yes,27,Yes,No,DSL,No,Yes,Month-to-month,No,Credit card (automatic),87.65,2494.52,No
CUST-00250,Male,0,No,Yes,27,Yes,Yes,Fiber optic,No,Yes,Month-to-month,Yes,Bank transfer (automatic),38.99,1122.05,Yes
CUST-00251,Female,0,No,No,21,Yes,Yes,Fiber optic,No,No,Month-to-month,Yes,Electronic check,101.87,2138.36,No
CUST-00252,Male,0,No,No,30,Yes,No,Fiber optic,No,No,Month-to-month,Yes,Electronic check,31.67,894.55,No
CUST-00253,Male,0,No,No,28,Yes,Yes,Fiber optic,Yes,No,Month-to-month,Yes,Bank transfer (automatic),85.6,2316.95,No
CUST-00254,Male,1,No,Yes,64,Yes,No,Fiber optic,No,Yes,Month-to-month,No,Credit card (automatic),54.11,3457.36,No
CUST-00255,Female,0,No,No,69,Yes,No,DSL,No,No,Two year,No,Mailed check,94.75,6541.16,No
CUST-00256,Male,0,Yes,No,61,Yes,No,Fiber optic,No,No,Two year,Yes,Credit card (automatic),74.98,4563.56,No
CUST-00257,Male,0,Yes,Yes,48,Yes,No,DSL,No,No,Month-to-month,Yes,Bank transfer (automatic),65.24,3184.99,No
CUST-00258,Female,0,Yes,No,19,Yes,No,Fiber optic,No,Yes,Month-to-month,Yes,Credit card (automatic),36.94,776.71,No
CUST-00259,Female,0,Yes,No,4,Yes,No,Fiber optic,Yes,No,Month-to-month,Yes,Electronic check,83.68,358.35,No
CUST-00260,Female,1,No,No,35,Yes,No,No,No internet service,No internet service,Two year,Yes,Credit card (automatic),117.48,4138.12,No
CUST-00261,Male,0,Yes,No,64,Yes,No,Fiber optic,Yes,Yes,One year,No,Mailed check,102.56,6548.06,No
CUST-00262,Male,0,Yes,No,49,Yes,No,No,No internet service,No internet service,Month-to-month,No,Electronic check,26.0,1273.75,No
CUST-00263,Male,0,No,No,17,Yes,Yes,Fiber optic,No,No,Month-to-month,No,Credit card (automatic),57.62,1000.12,Yes
CUST-00264,Male,0,Yes,No,44,Yes,Yes,Fiber optic,No,No,Month-to-month,No,Credit card (automatic),112.56,4936.8,Yes
CUST-00265,Male,0,No,No,30,No,No phone service,Fiber optic,No,No,Two year,Yes,Mailed check,70.3,2142.04,No
CUST-00266,Male,0,No,Yes,46,No,No phone service,Fiber optic,No,Yes,Two year,No,Credit card (automatic),86.21,3912.85,No
CUST-00267,Female,0,Yes,Yes,6,Yes,Yes,Fiber optic,No,Yes,Two year,No,Bank transfer (automatic),111.26,630.95,No
CUST-00268,Male,0,Yes,Yes,37,Yes,Yes,No,No internet service,No internet service,Month-to-month,Yes,Mailed check,107.38,3920.71,No
CUST-00269,Male,0,No,Yes,24,Yes,Yes,Fiber optic,Yes,Yes,Month-to-month,Yes,Bank transfer (automatic),70.18,1650.89,Yes
CUST-00270,Female,0,Yes,Yes,46,Yes,No,DSL,Yes,Yes,Month-to-month,Yes,Mailed check,63.76,2918.6,No
CUST-00271,Female,0,No,Yes,53,Yes,Yes,DSL,No,Yes,Month-to-month,No,Electronic check,53.97,2911.86,No
CUST-00272,Male,1,Yes,Yes,60,Yes,No,Fiber optic,No,No,Month-to-month,Yes,Mailed check,91.9,5516.07,No
CUST-00273,Male,0,Yes,No,63,No,No phone service,DSL,No,Yes,Two year,No,Mailed check,48.7,3003.88,No
CUST-00274,Female,1,Yes,No,32,No,No phone service,No,No internet service,No internet service,One year,No,Bank transfer (automatic),44.99,1369.58,No
CUST-00275,Male,0,No,No,33,Yes,No,DSL,No,No,Month-to-month,Yes,Bank transfer (automatic),55.62,1814.66,Yes
CUST-00276,Female,0,No,No,67,No,No phone service,DSL,No,Yes,Month-to-month,Yes,Mailed check,37.72,2568.96,No
CUST-00277,Female,0,Yes,No,18,Yes,No,Fiber optic,No,No,One year,No,Electronic check,89.51,1681.33,No
CUST-00278,Male,0,Yes,Yes,25,Yes,No,DSL,Yes,Yes,Month-to-month,No,Mailed check,81.62,1960.96,Yes
CUST-00279,Female,0,No,Yes,54,Yes,Yes,No,No internet service,No internet service,Two year,Yes,Credit card (automatic),68.29,3706.28,No
CUST-00280,Male,0,No,No,58,Yes,Yes,No,No internet service,No internet service,Month-to-month,No,Mailed check,59.03,3403.65,No
CUST-00281,Female,0,No,No,67,No,No phone service,Fiber optic,Yes,Yes,Month-to-month,No,Electronic check,110.91,7414.76,No
CUST-00282,Female,0,No,No,46,Yes,No,No,No internet service,No internet service,One year,No,Bank transfer (automatic),22.91,1000.65,No
CUST-00283,Female,0,Yes,Yes,24,Yes,Yes,DSL,Yes,Yes,Month-to-month,No,Credit card (automatic),96.91,2314.84,Yes
CUST-00284,Male,0,No,Yes,32,Yes,No,DSL,No,No,One year,No,Mailed check,110.19,3470.62,No
CUST-00285,Male,0,No,No,47,No,No phone service,No,No internet service,No internet service,Month-to-month,Yes,Mailed check,64.64,3024.79,No
CUST-00286,Male,0,No,Yes,23,No,No phone service,DSL,Yes,Yes,Month-to-month,No,Mailed check,75.07,1784.02,No
CUST-00287,Male,0,No,No,66,Yes,No,Fiber optic,Yes,Yes,Month-to-month,Yes,Bank transfer (automatic),114.45,7585.26,No
CUST-00288,Male,0,Yes,No,27,Yes,Yes,Fiber optic,Yes,No,Month-to-month,No,Electronic check,41.23,1208.9,No
CUST-00289,Male,0,Yes,Yes,2,No,No phone service,DSL,Yes,Yes,One year,Yes,Credit card (automatic),72.01,170.34,No
CUST-00290,Female,0,Yes,No,17,Yes,No,Fiber optic,Yes,Yes,Month-to-month,No,Electronic check,67.47,1155.72,Yes
CUST-00291,Female,0,No,Yes,33,No,No phone service,Fiber optic,Yes,Yes,Month-to-month,No,Electronic check,45.84,1540.36,No
CUST-00292,Male,0,No,No,9,Yes,Yes,Fiber optic,No,No,One year,Yes,Mailed check,101.86,877.95,No
CUST-00293,Male,0,Yes,No,43,Yes,No,No,No internet service,No internet service,Two year,Yes,Credit card (automatic),109.96,4623.98,No
CUST-00294,Male,0,Yes,Yes,48,Yes,Yes,Fiber optic,Yes,No,One year,No,Credit card (automatic),98.19,4752.93,No
CUST-00295,Female,0,No,Yes,39,Yes,Yes,DSL,No,Yes,Month-to-month,Yes,Bank transfer (automatic),39.54,1452.29,No
CUST-00296,Male,0,No,Yes,42,Yes,Yes,DSL,No,Yes,Two year,Yes,Credit card (automatic),28.67,1260.22,No
CUST-00297,Male,0,Yes,No,26,Yes,Yes,No,No internet service,No internet service,Month-to-month,Yes,Electronic check,80.54,2131.58,Yes
CUST-00298,Male,0,No,No,50,No,No phone service,Fiber optic,Yes,Yes,One year,Yes,Mailed check,25.71,1243.02,No
CUST-00299,Female,0,Yes,No,25,No,No phone service,DSL,Yes,No,Two year,Yes,Mailed check,87.28,2160.2,No
CUST-00300,Female,0,No,No,24,Yes,No,Fiber optic,Yes,No,Month-to-month,No,Mailed check,73.04,1752.38,No
CUST-00301,Female,1,Yes,No,13,Yes,Yes,DSL,Yes,No,Two year,No,Electronic check,86.28,1075.53,No
CUST-00302,Female,0,No,Yes,60,Yes,No,DSL,Yes,Yes,Two year,Yes,Bank transfer (automatic),79.02,4768.23,No
CUST-00303,Male,0,No,Yes,7,Yes,No,Fiber optic,Yes,Yes,Month-to-month,No,Bank transfer (automatic),62.27,467.32,Yes
CUST-00304,Male,0,No,No,57,Yes,Yes,No,No internet service,No internet service,Month-to-month,No,Credit card (automatic),40.09,2212.98,No
CUST-00305,Male,0,Yes,Yes,36,No,No phone service,Fiber optic,Yes,Yes,Month-to-month,Yes,Mailed check,50.57,1779.36,No
CUST-00306,Female,1,No,Yes,45,Yes,No,No,No internet service,No internet service,Month-to-month,No,Mailed check,72.45,3258.41,Yes
CUST-00307,Male,1,No,No,20,Yes,No,DSL,Yes,Yes,Two year,No,Mailed check,85.19,1760.83,No
CUST-00308,Female,0,No,Yes,65,Yes,Yes,Fiber optic,Yes,No,One year,Yes,Mailed check,97.95,6399.36,No
CUST-00309,Male,1,Yes,No,8,Yes,No,DSL,Yes,No,One year,Yes,Mailed check,96.72,657.21,No
CUST-00310,Male,0,No,No,16,Yes,No,DSL,No,Yes,Month-to-month,No,Credit card (automatic),117.27,1861.72,Yes
CUST-00311,Male,0,Yes,Yes,14,No,No phone service,Fiber optic,No,No,One year,No,Bank transfer (automatic),48.58,703.75,No
CUST-00312,Male,1,No,Yes,15,Yes,Yes,Fiber optic,No,No,Two year,Yes,Bank transfer (automatic),27.11,366.65,No
CUST-00313,Female,0,Yes,No,66,Yes,No,DSL,No,Yes,Month-to-month,No,Electronic check,54.57,3557.75,No
CUST-00314,Female,1,Yes,No,32,Yes,No,DSL,Yes,Yes,One year,No,Mailed check,94.33,2981.21,No
CUST-00315,Female,0,No,No,63,Yes,Yes,Fiber optic,Yes,Yes,Month-to-month,No,Bank transfer (automatic),63.81,4004.63,No
CUST-00316,Male,0,Yes,Yes,51,Yes,Yes,DSL,No,No,Month-to-month,Yes,Bank transfer (automatic),101.78,5141.83,No
CUST-00317,Female,1,No,No,25,Yes,Yes,Fiber optic,Yes,Yes,Month-to-month,No,Credit card (automatic),74.93,1906.25,Yes
CUST-00318,Male,0,No,No,58,No,No phone service,No,No internet service,No internet service,Month-to-month,No,Credit card (automatic),112.98,6509.8,No
CUST-00319,Male,0,No,No,63,Yes,No,No,No internet service,No internet service,Month-to-month,No,Electronic check,114.79,7179.96,No
CUST-00320,Male,0,No,No,62,Yes,Yes,DSL,No,Yes,One year,Yes,Electronic check,26.93,1649.73,No
CUST-00321,Male,0,Yes,Yes,22,Yes,No,No,No internet service,No internet service,Two year,Yes,Bank transfer (automatic),65.64,1518.03,No
CUST-00322,Male,1,Yes,No,58,No,No phone service,Fiber optic,Yes,No,Month-to-month,No,Electronic check,80.97,4722.52,No
CUST-00323,Female,0,Yes,Yes,58,Yes,No,DSL,No,Yes,Month-to-month,Yes,Bank transfer (automatic),45.59,2673.66,No
CUST-00324,Female,0,Yes,No,49,Yes,Yes,Fiber optic,Yes,No,Month-to-month,Yes,Credit card (automatic),60.71,2989.1,Yes
CUST-00325,Male,0,Yes,No,52,Yes,No,No,No internet service,No internet service,Two year,Yes,Electronic check,87.77,4516.69,No
CUST-00326,Male,1,No,No,42,Yes,Yes,DSL,No,Yes,Month-to-month,No,Bank transfer (automatic),42.67,1760.14,No
CUST-00327,Female,0,No,No,70,Yes,No,DSL,Yes,Yes,Two year,No,Bank transfer (automatic),80.2,5573.5,No
CUST-00328,Male,0,Yes,Yes,15,No,No phone service,Fiber optic,No,Yes,Month-to-month,Yes,Credit card (automatic),89.74,1400.68,No
CUST-00329,Female,0,Yes,Yes,54,Yes,Yes,DSL,Yes,Yes,One year,Yes,Bank transfer (automatic),29.05,1583.47,No
CUST-00330,Male,0,No,Yes,60,Yes,Yes,DSL,Yes,Yes,Month-to-month,Yes,Mailed check,69.75,4101.63,No
CUST-00331,Female,0,Yes,No,8,Yes,No,Fiber optic,Yes,No,Month-to-month,Yes,Mailed check,46.31,443.11,Yes
CUST-00332,Male,0,Yes,No,53,Yes,Yes,Fiber optic,Yes,No,Month-to-month,No,Bank transfer (automatic),92.44,4882.72,No
CUST-00333,Female,0,Yes,Yes,60,Yes,No,Fiber optic,Yes,No,Two year,Yes,Electronic check,38.96,2370.27,No
CUST-00334,Male,0,Yes,Yes,5,Yes,No,Fiber optic,Yes,No,Month-to-month,No,Mailed check,109.22,598.72,No
CUST-00335,Male,0,No,Yes,68,Yes,No,Fiber optic,Yes,No,One year,Yes,Mailed check,63.09,4162.02,No
CUST-00336,Male,1,No,No,6,Yes,No,No,No internet service,No internet service,Two year,Yes,Mailed check,39.8,261.53,No
CUST-00337,Male,0,Yes,No,47,Yes,No,Fiber optic,Yes,Yes,Month-to-month,Yes,Mailed check,63.8,2985.97,No
CUST-00338,Male,0,No,Yes,55,Yes,Yes,Fiber optic,Yes,Yes,Two year,No,Electronic check,60.87,3226.76,No
CUST-00339,Female,0,Yes,Yes,40,Yes,Yes,Fiber optic,Yes,Yes,Two year,Yes,Credit card (automatic),62.89,2458.97,No
CUST-00340,Male,1,No,Yes,52,Yes,No,No,No internet service,No internet service,Month-to-month,No,Electronic check,78.56,4062.39,No
CUST-00341,Male,0,Yes,No,16,Yes,Yes,Fiber optic,No,No,Month-to-month,Yes,Credit card (automatic),72.12,1196.2,No
CUST-00342,Male,0,No,No,13,No,No phone service,No,No internet service,No internet service,Two year,Yes,Mailed check,34.98,445.93,No
CUST-00343,Male,0,No,No,30,Yes,Yes,Fiber optic,No,No,Month-to-month,No,Mailed check,26.56,804.21,No
CUST-00344,Female,1,No,No,19,Yes,No,Fiber optic,Yes,No,Two year,Yes,Electronic check,92.94,1748.05,No
CUST-00345,Female,0,Yes,No,17,Yes,Yes,DSL,Yes,Yes,Two year,No,Electronic check,75.97,1345.89,No
CUST-00346,Female,0,No,Yes,63,Yes,No,No,No internet service,No internet service,Month-to-month,Yes,Credit card (automatic),55.9,3547.75,No
CUST-00347,Male,0,No,Yes,19,Yes,No,DSL,Yes,No,Month-to-month,No,Electronic check,100.84,1924.1,No
CUST-00348,Male,0,Yes,No,58,Yes,Yes,Fiber optic,No,Yes,One year,No,Bank transfer (automatic),58.81,3353.82,No
CUST-00349,Male,0,Yes,Yes,55,Yes,No,Fiber optic,Yes,Yes,Two year,No,Electronic check,99.6,5483.99,No
CUST-00350,Male,0,Yes,No,62,Yes,Yes,No,No internet service,No internet service,Month-to-month,No,Mailed check,50.58,3275.05,Yes
CUST-00351,Male,0,Yes,Yes,23,No,No phone service,Fiber optic,Yes,No,Two year,Yes,Electronic check,27.28,667.2,No
CUST-00352,Female,0,Yes,Yes,9,Yes,Yes,DSL,Yes,No,Month-to-month,No,Mailed check,113.26,982.37,No
CUST-00353,Female,0,No,Yes,12,Yes,Yes,No,No internet service,No internet service,Month-to-month,No,Bank transfer (automatic),59.46,806.14,No
CUST-00354,Female,1,Yes,No,1,Yes,No,Fiber optic,Yes,No,Month-to-month,No,Mailed check,99.27,60.1,Yes
CUST-00355,Male,0,Yes,Yes,58,Yes,No,DSL,Yes,Yes,Two year,Yes,Electronic check,47.91,2814.5,No
CUST-00356,Female,0,No,No,1,Yes,No,No,No internet service,No internet service,Month-to-month,No,Credit card (automatic),84.64,82.33,No
CUST-00357,Female,0,Yes,Yes,34,Yes,No,No,No internet service,No internet service,Month-to-month,Yes,Bank transfer (automatic),107.33,3658.33,No
CUST-00358,Male,0,Yes,Yes,48,Yes,No,Fiber optic,No,Yes,Month-to-month,Yes,Bank transfer (automatic),24.16,1170.62,No
CUST-00359,Female,0,No,Yes,1,No,No phone service,DSL,No,No,Two year,No,Electronic check,103.06,90.68,No
CUST-00360,Male,0,No,Yes,16,Yes,Yes,No,No internet service,No internet service,Month-to-month,No,Bank transfer (automatic),77.13,1214.61,No
CUST-00361,Male,0,Yes,Yes,61,Yes,No,DSL,No,Yes,One year,Yes,Mailed check,80.75,4859.91,No
CUST-00362,Male,0,Yes,Yes,64,Yes,No,Fiber optic,Yes,No,Month-to-month,Yes,Credit card (automatic),72.32,4572.23,No
CUST-00363,Male,0,No,No,63,Yes,Yes,Fiber optic,No,No,Month-to-month,No,Electronic check,107.45,6786.05,No
CUST-00364,Male,0,Yes,No,69,Yes,No,No,No internet service,No internet service,Two year,No,Bank transfer (automatic),24.34,1645.32,No
CUST-00365,Female,0,No,No,22,No,No phone service,No,No internet service,No internet service,Two year,Yes,Mailed check,46.1,968.7,No
CUST-00366,Male,0,No,No,67,Yes,Yes,No,No internet service,No internet service,Month-to-month,No,Mailed check,107.58,7349.23,No
CUST-00367,Male,0,No,No,26,Yes,No,DSL,Yes,Yes,Month-to-month,Yes,Bank transfer (automatic),95.23,2600.45,No
CUST-00368,Female,0,Yes,No,16,Yes,Yes,Fiber optic,No,Yes,Two year,No,Electronic check,21.76,377.2,No
CUST-00369,Male,0,Yes,Yes,51,No,No phone service,Fiber optic,Yes,Yes,One year,Yes,Mailed check,71.7,3692.78,No
CUST-00370,Male,0,Yes,Yes,57,Yes,Yes,DSL,Yes,No,Month-to-month,Yes,Bank transfer (automatic),72.96,4118.1,No
CUST-00371,Female,0,No,Yes,29,Yes,No,No,No internet service,No internet service,Two year,Yes,Electronic check,60.09,1683.35,No
CUST-00372,Female,0,Yes,No,69,Yes,No,DSL,No,No,Month-to-month,No,Electronic check,49.74,3415.04,No
CUST-00373,Male,0,Yes,No,47,Yes,No,Fiber optic,No,Yes,Month-to-month,Yes,Mailed check,88.17,4144.0,Yes
CUST-00374,Female,0,No,Yes,62,Yes,No,Fiber optic,Yes,Yes,Two year,Yes,Electronic check,40.78,2564.01,No
CUST-00375,Male,0,Yes,Yes,69,Yes,Yes,No,No internet service,No internet service,Month-to-month,No,Credit card (automatic),99.89,6800.89,No
CUST-00376,Female,0,Yes,Yes,16,Yes,No,Fiber optic,No,No,Month-to-month,No,Mailed check,100.3,1712.16,Yes
CUST-00377,Female,0,No,Yes,48,Yes,No,Fiber optic,Yes,Yes,Month-to-month,Yes,Electronic check,61.53,2965.84,Yes
CUST-00378,Male,0,No,No,39,Yes,No,Fiber optic,Yes,No,One year,No,Credit card (automatic),48.35,1808.12,No
CUST-00379,Male,0,No,Yes,33,Yes,Yes,Fiber optic,No,No,Two year,No,Credit card (automatic),48.39,1604.74,No
CUST-00380,Male,0,Yes,No,23,Yes,Yes,DSL,No,Yes,Month-to-month,No,Mailed check,68.23,1524.17,No
CUST-00381,Female,0,Yes,No,10,Yes,Yes,DSL,No,No,Month-to-month,No,Bank transfer (automatic),91.96,870.97,No
CUST-00382,Female,0,Yes,Yes,69,Yes,Yes,Fiber optic,Yes,No,Month-to-month,Yes,Electronic check,55.89,3803.29,No
CUST-00383,Female,0,No,No,34,Yes,No,DSL,No,No,Month-to-month,No,Credit card (automatic),81.0,2741.18,No
CUST-00384,Male,0,Yes,No,52,Yes,Yes,DSL,Yes,No,One year,Yes,Mailed check,58.25,3134.14,No
CUST-00385,Female,0,Yes,Yes,10,Yes,Yes,No,No internet service,No internet service,One year,Yes,Electronic check,50.45,509.13,No
CUST-00386,Male,1,Yes,No,19,Yes,No,DSL,Yes,Yes,Month-to-month,No,Bank transfer (automatic),22.49,462.0,No
CUST-00387,Male,0,No,No,58,Yes,Yes,DSL,No,Yes,Month-to-month,Yes,Electronic check,20.39,1229.55,No
CUST-00388,Female,0,Yes,Yes,1,Yes,Yes,Fiber optic,Yes,No,Two year,Yes,Bank transfer (automatic),42.72,35.48,No
CUST-00389,Female,0,No,Yes,69,Yes,No,Fiber optic,No,No,One year,No,Electronic check,60.64,4126.11,No
CUST-00390,Female,0,Yes,Yes,4,No,No phone service,Fiber optic,Yes,Yes,Month-to-month,Yes,Electronic check,105.13,340.58,Yes
CUST-00391,Female,0,No,Yes,16,No,No phone service,DSL,Yes,Yes,Month-to-month,Yes,Bank transfer (automatic),99.85,1578.23,No
CUST-00392,Female,0,No,Yes,24,Yes,Yes,Fiber optic,No,No,Month-to-month,No,Bank transfer (automatic),46.72,1178.48,No
CUST-00393,Male,1,Yes,No,2,Yes,No,DSL,No,No,One year,No,Mailed check,44.45,135.67,No
CUST-00394,Female,0,Yes,Yes,32,No,No phone service,Fiber optic,Yes,Yes,Month-to-month,No,Mailed check,42.73,1380.18,No
CUST-00395,Male,0,No,Yes,24,No,No phone service,Fiber optic,No,No,Two year,Yes,Bank transfer (automatic),53.92,1313.52,No
CUST-00396,Female,0,No,No,12,Yes,Yes,No,No internet service,No internet service,One year,No,Credit card (automatic),69.82,831.0,No
CUST-00397,Female,0,Yes,No,50,Yes,No,DSL,Yes,Yes,Month-to-month,Yes,Electronic check,63.87,3169.43,Yes
CUST-00398,Male,0,No,No,35,Yes,No,Fiber optic,Yes,No,Month-to-month,Yes,Bank transfer (automatic),41.83,1427.14,Yes
CUST-00399,Female,0,No,Yes,33,Yes,Yes,No,No internet service,No internet service,One year,No,Credit card (automatic),33.05,1017.08,No
CUST-00400,Female,0,No,Yes,33,Yes,No,No,No internet service,No internet service,Month-to-month,Yes,Credit card (automatic),21.26,791.44,No
CUST-00401,Male,1,Yes,Yes,61,Yes,No,No,No internet service,No internet service,One year,Yes,Mailed check,35.4,2167.96,No
CUST-00402,Male,0,No,No,51,Yes,No,DSL,No,Yes,One year,Yes,Mailed check,90.54,4595.42,No
CUST-00403,Female,0,Yes,Yes,43,Yes,No,Fiber optic,Yes,No,Month-to-month,Yes,Electronic check,44.36,1998.54,No
CUST-00404,Female,0,Yes,No,12,Yes,Yes,DSL,Yes,Yes,Month-to-month,Yes,Mailed check,66.86,902.92,No
CUST-00405,Female,0,Yes,No,67,Yes,No,No,No internet service,No internet service,One year,No,Electronic check,79.13,5438.97,No
CUST-00406,Male,0,No,No,65,Yes,No,DSL,No,Yes,Month-to-month,No,Bank transfer (automatic),108.68,7051.78,No
CUST-00407,Female,0,No,No,33,Yes,No,No,No internet service,No internet service,Two year,Yes,Electronic check,108.89,3598.63,No
CUST-00408,Female,0,No,No,40,Yes,Yes,Fiber optic,Yes,No,One year,No,Mailed check,94.57,3815.35,No
CUST-00409,Female,1,Yes,No,43,Yes,Yes,No,No internet service,No internet service,One year,Yes,Mailed check,23.52,1094.47,No
CUST-00410,Male,0,Yes,Yes,44,Yes,No,DSL,Yes,No,Month-to-month,Yes,Credit card (automatic),77.51,3413.54,No
CUST-00411,Female,0,Yes,No,29,Yes,No,Fiber optic,Yes,Yes,Two year,Yes,Mailed check,98.66,2811.97,No
CUST-00412,Male,0,Yes,Yes,13,Yes,Yes,DSL,Yes,No,One year,Yes,Credit card (automatic),21.73,244.82,No
CUST-00413,Male,0,Yes,No,12,Yes,No,Fiber optic,No,Yes,Month-to-month,Yes,Mailed check,74.97,958.51,Yes
CUST-00414,Male,0,Yes,No,46,Yes,Yes,No,No internet service,No internet service,One year,No,Credit card (automatic),105.78,4896.93,No
CUST-00415,Male,0,Yes,No,2,Yes,No,Fiber optic,No,Yes,Two year,No,Electronic check,67.41,126.17,No
CUST-00416,Male,0,Yes,No,35,Yes,Yes,Fiber optic,No,No,Month-to-month,No,Electronic check,20.41,702.42,No
CUST-00417,Female,0,No,No,8,Yes,No,DSL,Yes,Yes,Two year,Yes,Electronic check,21.1,160.16,No
CUST-00418,Male,0,No,No,26,Yes,No,Fiber optic,No,No,Month-to-month,No,Credit card (automatic),61.66,1665.11,No
CUST-00419,Female,0,No,No,34,Yes,Yes,Fiber optic,Yes,No,One year,Yes,Electronic check,35.5,1167.55,No
CUST-00420,Female,0,No,Yes,7,Yes,No,Fiber optic,Yes,Yes,Month-to-month,Yes,Bank transfer (automatic),86.45,544.48,No
CUST-00421,Male,0,Yes,No,68,Yes,Yes,DSL,No,No,Month-to-month,No,Electronic check,90.88,6270.68,No
CUST-00422,Male,0,No,Yes,58,Yes,No,Fiber optic,No,Yes,Month-to-month,Yes,Electronic check,37.79,2193.07,No
CUST-00423,Male,0,Yes,No,29,Yes,No,Fiber optic,Yes,No,One year,Yes,Credit card (automatic),108.85,3152.68,No
CUST-00424,Male,0,No,No,36,Yes,Yes,No,No internet service,No internet service,Two year,No,Electronic check,64.19,2344.39,No
CUST-00425,Female,0,Yes,Yes,21,Yes,Yes,Fiber optic,Yes,No,Two year,Yes,Mailed check,34.28,670.43,No
CUST-00426,Female,0,No,Yes,36,Yes,Yes,Fiber optic,No,No,Month-to-month,Yes,Credit card (automatic),96.43,3509.0,Yes
CUST-00427,Male,0,No,No,10,Yes,No,No,No internet service,No internet service,Two year,No,Electronic check,99.0,970.86,No
CUST-00428,Male,0,No,Yes,24,Yes,No,DSL,Yes,No,Two year,Yes,Bank transfer (automatic),83.93,2070.6,No
CUST-00429,Female,0,Yes,No,64,Yes,No,DSL,No,No,Month-to-month,Yes,Credit card (automatic),105.35,6665.71,No
CUST-00430,Female,0,No,Yes,49,Yes,No,No,No internet service,No internet service,Month-to-month,Yes,Electronic check,93.74,4615.79,No
CUST-00431,Male,0,No,Yes,36,Yes,No,Fiber optic,Yes,No,One year,No,Bank transfer (automatic),108.22,3884.36,No
CUST-00432,Female,0,No,Yes,24,Yes,No,DSL,Yes,Yes,Month-to-month,No,Credit card (automatic),63.39,1486.13,No
CUST-00433,Female,0,No,Yes,23,Yes,Yes,Fiber optic,Yes,No,One year,Yes,Mailed check,94.76,2218.05,Yes
CUST-00434,Female,0,No,Yes,62,Yes,No,Fiber optic,Yes,Yes,Month-to-month,Yes,Mailed check,119.98,7431.34,No
CUST-00435,Male,1,Yes,No,37,No,No phone service,Fiber optic,Yes,Yes,Month-to-month,Yes,Electronic check,92.49,3445.43,Yes
CUST-00436,Male,0,Yes,Yes,12,Yes,No,Fiber optic,No,No,Month-to-month,Yes,Bank transfer (automatic),31.42,440.33,No
CUST-00437,Female,0,No,Yes,55,Yes,Yes,Fiber optic,Yes,No,Month-to-month,Yes,Mailed check,71.83,3990.22,No
CUST-00438,Male,1,Yes,Yes,13,Yes,Yes,No,No internet service,No internet service,Month-to-month,Yes,Bank transfer (automatic),78.73,969.47,No
CUST-00439,Female,0,No,No,23,Yes,No,DSL,Yes,No,Month-to-month,No,Mailed check,37.42,833.57,No
CUST-00440,Female,0,No,No,30,Yes,Yes,Fiber optic,Yes,No,Month-to-month,Yes,Credit card (automatic),116.29,3511.66,Yes
CUST-00441,Male,1,No,Yes,17,Yes,No,Fiber optic,Yes,Yes,Month-to-month,Yes,Mailed check,37.56,678.21,No
CUST-00442,Male,0,No,No,62,Yes,Yes,DSL,Yes,No,Month-to-month,No,Bank transfer (automatic),37.76,2321.57,No
CUST-00443,Female,0,Yes,No,13,Yes,Yes,No,No internet service,No internet service,Month-to-month,No,Bank transfer (automatic),111.52,1459.65,No
CUST-00444,Male,0,No,No,59,Yes,Yes,Fiber optic,No,No,Month-to-month,No,Electronic check,66.52,3934.26,No
CUST-00445,Male,0,No,Yes,19,Yes,Yes,DSL,Yes,Yes,Month-to-month,Yes,Credit card (automatic),26.32,516.62,No
CUST-00446,Male,0,Yes,Yes,49,No,No phone service,Fiber optic,No,No,Month-to-month,Yes,Mailed check,79.82,3852.23,Yes
CUST-00447,Male,0,No,No,12,Yes,Yes,No,No internet service,No internet service,Month-to-month,Yes,Credit card (automatic),80.18,891.41,No
CUST-00448,Female,0,No,No,61,Yes,Yes,No,No internet service,No internet service,Month-to-month,Yes,Credit card (automatic),26.45,1500.49,Yes
CUST-00449,Female,0,Yes,Yes,19,Yes,No,Fiber optic,Yes,Yes,Month-to-month,Yes,Bank transfer (automatic),117.25,2233.03,Yes
CUST-00450,Male,0,Yes,Yes,9,Yes,No,Fiber optic,No,Yes,Two year,No,Electronic check,74.4,601.39,No
CUST-00451,Female,0,No,No,71,Yes,No,Fiber optic,Yes,Yes,Month-to-month,Yes,Credit card (automatic),75.98,5501.42,Yes
CUST-00452,Male,0,No,Yes,28,Yes,No,DSL,Yes,Yes,One year,Yes,Bank transfer (automatic),72.01,2048.99,No
CUST-00453,Male,0,No,No,52,Yes,Yes,Fiber optic,Yes,No,Month-to-month,No,Mailed check,81.07,4156.55,Yes
CUST-00454,Male,0,Yes,Yes,16,Yes,Yes,No,No internet service,No internet service,Two year,No,Bank transfer (automatic),46.43,799.64,No
CUST-00455,Female,0,No,Yes,69,Yes,No,Fiber optic,Yes,Yes,Month-to-month,Yes,Electronic check,48.72,3418.55,No
CUST-00456,Female,0,No,Yes,12,Yes,No,Fiber optic,Yes,No,Month-to-month,No,Bank transfer (automatic),71.13,914.5,Yes
CUST-00457,Female,0,No,Yes,25,Yes,Yes,No,No internet service,No internet service,Two year,No,Credit card (automatic),100.67,2476.35,No
CUST-00458,Male,0,No,No,52,Yes,No,DSL,Yes,No,Month-to-month,Yes,Bank transfer (automatic),24.99,1335.28,No
CUST-00459,Female,0,Yes,Yes,53,Yes,Yes,DSL,No,Yes,Month-to-month,Yes,Bank transfer (automatic),80.34,4319.8,Yes
CUST-00460,Female,0,Yes,Yes,23,Yes,No,DSL,Yes,No,One year,No,Bank transfer (automatic),100.68,2394.18,No
CUST-00461,Male,0,No,Yes,16,Yes,Yes,Fiber optic,Yes,Yes,Two year,No,Credit card (automatic),35.69,494.85,No
CUST-00462,Male,0,Yes,Yes,57,No,No phone service,No,No internet service,No internet service,Month-to-month,No,Electronic check,21.5,1214.62,No
CUST-00463,Male,0,No,Yes,39,Yes,No,Fiber optic,No,No,One year,No,Mailed check,51.27,1957.33,No
CUST-00464,Male,0,Yes,No,53,Yes,No,DSL,Yes,Yes,One year,No,Credit card (automatic),78.81,4270.14,No
CUST-00465,Female,0,Yes,No,42,No,No phone service,DSL,No,No,One year,Yes,Mailed check,33.83,1445.41,No
CUST-00466,Female,0,Yes,Yes,58,No,No phone service,No,No internet service,No internet service,Two year,No,Mailed check,62.61,3675.94,No
CUST-00467,Male,0,No,No,39,Yes,No,Fiber optic,No,No,Month-to-month,No,Credit card (automatic),75.23,2957.79,Yes
CUST-00468,Male,0,No,Yes,14,No,No phone service,No,No internet service,No internet service,One year,No,Credit card (automatic),79.89,1137.22,No
CUST-00469,Male,1,Yes,No,5,Yes,Yes,No,No internet service,No internet service,Month-to-month,Yes,Credit card (automatic),47.44,194.04,No
CUST-00470,Male,0,No,Yes,35,Yes,No,Fiber optic,Yes,No,Month-to-month,Yes,Credit card (automatic),60.0,2077.67,No
CUST-00471,Female,0,Yes,Yes,18,Yes,Yes,Fiber optic,Yes,Yes,Month-to-month,No,Electronic check,97.83,1764.52,No
CUST-00472,Male,0,No,No,9,Yes,Yes,Fiber optic,No,No,Two year,No,Electronic check,114.12,994.65,No
CUST-00473,Male,0,Yes,Yes,58,Yes,Yes,Fiber optic,No,No,Month-to-month,Yes,Bank transfer (automatic),106.19,6117.36,Yes
CUST-00474,Female,0,Yes,Yes,17,Yes,No,DSL,No,No,One year,Yes,Mailed check,76.43,1289.03,No
CUST-00475,Male,1,No,Yes,7,Yes,Yes,DSL,Yes,Yes,Two year,Yes,Mailed check,61.03,396.95,No
CUST-00476,Male,1,No,Yes,46,Yes,No,Fiber optic,Yes,No,Month-to-month,No,Credit card (automatic),53.3,2454.29,Yes
CUST-00477,Male,1,Yes,Yes,13,Yes,Yes,No,No internet service,No internet service,Two year,No,Credit card (automatic),32.5,400.36,No
CUST-00478,Male,1,No,No,40,Yes,No,Fiber optic,No,No,Month-to-month,Yes,Mailed check,30.66,1192.16,No
CUST-00479,Male,0,Yes,No,42,No,No phone service,DSL,No,No,Two year,No,Credit card (automatic),88.84,3684.9,No
CUST-00480,Female,1,Yes,No,9,Yes,Yes,No,No internet service,No internet service,Two year,Yes,Electronic check,45.98,414.12,No
CUST-00481,Female,0,No,No,50,Yes,No,Fiber optic,No,No,One year,No,Bank transfer (automatic),45.47,2317.91,No
CUST-00482,Female,1,No,Yes,27,Yes,No,Fiber optic,No,No,One year,No,Bank transfer (automatic),119.82,3267.68,No
CUST-00483,Female,0,No,Yes,66,Yes,No,Fiber optic,Yes,No,Two year,Yes,Mailed check,38.79,2483.79,No
CUST-00484,Male,0,No,No,5,No,No phone service,No,No internet service,No internet service,Month-to-month,Yes,Electronic check,34.81,217.04,No
CUST-00485,Male,0,Yes,Yes,29,Yes,No,Fiber optic,Yes,Yes,Month-to-month,Yes,Electronic check,29.87,898.42,No
CUST-00486,Male,0,Yes,No,37,Yes,No,DSL,No,No,Two year,No,Credit card (automatic),77.98,2929.62,No
CUST-00487,Male,0,Yes,Yes,38,Yes,No,DSL,Yes,No,Month-to-month,Yes,Credit card (automatic),82.79,3200.2,No
CUST-00488,Male,0,No,Yes,8,No,No phone service,DSL,Yes,No,Two year,Yes,Credit card (automatic),56.52,415.78,No
CUST-00489,Male,0,No,No,65,No,No phone service,No,No internet service,No internet service,Month-to-month,Yes,Bank transfer (automatic),73.54,4765.11,No
CUST-00490,Female,0,Yes,No,17,Yes,No,Fiber optic,No,No,Month-to-month,Yes,Bank transfer (automatic),98.84,1769.8,Yes
CUST-00491,Male,0,No,No,71,Yes,No,No,No internet service,No internet service,Month-to-month,No,Electronic check,101.81,7315.06,No
CUST-00492,Male,0,No,No,45,Yes,No,DSL,No,No,Two year,Yes,Electronic check,115.79,5206.72,No
CUST-00493,Female,0,No,No,4,Yes,Yes,DSL,Yes,No,Month-to-month,No,Electronic check,102.43,439.88,Yes
CUST-00494,Female,0,Yes,No,36,Yes,No,Fiber optic,Yes,Yes,One year,Yes,Credit card (automatic),76.48,2787.81,No
CUST-00495,Male,1,Yes,No,70,Yes,Yes,DSL,No,No,One year,Yes,Bank transfer (automatic),37.97,2745.78,No
CUST-00496,Female,0,No,Yes,31,Yes,Yes,Fiber optic,Yes,Yes,Month-to-month,Yes,Credit card (automatic),29.98,946.64,Yes
CUST-00497,Female,0,Yes,No,19,No,No phone service,Fiber optic,No,Yes,Two year,No,Credit card (automatic),25.45,422.94,No
CUST-00498,Male,0,Yes,No,61,Yes,Yes,DSL,Yes,Yes,Month-to-month,No,Bank transfer (automatic),86.65,5261.85,No
CUST-00499,Male,1,Yes,No,54,No,No phone service,No,No internet service,No internet service,Two year,No,Credit card (automatic),100.75,5597.18,No
CUST-00500,Female,0,Yes,Yes,39,Yes,Yes,Fiber optic,No,No,Two year,Yes,Bank transfer (automatic),70.87,2701.0,No
CUST-00501,Female,0,Yes,Yes,19,Yes,Yes,Fiber optic,Yes,No,Month-to-month,Yes,Mailed check,25.47,486.44,No
CUST-00502,Female,0,No,Yes,39,Yes,Yes,Fiber optic,Yes,Yes,One year,Yes,Electronic check,73.55,2984.13,No
CUST-00503,Female,0,Yes,No,67,No,No phone service,Fiber optic,Yes,No,Two year,Yes,Mailed check,113.57,7569.2,No
CUST-00504,Female,1,No,Yes,45,Yes,Yes,DSL,No,Yes,Two year,Yes,Electronic check,79.76,3452.86,No
CUST-00505,Female,0,No,No,13,Yes,Yes,DSL,Yes,Yes,Month-to-month,Yes,Electronic check,100.94,1185.07,Yes
CUST-00506,Male,0,Yes,No,58,Yes,No,Fiber optic,No,Yes,One year,No,Mailed check,100.02,5761.45,No
CUST-00507,Male,0,Yes,Yes,20,Yes,No,DSL,No,Yes,Two year,No,Bank transfer (automatic),113.21,2176.05,No
CUST-00508,Female,0,Yes,No,61,Yes,No,No,No internet service,No internet service,Two year,No,Credit card (automatic),97.02,5970.08,No
CUST-00509,Female,0,Yes,Yes,39,Yes,No,DSL,No,No,Two year,Yes,Mailed check,94.77,3709.44,No
CUST-00510,Male,0,No,Yes,1,Yes,No,Fiber optic,No,Yes,Month-to-month,Yes,Electronic check,43.41,0.0,No
CUST-00511,Female,0,No,Yes,3,Yes,No,DSL,No,No,Month-to-month,Yes,Bank transfer (automatic),25.99,0.0,Yes
CUST-00512,Male,0,No,Yes,62,Yes,No,Fiber optic,Yes,Yes,Two year,No,Mailed check,71.76,4511.13,No
CUST-00513,Female,0,Yes,No,63,No,No phone service,DSL,No,Yes,One year,Yes,Bank transfer (automatic),32.44,2053.38,No
CUST-00514,Female,0,No,Yes,25,Yes,No,No,No internet service,No internet service,Month-to-month,Yes,Mailed check,116.22,2977.18,No
CUST-00515,Female,0,No,Yes,56,Yes,Yes,DSL,No,No,Two year,No,Mailed check,48.99,2799.39,No
CUST-00516,Female,0,Yes,No,33,Yes,No,No,No internet service,No internet service,One year,Yes,Bank transfer (automatic),105.29,3417.04,No
CUST-00517,Male,0,Yes,No,38,Yes,Yes,DSL,Yes,No,Month-to-month,No,Bank transfer (automatic),58.76,2276.98,No
CUST-00518,Male,0,Yes,Yes,6,Yes,No,Fiber optic,No,Yes,Month-to-month,Yes,Bank transfer (automatic),52.32,342.06,No
CUST-00519,Male,0,No,Yes,58,Yes,No,Fiber optic,No,No,Two year,Yes,Bank transfer (automatic),113.52,6486.07,No
CUST-00520,Male,1,Yes,Yes,44,No,No phone service,Fiber optic,No,Yes,Two year,Yes,Mailed check,56.33,2410.42,No
CUST-00521,Female,0,No,Yes,45,No,No phone service,Fiber optic,No,No,Month-to-month,No,Credit card (automatic),59.03,2778.23,No
CUST-00522,Male,0,Yes,No,32,Yes,No,No,No internet service,No internet service,Month-to-month,Yes,Bank transfer (automatic),30.61,933.14,No
CUST-00523,Male,1,No,Yes,45,Yes,Yes,Fiber optic,Yes,No,Month-to-month,No,Mailed check,87.04,3937.38,Yes
CUST-00524,Male,0,No,No,61,Yes,Yes,DSL,No,Yes,Two year,No,Bank transfer (automatic),48.88,2972.15,No
CUST-00525,Female,0,Yes,No,47,Yes,Yes,Fiber optic,Yes,No,Month-to-month,No,Credit card (automatic),78.56,3701.51,No
CUST-00526,Female,0,No,No,21,Yes,No,No,No internet service,No internet service,Month-to-month,Yes,Mailed check,79.14,1655.72,No
CUST-00527,Female,0,Yes,Yes,36,Yes,Yes,Fiber optic,No,Yes,One year,No,Credit card (automatic),91.92,3357.38,No
CUST-00528,Female,1,Yes,Yes,19,Yes,Yes,DSL,Yes,No,Month-to-month,No,Mailed check,94.52,1842.83,No
CUST-00529,Female,0,Yes,No,20,Yes,Yes,Fiber optic,Yes,No,Month-to-month,Yes,Mailed check,71.45,1434.9,No
CUST-00530,Male,0,No,Yes,57,Yes,No,Fiber optic,Yes,No,Month-to-month,Yes,Bank transfer (automatic),53.1,2981.48,No
CUST-00531,Male,0,No,No,18,Yes,No,DSL,Yes,No,Month-to-month,Yes,Credit card (automatic),103.75,1839.06,Yes
CUST-00532,Male,0,No,No,47,Yes,Yes,Fiber optic,No,Yes,Month-to-month,No,Electronic check,50.99,2317.73,No
CUST-00533,Male,0,Yes,Yes,49,Yes,Yes,DSL,No,Yes,Two year,Yes,Credit card (automatic),70.75,3450.03,Yes
CUST-00534,Female,0,No,Yes,14,Yes,Yes,DSL,Yes,No,Month-to-month,No,Electronic check,60.13,753.5,No
CUST-00535,Male,0,No,No,15,Yes,No,No,No internet service,No internet service,Two year,No,Credit card (automatic),105.51,1593.59,No
CUST-00536,Female,0,Yes,No,31,Yes,Yes,Fiber optic,Yes,No,Month-to-month,No,Bank transfer (automatic),63.19,1973.69,Yes
CUST-00537,Female,0,Yes,No,1,Yes,Yes,DSL,Yes,No,Month-to-month,Yes,Credit card (automatic),58.61,108.87,No
CUST-00538,Male,0,Yes,Yes,54,Yes,Yes,DSL,Yes,Yes,One year,Yes,Credit card (automatic),88.98,4743.92,No
CUST-00539,Male,0,Yes,Yes,3,Yes,Yes,DSL,No,No,One year,Yes,Electronic check,80.24,183.11,No
CUST-00540,Male,0,Yes,Yes,16,Yes,Yes,No,No internet service,No internet service,One year,Yes,Electronic check,30.72,567.76,No
CUST-00541,Male,0,Yes,No,57,Yes,Yes,Fiber optic,Yes,Yes,One year,Yes,Credit card (automatic),70.82,3968.3,No
CUST-00542,Male,0,Yes,Yes,12,Yes,No,DSL,Yes,No,Month-to-month,No,Bank transfer (automatic),93.55,1225.16,Yes
CUST-00543,Female,0,No,No,16,Yes,No,No,No internet service,No internet service,Month-to-month,Yes,Electronic check,119.21,1861.17,Yes
CUST-00544,Male,1,Yes,No,24,Yes,No,Fiber optic,Yes,No,Two year,Yes,Bank transfer (automatic),82.91,1943.99,No
CUST-00545,Female,0,Yes,Yes,28,Yes,Yes,Fiber optic,No,Yes,Month-to-month,Yes,Electronic check,57.03,1638.98,No
CUST-00546,Female,0,Yes,No,8,Yes,No,DSL,Yes,No,Month-to-month,No,Mailed check,42.62,368.43,No
CUST-00547,Male,0,Yes,No,36,Yes,No,Fiber optic,Yes,Yes,Two year,Yes,Mailed check,107.28,3944.16,No
CUST-00548,Female,0,Yes,No,8,Yes,Yes,No,No internet service,No internet service,Month-to-month,No,Mailed check,101.46,717.11,No
CUST-00549,Female,0,No,Yes,58,Yes,Yes,Fiber optic,Yes,Yes,Two year,No,Mailed check,43.39,2543.3,No
CUST-00550,Female,1,Yes,No,60,Yes,Yes,Fiber optic,No,No,Month-to-month,Yes,Mailed check,40.06,2401.3,No
CUST-00551,Female,0,No,No,50,Yes,Yes,DSL,Yes,No,Two year,Yes,Mailed check,91.51,4521.66,No
CUST-00552,Female,0,No,Yes,28,Yes,No,No,No internet service,No internet service,Month-to-month,No,Bank transfer (automatic),51.5,1536.07,No
CUST-00553,Male,0,Yes,No,41,Yes,Yes,No,No internet service,No internet service,Month-to-month,Yes,Bank transfer (automatic),50.64,2088.01,Yes
CUST-00554,Male,0,Yes,Yes,64,Yes,No,Fiber optic,Yes,Yes,Month-to-month,No,Electronic check,35.23,2251.58,No
CUST-00555,Male,1,Yes,Yes,27,Yes,Yes,Fiber optic,Yes,Yes,One year,No,Credit card (automatic),46.4,1275.5,Yes
CUST-00556,Female,0,No,No,63,Yes,Yes,Fiber optic,No,No,Month-to-month,Yes,Credit card (automatic),62.75,3866.83,No
CUST-00557,Female,1,Yes,No,17,Yes,No,No,No internet service,No internet service,Two year,No,Credit card (automatic),93.28,1523.33,No
CUST-00558,Male,1,No,Yes,33,Yes,No,Fiber optic,Yes,Yes,Month-to-month,Yes,Credit card (automatic),53.63,1753.16,Yes
CUST-00559,Female,0,No,No,29,No,No phone service,DSL,No,Yes,Month-to-month,No,Mailed check,52.86,1548.76,No
CUST-00560,Female,0,Yes,No,13,Yes,No,DSL,Yes,Yes,Month-to-month,No,Credit card (automatic),48.49,694.1,No
CUST-00561,Female,0,Yes,No,46,Yes,No,No,No internet service,No internet service,Month-to-month,No,Mailed check,67.83,3075.93,No
CUST-00562,Female,1,No,No,35,Yes,Yes,No,No internet service,No internet service,Month-to-month,Yes,Credit card (automatic),38.06,1276.44,No
CUST-00563,Female,0,No,Yes,6,Yes,Yes,Fiber optic,Yes,Yes,Month-to-month,No,Electronic check,68.56,436.43,No
CUST-00564,Male,0,Yes,Yes,69,No,No phone service,DSL,No,No,Month-to-month,No,Bank transfer (automatic),90.42,6232.19,No
CUST-00565,Male,0,Yes,No,47,Yes,Yes,Fiber optic,Yes,No,Month-to-month,Yes,Mailed check,22.98,984.0,No
CUST-00566,Female,0,No,Yes,25,Yes,Yes,Fiber optic,No,Yes,Month-to-month,No,Bank transfer (automatic),20.98,478.58,No
CUST-00567,Male,1,No,Yes,66,Yes,Yes,DSL,No,Yes,Month-to-month,No,Credit card (automatic),27.51,1806.57,No
CUST-00568,Male,0,Yes,Yes,10,Yes,Yes,No,No internet service,No internet service,Two year,Yes,Bank transfer (automatic),73.57,727.99,No
CUST-00569,Female,0,No,No,56,No,No phone service,Fiber optic,Yes,Yes,Month-to-month,Yes,Credit card (automatic),105.45,5909.69,Yes
CUST-00570,Male,0,Yes,Yes,30,No,No phone service,Fiber optic,No,Yes,Two year,No,Bank transfer (automatic),20.49,549.68,No
CUST-00571,Male,0,Yes,Yes,5,Yes,No,Fiber optic,No,Yes,Month-to-month,Yes,Bank transfer (automatic),113.67,561.8,No
CUST-00572,Female,0,Yes,Yes,33,Yes,No,Fiber optic,Yes,No,Month-to-month,No,Credit card (automatic),30.63,1058.14,No
CUST-00573,Male,0,No,Yes,65,No,No phone service,DSL,No,Yes,Month-to-month,No,Credit card (automatic),104.2,6628.62,No
CUST-00574,Female,0,No,Yes,18,Yes,No,Fiber optic,No,No,Two year,Yes,Mailed check,68.29,1215.1,No
CUST-00575,Male,0,No,No,49,Yes,No,DSL,Yes,Yes,Two year,Yes,Bank transfer (automatic),85.94,4127.96,No
CUST-00576,Male,0,Yes,No,11,Yes,No,No,No internet service,No internet service,Month-to-month,No,Mailed check,71.07,780.16,No
CUST-00577,Male,0,Yes,Yes,26,Yes,Yes,No,No internet service,No internet service,Month-to-month,No,Credit card (automatic),67.7,1684.96,No
CUST-00578,Male,0,Yes,No,63,Yes,Yes,DSL,Yes,Yes,Two year,Yes,Credit card (automatic),103.49,6526.57,No
CUST-00579,Female,1,No,Yes,59,Yes,No,DSL,No,Yes,Two year,No,Electronic check,95.59,5721.14,No
CUST-00580,Female,0,Yes,No,27,Yes,No,Fiber optic,No,Yes,One year,Yes,Electronic check,68.34,1796.21,No
CUST-00581,Male,0,Yes,No,49,Yes,No,Fiber optic,No,Yes,Two year,Yes,Electronic check,31.16,1485.12,No
CUST-00582,Female,1,Yes,No,33,Yes,No,No,No internet service,No internet service,Two year,No,Credit card (automatic),31.54,1017.33,No
CUST-00583,Female,0,No,No,1,Yes,No,Fiber optic,Yes,No,One year,No,Bank transfer (automatic),100.15,116.08,No
CUST-00584,Male,1,No,No,21,Yes,No,No,No internet service,No internet service,Month-to-month,Yes,Credit card (automatic),72.94,1480.79,No
CUST-00585,Male,1,No,No,55,Yes,Yes,DSL,No,No,Month-to-month,No,Credit card (automatic),68.16,3729.79,No
CUST-00586,Female,0,No,No,6,Yes,Yes,Fiber optic,No,Yes,Month-to-month,Yes,Electronic check,88.06,494.89,No
CUST-00587,Female,0,No,Yes,69,Yes,Yes,Fiber optic,No,No,Month-to-month,Yes,Bank transfer (automatic),105.88,7282.39,Yes
CUST-00588,Female,0,No,Yes,5,Yes,Yes,Fiber optic,Yes,No,Month-to-month,Yes,Mailed check,82.89,430.97,Yes
CUST-00589,Female,0,No,Yes,3,Yes,Yes,No,No internet service,No internet service,Month-to-month,No,Electronic check,96.28,316.39,No
CUST-00590,Male,1,Yes,Yes,53,Yes,No,No,No internet service,No internet service,Month-to-month,Yes,Credit card (automatic),96.53,5042.25,No
CUST-00591,Female,1,Yes,Yes,23,Yes,Yes,No,No internet service,No internet service,One year,No,Credit card (automatic),55.63,1295.82,No
CUST-00592,Female,0,Yes,No,53,Yes,No,Fiber optic,No,Yes,Month-to-month,Yes,Bank transfer (automatic),47.41,2670.02,Yes
CUST-00593,Female,0,Yes,No,37,Yes,Yes,Fiber optic,No,Yes,Two year,No,Mailed check,100.12,3781.65,No
CUST-00594,Male,0,No,No,17,Yes,Yes,DSL,No,Yes,Month-to-month,Yes,Bank transfer (automatic),57.72,949.15,Yes
CUST-00595,Female,0,No,Yes,1,No,No phone service,DSL,Yes,No,Two year,Yes,Bank transfer (automatic),110.33,116.93,No
CUST-00596,Female,0,Yes,No,51,Yes,No,Fiber optic,Yes,Yes,One year,No,Mailed check,26.97,1373.79,No
CUST-00597,Male,1,Yes,No,45,Yes,Yes,DSL,Yes,No,Month-to-month,No,Mailed check,25.82,1184.87,No
CUST-00598,Male,0,No,Yes,4,Yes,Yes,DSL,No,No,Two year,Yes,Electronic check,112.7,429.69,No
CUST-00599,Female,0,No,Yes,62,Yes,No,Fiber optic,Yes,No,Month-to-month,No,Bank transfer (automatic),84.85,5247.24,No
CUST-00600,Male,0,No,No,65,Yes,Yes,DSL,No,No,Month-to-month,Yes,Electronic check,57.96,3730.86,No
CUST-00601,Female,0,Yes,No,32,Yes,No,Fiber optic,No,No,Month-to-month,No,Bank transfer (automatic),95.51,3111.09,Yes
CUST-00602,Female,0,No,No,34,Yes,Yes,Fiber optic,Yes,Yes,One year,No,Bank transfer (automatic),87.23,2981.37,No
CUST-00603,Male,0,Yes,No,39,Yes,No,Fiber optic,No,Yes,Two year,No,Electronic check,73.12,2867.61,No
CUST-00604,Male,0,No,Yes,26,Yes,No,Fiber optic,No,No,Two year,Yes,Electronic check,29.89,838.06,No
CUST-00605,Male,0,No,Yes,34,No,No phone service,Fiber optic,No,Yes,Two year,Yes,Bank transfer (automatic),101.22,3503.14,No
CUST-00606,Female,0,Yes,Yes,54,Yes,Yes,Fiber optic,Yes,Yes,One year,Yes,Credit card (automatic),106.6,5808.62,No
CUST-00607,Male,0,No,No,3,Yes,No,DSL,No,Yes,Month-to-month,No,Mailed check,37.22,171.82,No
CUST-00608,Female,0,Yes,No,50,No,No phone service,Fiber optic,No,No,Month-to-month,No,Bank transfer (automatic),105.05,5330.63,No
CUST-00609,Male,1,No,Yes,12,Yes,Yes,Fiber optic,Yes,No,Month-to-month,Yes,Electronic check,107.78,1245.03,No
CUST-00610,Female,0,No,No,65,Yes,Yes,DSL,No,Yes,Two year,No,Credit card (automatic),74.94,4856.17,No
CUST-00611,Female,0,Yes,No,54,Yes,No,Fiber optic,Yes,No,Two year,Yes,Bank transfer (automatic),85.62,4658.93,No
CUST-00612,Male,0,No,Yes,5,Yes,Yes,No,No internet service,No internet service,Two year,No,Bank transfer (automatic),58.22,246.82,No
CUST-00613,Male,0,No,Yes,57,Yes,No,Fiber optic,Yes,Yes,Two year,No,Credit card (automatic),48.18,2728.1,No
CUST-00614,Female,0,No,No,17,Yes,No,DSL,Yes,Yes,Month-to-month,No,Mailed check,92.2,1577.12,Yes
CUST-00615,Male,0,No,Yes,47,Yes,Yes,DSL,Yes,Yes,Month-to-month,No,Mailed check,106.19,4979.42,No
CUST-00616,Male,0,No,No,23,Yes,No,DSL,No,Yes,Two year,Yes,Mailed check,85.41,1967.73,No
CUST-00617,Male,0,No,No,14,Yes,No,DSL,No,No,Two year,Yes,Electronic check,71.16,938.97,No
CUST-00618,Male,0,No,No,66,Yes,No,DSL,No,Yes,Month-to-month,No,Mailed check,35.89,2366.85,Yes
CUST-00619,Male,0,No,No,51,Yes,Yes,Fiber optic,No,No,Two year,Yes,Credit card (automatic),25.35,1299.55,No
CUST-00620,Male,1,No,No,38,Yes,No,Fiber optic,Yes,Yes,Month-to-month,Yes,Credit card (automatic),64.57,2534.41,Yes
CUST-00621,Male,1,Yes,No,64,No,No phone service,Fiber optic,Yes,Yes,One year,Yes,Bank transfer (automatic),24.93,1582.09,No
CUST-00622,Female,0,No,Yes,38,Yes,Yes,Fiber optic,Yes,No,Two year,Yes,Mailed check,76.93,2890.83,No
CUST-00623,Male,0,No,Yes,50,Yes,No,DSL,No,Yes,Two year,No,Electronic check,58.27,2949.15,No
CUST-00624,Female,0,No,No,30,Yes,No,DSL,No,Yes,Two year,No,Credit card (automatic),95.72,2712.86,No
CUST-00625,Male,0,Yes,No,51,Yes,No,Fiber optic,Yes,Yes,Month-to-month,No,Electronic check,50.56,2562.69,No
CUST-00626,Female,0,Yes,No,63,Yes,Yes,Fiber optic,Yes,Yes,Month-to-month,Yes,Credit card (automatic),79.3,4970.21,No
CUST-00627,Female,0,Yes,Yes,52,Yes,No,DSL,Yes,Yes,Month-to-month,Yes,Credit card (automatic),73.77,3849.09,No
CUST-00628,Male,0,Yes,No,38,No,No phone service,DSL,Yes,Yes,One year,Yes,Credit card (automatic),20.47,840.17,No
CUST-00629,Male,0,Yes,Yes,30,Yes,Yes,DSL,Yes,Yes,Month-to-month,No,Electronic check,27.24,894.76,Yes
CUST-00630,Male,0,Yes,Yes,51,Yes,No,Fiber optic,Yes,No,Month-to-month,Yes,Credit card (automatic),49.04,2513.39,No
CUST-00631,Male,1,No,No,5,Yes,No,Fiber optic,Yes,Yes,Month-to-month,No,Credit card (automatic),108.22,463.52,Yes
CUST-00632,Female,0,Yes,Yes,29,Yes,No,Fiber optic,Yes,No,Month-to-month,Yes,Credit card (automatic),34.7,980.59,No
CUST-00633,Female,1,No,Yes,4,Yes,No,No,No internet service,No internet service,Two year,Yes,Electronic check,91.09,344.13,No
CUST-00634,Male,1,No,Yes,10,No,No phone service,No,No internet service,No internet service,Month-to-month,No,Credit card (automatic),117.34,1191.76,No
CUST-00635,Female,0,No,No,56,Yes,Yes,DSL,Yes,No,Two year,No,Credit card (automatic),99.06,5550.17,No
CUST-00636,Male,0,Yes,Yes,17,Yes,Yes,Fiber optic,No,No,Month-to-month,No,Mailed check,44.29,718.52,No
CUST-00637,Female,0,No,No,17,Yes,No,DSL,No,Yes,Two year,Yes,Credit card (automatic),110.84,1821.7,No
CUST-00638,Male,0,No,Yes,69,Yes,No,Fiber optic,No,Yes,One year,Yes,Bank transfer (automatic),29.31,1978.96,No
CUST-00639,Female,0,Yes,Yes,34,Yes,No,Fiber optic,No,No,One year,Yes,Bank transfer (automatic),66.81,2226.27,No
CUST-00640,Male,0,Yes,Yes,6,No,No phone service,Fiber optic,No,No,Month-to-month,Yes,Credit card (automatic),108.75,733.58,No
CUST-00641,Female,0,No,Yes,53,No,No phone service,DSL,Yes,Yes,Two year,No,Credit card (automatic),84.13,4420.41,No
CUST-00642,Male,0,Yes,Yes,66,Yes,Yes,Fiber optic,Yes,No,Month-to-month,Yes,Bank transfer (automatic),61.36,4052.77,Yes
CUST-00643,Male,0,Yes,No,43,Yes,No,No,No internet service,No internet service,Month-to-month,Yes,Bank transfer (automatic),49.28,2167.46,No
CUST-00644,Female,0,No,No,23,Yes,Yes,DSL,No,Yes,Month-to-month,Yes,Electronic check,57.51,1332.47,No
CUST-00645,Female,0,No,Yes,55,Yes,Yes,Fiber optic,Yes,No,Month-to-month,Yes,Bank transfer (automatic),70.89,3844.65,Yes
CUST-00646,Female,0,No,Yes,16,Yes,Yes,No,No internet service,No internet service,One year,Yes,Electronic check,51.9,879.65,No
CUST-00647,Female,0,No,Yes,8,Yes,Yes,DSL,Yes,No,One year,Yes,Bank transfer (automatic),116.9,952.91,No
CUST-00648,Female,1,No,Yes,4,Yes,Yes,DSL,No,No,Month-to-month,No,Credit card (automatic),113.31,343.97,Yes
CUST-00649,Male,0,No,No,4,Yes,No,Fiber optic,Yes,Yes,Month-to-month,No,Credit card (automatic),107.07,490.57,Yes
CUST-00650,Female,0,No,No,56,Yes,No,DSL,No,Yes,One year,Yes,Bank transfer (automatic),62.18,3525.75,No
CUST-00651,Female,0,No,Yes,25,Yes,Yes,No,No internet service,No internet service,Month-to-month,No,Bank transfer (automatic),89.13,2245.18,No
CUST-00652,Female,0,Yes,No,67,No,No phone service,Fiber optic,No,Yes,Two year,No,Bank transfer (automatic),110.28,7470.5,Yes
CUST-00653,Female,0,Yes,Yes,67,Yes,Yes,Fiber optic,No,No,Two year,No,Bank transfer (automatic),105.04,7080.2,No
CUST-00654,Male,0,Yes,Yes,27,No,No phone service,DSL,No,Yes,Two year,No,Credit card (automatic),61.43,1715.01,No
CUST-00655,Male,1,Yes,No,32,Yes,No,DSL,Yes,Yes,Month-to-month,Yes,Electronic check,31.24,1051.5,Yes
CUST-00656,Male,0,Yes,No,50,Yes,Yes,Fiber optic,No,Yes,One year,No,Mailed check,27.56,1415.85,No
CUST-00657,Male,0,No,Yes,61,No,No phone service,Fiber optic,No,Yes,Month-to-month,No,Mailed check,77.71,4650.77,No
CUST-00658,Female,0,Yes,Yes,51,Yes,Yes,Fiber optic,Yes,Yes,Month-to-month,Yes,Electronic check,84.26,4213.69,No
CUST-00659,Male,0,Yes,Yes,19,Yes,No,No,No internet service,No internet service,Month-to-month,Yes,Bank transfer (automatic),104.98,2037.16,Yes
CUST-00660,Male,0,No,No,21,Yes,Yes,Fiber optic,No,No,One year,No,Electronic check,49.25,1095.83,No
CUST-00661,Female,0,Yes,Yes,5,Yes,Yes,DSL,Yes,Yes,Two year,No,Credit card (automatic),36.75,148.49,No
CUST-00662,Female,0,No,No,42,No,No phone service,No,No internet service,No internet service,Month-to-month,No,Electronic check,57.9,2376.11,Yes
CUST-00663,Female,0,Yes,Yes,61,Yes,Yes,Fiber optic,No,No,Month-to-month,Yes,Mailed check,55.36,3390.09,No
CUST-00664,Female,0,Yes,No,22,Yes,Yes,No,No internet service,No internet service,Month-to-month,No,Electronic check,33.25,658.9,No
CUST-00665,Female,0,No,No,21,Yes,Yes,DSL,No,No,Month-to-month,Yes,Bank transfer (automatic),87.23,1823.39,Yes
CUST-00666,Female,0,Yes,No,70,Yes,No,DSL,No,No,One year,No,Electronic check,70.87,4943.14,No
CUST-00667,Male,0,Yes,Yes,1,Yes,No,Fiber optic,Yes,Yes,Two year,No,Mailed check,92.11,80.89,No
CUST-00668,Male,0,Yes,Yes,5,Yes,Yes,Fiber optic,Yes,Yes,Two year,Yes,Bank transfer (automatic),55.27,370.57,No
CUST-00669,Female,0,No,Yes,12,Yes,No,No,No internet service,No internet service,Two year,Yes,Credit card (automatic),52.57,599.14,No
CUST-00670,Male,1,No,No,46,Yes,Yes,DSL,No,No,Month-to-month,No,Mailed check,67.26,3096.63,Yes
CUST-00671,Female,0,No,No,34,Yes,No,DSL,Yes,No,Month-to-month,No,Bank transfer (automatic),107.74,3597.55,No
CUST-00672,Female,0,No,No,49,Yes,Yes,Fiber optic,No,No,Two year,Yes,Bank transfer (automatic),24.03,1224.49,No
CUST-00673,Male,0,No,No,45,No,No phone service,DSL,Yes,Yes,Month-to-month,Yes,Credit card (automatic),100.48,4512.62,No
CUST-00674,Male,0,Yes,No,27,Yes,No,DSL,No,No,One year,No,Mailed check,56.9,1595.22,No
CUST-00675,Male,0,Yes,No,26,Yes,No,DSL,Yes,No,Two year,No,Mailed check,105.46,2619.1,No
CUST-00676,Male,0,No,No,47,Yes,Yes,DSL,Yes,Yes,One year,Yes,Electronic check,100.22,4707.43,No
CUST-00677,Male,1,No,Yes,56,Yes,Yes,Fiber optic,Yes,No,Month-to-month,No,Electronic check,54.88,3079.89,No
CUST-00678,Female,0,Yes,No,63,Yes,Yes,No,No internet service,No internet service,Month-to-month,Yes,Bank transfer (automatic),89.39,5677.15,No
CUST-00679,Male,0,No,No,48,Yes,No,Fiber optic,Yes,Yes,Month-to-month,No,Bank transfer (automatic),35.96,1693.98,Yes
CUST-00680,Male,0,Yes,No,61,Yes,No,Fiber optic,No,No,Two year,Yes,Bank transfer (automatic),109.63,6726.77,No
CUST-00681,Female,0,No,No,26,Yes,No,Fiber optic,Yes,No,Two year,No,Bank transfer (automatic),60.45,1545.33,No
CUST-00682,Male,0,No,No,36,No,No phone service,Fiber optic,Yes,Yes,One year,No,Credit card (automatic),65.56,2364.85,No
CUST-00683,Male,1,Yes,Yes,1,Yes,No,No,No internet service,No internet service,Month-to-month,Yes,Electronic check,90.58,136.68,No
CUST-00684,Male,0,Yes,No,8,Yes,No,Fiber optic,No,Yes,Month-to-month,No,Credit card (automatic),102.08,770.15,No
CUST-00685,Male,0,No,No,52,Yes,Yes,DSL,No,Yes,Two year,No,Credit card (automatic),43.63,2305.79,No
CUST-00686,Male,0,No,No,47,Yes,No,No,No internet service,No internet service,Month-to-month,Yes,Electronic check,86.14,4065.33,Yes
CUST-00687,Female,1,Yes,Yes,56,Yes,No,Fiber optic,Yes,Yes,Month-to-month,Yes,Mailed check,59.2,3298.52,Yes
CUST-00688,Male,1,Yes,No,14,Yes,Yes,DSL,Yes,No,Two year,Yes,Electronic check,56.87,762.77,No
CUST-00689,Male,0,No,No,28,Yes,No,Fiber optic,Yes,Yes,One year,No,Credit card (automatic),89.0,2386.96,No
CUST-00690,Female,0,Yes,Yes,2,Yes,Yes,Fiber optic,Yes,Yes,Month-to-month,No,Bank transfer (automatic),58.72,113.43,No
CUST-00691,Male,0,No,No,26,Yes,No,DSL,No,No,Two year,No,Electronic check,54.61,1403.26,No
CUST-00692,Female,1,No,No,14,Yes,Yes,Fiber optic,No,No,Two year,No,Credit card (automatic),103.59,1482.22,No
CUST-00693,Female,0,No,Yes,59,Yes,Yes,Fiber optic,Yes,No,One year,Yes,Credit card (automatic),30.13,1804.57,No
CUST-00694,Female,0,No,Yes,56,Yes,Yes,No,No internet service,No internet service,Two year,No,Bank transfer (automatic),87.59,4958.55,No
CUST-00695,Male,1,No,Yes,7,Yes,Yes,No,No internet service,No internet service,Month-to-month,Yes,Mailed check,44.87,369.43,No
CUST-00696,Male,0,No,No,3,Yes,No,DSL,Yes,No,One year,Yes,Credit card (automatic),21.55,222.43,No
CUST-00697,Male,0,No,No,23,Yes,Yes,Fiber optic,Yes,Yes,Two year,Yes,Credit card (automatic),36.68,869.32,No
CUST-00698,Male,0,Yes,No,18,Yes,Yes,No,No internet service,No internet service,One year,Yes,Mailed check,80.67,1409.04,No
CUST-00699,Female,0,Yes,No,38,Yes,Yes,Fiber optic,Yes,Yes,One year,Yes,Credit card (automatic),90.91,3495.89,No
CUST-00700,Female,0,No,No,15,Yes,No,Fiber optic,No,Yes,One year,Yes,Electronic check,22.11,411.95,No
CUST-00701,Female,0,Yes,Yes,64,Yes,Yes,DSL,Yes,Yes,Month-to-month,No,Electronic check,23.64,1536.7,No
CUST-00702,Male,0,No,No,28,Yes,Yes,No,No internet service,No internet service,Month-to-month,No,Credit card (automatic),110.25,2980.79,No
CUST-00703,Female,0,No,Yes,39,Yes,No,Fiber optic,Yes,Yes,Two year,Yes,Credit card (automatic),27.33,1093.64,No
CUST-00704,Male,0,Yes,No,57,No,No phone service,DSL,No,Yes,Month-to-month,No,Mailed check,109.42,6205.45,No
CUST-00705,Female,1,Yes,Yes,17,No,No phone service,No,No internet service,No internet service,Two year,Yes,Bank transfer (automatic),42.82,661.84,No
CUST-00706,Female,0,No,Yes,44,Yes,No,No,No internet service,No internet service,Two year,No,Electronic check,94.0,4145.33,No
CUST-00707,Female,0,Yes,No,25,Yes,Yes,Fiber optic,Yes,Yes,Month-to-month,Yes,Mailed check,50.97,1197.96,No
CUST-00708,Male,0,No,Yes,17,Yes,Yes,Fiber optic,No,No,One year,Yes,Bank transfer (automatic),105.88,1851.12,No
CUST-00709,Female,0,Yes,No,13,Yes,No,Fiber optic,No,Yes,Month-to-month,No,Electronic check,90.05,1207.19,No
CUST-00710,Female,1,No,No,25,Yes,Yes,Fiber optic,No,Yes,Month-to-month,No,Electronic check,60.18,1500.17,No
CUST-00711,Male,0,No,Yes,68,Yes,No,Fiber optic,No,No,Two year,Yes,Credit card (automatic),27.63,1851.34,No
CUST-00712,Female,0,No,Yes,10,Yes,Yes,No,No internet service,No internet service,Month-to-month,No,Bank transfer (automatic),93.27,923.5,No
CUST-00713,Female,1,Yes,No,67,Yes,Yes,Fiber optic,No,No,Month-to-month,Yes,Credit card (automatic),81.69,5422.68,Yes
CUST-00714,Male,0,No,No,18,Yes,No,Fiber optic,Yes,No,Month-to-month,No,Mailed check,20.29,361.37,No
CUST-00715,Male,0,No,No,34,No,No phone service,DSL,No,Yes,Month-to-month,Yes,Bank transfer (automatic),20.94,569.74,No
CUST-00716,Male,1,Yes,No,8,Yes,No,DSL,Yes,Yes,Month-to-month,No,Bank transfer (automatic),100.88,811.48,No
CUST-00717,Male,0,Yes,Yes,40,Yes,Yes,Fiber optic,Yes,Yes,Month-to-month,Yes,Credit card (automatic),45.94,1843.31,No
CUST-00718,Female,0,No,No,42,Yes,Yes,No,No internet service,No internet service,Month-to-month,No,Electronic check,83.61,3553.88,Yes
CUST-00719,Female,0,Yes,Yes,41,Yes,No,Fiber optic,No,Yes,Month-to-month,No,Electronic check,65.42,2697.21,No
CUST-00720,Male,1,No,No,6,Yes,Yes,Fiber optic,Yes,No,Month-to-month,Yes,Credit card (automatic),106.34,686.91,Yes
CUST-00721,Female,0,No,No,52,Yes,No,Fiber optic,No,No,Month-to-month,No,Mailed check,111.7,5835.75,No
CUST-00722,Female,0,No,No,26,Yes,No,Fiber optic,Yes,Yes,One year,No,Credit card (automatic),119.68,3163.51,No
CUST-00723,Male,1,Yes,Yes,64,Yes,No,No,No internet service,No internet service,Month-to-month,Yes,Bank transfer (automatic),35.37,2394.75,No
CUST-00724,Female,0,Yes,Yes,59,Yes,No,No,No internet service,No internet service,One year,No,Electronic check,106.3,6292.7,No
CUST-00725,Female,0,Yes,Yes,56,Yes,No,DSL,No,Yes,Month-to-month,No,Mailed check,46.6,2618.8,No
CUST-00726,Female,0,No,No,59,Yes,No,No,No internet service,No internet service,Two year,Yes,Bank transfer (automatic),79.08,4725.07,No
CUST-00727,Male,0,No,No,70,Yes,No,Fiber optic,No,Yes,One year,Yes,Credit card (automatic),70.58,4917.19,No
CUST-00728,Female,0,No,Yes,33,Yes,No,No,No internet service,No internet service,Two year,No,Electronic check,21.8,713.44,No
CUST-00729,Female,1,Yes,No,53,Yes,No,No,No internet service,No internet service,Month-to-month,No,Mailed check,113.28,6024.89,No
CUST-00730,Female,0,Yes,Yes,22,Yes,No,Fiber optic,Yes,Yes,Month-to-month,Yes,Electronic check,27.83,615.88,No
CUST-00731,Male,0,No,Yes,21,Yes,Yes,Fiber optic,No,No,Month-to-month,No,Mailed check,88.82,1868.62,Yes
CUST-00732,Male,0,Yes,No,70,Yes,No,No,No internet service,No internet service,Two year,No,Credit card (automatic),98.5,6939.99,No
CUST-00733,Female,0,Yes,Yes,70,Yes,No,Fiber optic,No,Yes,One year,Yes,Mailed check,99.53,6882.3,No
CUST-00734,Female,0,Yes,No,4,No,No phone service,DSL,Yes,Yes,Month-to-month,Yes,Bank transfer (automatic),33.55,235.87,No
CUST-00735,Male,0,Yes,No,62,Yes,No,Fiber optic,No,Yes,Month-to-month,Yes,Electronic check,64.76,4039.42,No
CUST-00736,Male,0,No,Yes,62,Yes,No,Fiber optic,Yes,Yes,Month-to-month,Yes,Mailed check,102.94,6362.27,No
CUST-00737,Male,1,No,No,24,Yes,No,No,No internet service,No internet service,Month-to-month,Yes,Bank transfer (automatic),50.27,1287.88,No
CUST-00738,Male,0,No,Yes,55,Yes,No,DSL,No,No,Two year,Yes,Electronic check,66.77,3677.53,No
CUST-00739,Female,0,Yes,Yes,9,Yes,Yes,No,No internet service,No internet service,Month-to-month,Yes,Credit card (automatic),47.28,432.01,No
CUST-00740,Male,0,Yes,Yes,3,Yes,Yes,Fiber optic,No,Yes,Month-to-month,No,Bank transfer (automatic),66.36,188.34,No
CUST-00741,Male,0,Yes,No,31,Yes,No,Fiber optic,No,Yes,Month-to-month,Yes,Bank transfer (automatic),108.78,3445.56,No
CUST-00742,Male,1,No,Yes,40,Yes,No,No,No internet service,No internet service,One year,Yes,Electronic check,65.51,2619.93,No
CUST-00743,Male,0,Yes,No,36,Yes,No,DSL,No,No,Month-to-month,No,Credit card (automatic),75.59,2693.32,No
CUST-00744,Female,0,No,Yes,24,Yes,No,DSL,No,No,Month-to-month,Yes,Mailed check,60.4,1499.54,Yes
CUST-00745,Female,0,No,No,6,Yes,Yes,DSL,Yes,Yes,Month-to-month,Yes,Bank transfer (automatic),66.01,455.21,No
CUST-00746,Female,0,No,Yes,66,Yes,No,DSL,No,No,Two year,Yes,Electronic check,21.52,1500.65,No
CUST-00747,Female,0,Yes,Yes,4,Yes,No,Fiber optic,No,No,Month-to-month,Yes,Electronic check,48.37,225.16,No
CUST-00748,Male,0,No,No,6,Yes,Yes,DSL,No,No,Two year,No,Electronic check,63.66,439.27,No
CUST-00749,Female,0,No,Yes,51,Yes,Yes,No,No internet service,No internet service,Month-to-month,Yes,Mailed check,83.38,4239.42,Yes
CUST-00750,Female,0,Yes,Yes,62,Yes,Yes,No,No internet service,No internet service,Month-to-month,No,Electronic check,65.01,4081.91,No
CUST-00751,Male,0,No,No,57,Yes,No,Fiber optic,Yes,No,Month-to-month,No,Mailed check,53.78,3102.59,No
CUST-00752,Female,0,Yes,No,66,Yes,No,DSL,No,Yes,One year,Yes,Credit card (automatic),58.81,3907.98,No
CUST-00753,Female,0,No,Yes,8,Yes,Yes,Fiber optic,Yes,No,One year,Yes,Mailed check,44.23,275.98,No
CUST-00754,Female,0,Yes,Yes,26,Yes,No,No,No internet service,No internet service,Month-to-month,No,Electronic check,112.45,2904.29,No
CUST-00755,Male,0,No,No,51,Yes,No,Fiber optic,Yes,Yes,Two year,Yes,Electronic check,72.17,3678.38,No
CUST-00756,Male,0,No,Yes,45,Yes,Yes,DSL,Yes,No,Two year,Yes,Bank transfer (automatic),21.34,986.88,No
CUST-00757,Male,0,No,No,44,Yes,Yes,DSL,Yes,No,Month-to-month,No,Mailed check,21.94,1085.4,No
CUST-00758,Female,0,Yes,No,5,Yes,No,DSL,Yes,Yes,Two year,Yes,Bank transfer (automatic),117.3,629.46,No
CUST-00759,Male,0,Yes,Yes,70,Yes,No,DSL,No,No,Month-to-month,No,Mailed check,42.15,2910.0,No
CUST-00760,Male,1,Yes,No,26,Yes,Yes,Fiber optic,No,No,Two year,No,Electronic check,100.56,2590.55,No
CUST-00761,Female,1,No,No,68,Yes,No,No,No internet service,No internet service,Two year,Yes,Bank transfer (automatic),25.83,1825.93,No
CUST-00762,Male,0,Yes,Yes,19,Yes,No,DSL,Yes,Yes,Month-to-month,No,Bank transfer (automatic),112.12,2104.07,Yes
CUST-00763,Female,0,Yes,Yes,20,Yes,No,DSL,No,No,One year,No,Credit card (automatic),107.44,2199.74,Yes
CUST-00764,Female,0,Yes,Yes,12,Yes,No,No,No internet service,No internet service,Month-to-month,Yes,Credit card (automatic),77.11,931.18,No
CUST-00765,Male,0,Yes,Yes,47,Yes,No,No,No internet service,No internet service,Month-to-month,No,Electronic check,20.9,973.98,No
CUST-00766,Female,0,No,No,1,Yes,Yes,Fiber optic,No,No,Month-to-month,No,Electronic check,45.78,20.33,Yes
CUST-00767,Female,0,No,No,14,Yes,No,No,No internet service,No internet service,One year,No,Bank transfer (automatic),60.68,697.2,No
CUST-00768,Female,0,No,No,64,Yes,No,Fiber optic,No,No,Month-to-month,Yes,Credit card (automatic),66.01,4251.63,No
CUST-00769,Male,1,No,Yes,38,Yes,No,No,No internet service,No internet service,Month-to-month,Yes,Electronic check,49.77,1838.65,Yes
CUST-00770,Female,1,No,No,37,Yes,Yes,No,No internet service,No internet service,Two year,Yes,Electronic check,23.29,790.81,No
CUST-00771,Male,0,No,Yes,11,Yes,No,No,No internet service,No internet service,One year,Yes,Credit card (automatic),79.01,881.5,No
CUST-00772,Male,0,Yes,No,3,Yes,No,DSL,No,No,Month-to-month,Yes,Credit card (automatic),72.42,268.74,No
CUST-00773,Female,0,No,Yes,33,Yes,Yes,Fiber optic,No,No,One year,No,Mailed check,48.3,1509.06,No
CUST-00774,Female,0,Yes,Yes,6,Yes,No,DSL,Yes,Yes,Month-to-month,No,Electronic check,23.8,192.97,No
CUST-00775,Female,0,No,No,50,Yes,No,Fiber optic,No,No,Two year,No,Credit card (automatic),119.46,5927.84,No
CUST-00776,Female,0,Yes,Yes,10,Yes,No,DSL,No,Yes,One year,Yes,Mailed check,68.2,714.45,No
CUST-00777,Female,0,No,No,5,Yes,Yes,Fiber optic,No,No,One year,No,Credit card (automatic),95.6,506.95,Yes
CUST-00778,Male,0,No,No,23,Yes,Yes,DSL,No,Yes,Two year,No,Mailed check,65.23,1489.96,No
CUST-00779,Male,0,No,No,10,Yes,Yes,Fiber optic,No,No,Two year,Yes,Electronic check,24.32,244.69,No
CUST-00780,Female,1,No,No,44,Yes,No,Fiber optic,Yes,Yes,Month-to-month,Yes,Credit card (automatic),50.96,2222.43,No
CUST-00781,Male,0,Yes,Yes,2,Yes,No,DSL,No,Yes,Two year,Yes,Credit card (automatic),52.01,117.2,No
CUST-00782,Male,0,Yes,No,13,Yes,Yes,No,No internet service,No internet service,Two year,Yes,Electronic check,103.84,1362.66,No
CUST-00783,Male,0,No,No,40,Yes,Yes,DSL,Yes,No,Month-to-month,Yes,Bank transfer (automatic),85.42,3370.61,No
CUST-00784,Female,0,No,No,2,No,No phone service,DSL,Yes,No,Two year,Yes,Mailed check,47.54,27.19,No
CUST-00785,Male,1,Yes,Yes,65,Yes,Yes,Fiber optic,Yes,No,Month-to-month,Yes,Mailed check,116.77,7640.47,No
CUST-00786,Male,0,No,No,63,Yes,Yes,Fiber optic,No,No,Month-to-month,No,Credit card (automatic),52.15,3295.65,No
CUST-00787,Male,0,No,Yes,17,Yes,No,DSL,No,No,One year,No,Electronic check,119.82,2080.43,No
CUST-00788,Female,0,Yes,No,9,Yes,Yes,DSL,Yes,No,Month-to-month,No,Electronic check,119.62,1043.06,No
CUST-00789,Male,1,Yes,No,15,Yes,No,Fiber optic,Yes,Yes,Month-to-month,No,Bank transfer (automatic),39.12,545.58,Yes
CUST-00790,Female,0,Yes,No,24,Yes,No,No,No internet service,No internet service,Month-to-month,Yes,Electronic check,51.27,1179.89,No
CUST-00791,Male,0,Yes,No,38,Yes,Yes,DSL,No,No,Two year,Yes,Electronic check,68.6,2597.76,No
CUST-00792,Female,0,No,No,35,Yes,Yes,DSL,No,Yes,One year,No,Bank transfer (automatic),86.41,3035.97,No
CUST-00793,Male,0,No,Yes,49,Yes,No,Fiber optic,Yes,No,One year,No,Mailed check,72.8,3540.01,No
CUST-00794,Female,0,No,Yes,69,Yes,Yes,Fiber optic,No,No,One year,No,Electronic check,116.94,8147.1,No
CUST-00795,Male,0,No,No,62,Yes,Yes,DSL,Yes,No,Month-to-month,Yes,Electronic check,92.4,5696.69,No
CUST-00796,Female,0,Yes,No,60,Yes,Yes,DSL,Yes,No,Month-to-month,No,Mailed check,41.2,2484.44,No
CUST-00797,Female,0,No,No,50,Yes,Yes,Fiber optic,Yes,Yes,Month-to-month,No,Mailed check,30.51,1481.35,No
CUST-00798,Male,0,No,Yes,9,Yes,Yes,Fiber optic,No,Yes,Month-to-month,Yes,Bank transfer (automatic),88.84,765.9,Yes
CUST-00799,Male,1,Yes,No,34,Yes,Yes,DSL,No,No,Month-to-month,Yes,Mailed check,35.85,1214.58,No
CUST-00800,Female,0,No,Yes,35,Yes,No,Fiber optic,Yes,Yes,Two year,No,Electronic check,98.77,3415.32,No
CUST-00801,Female,0,Yes,No,1,Yes,No,DSL,Yes,Yes,One year,No,Mailed check,51.1,55.57,No
CUST-00802,Male,0,Yes,No,40,Yes,No,Fiber optic,No,Yes,Two year,No,Credit card (automatic),52.69,2129.61,No
CUST-00803,Female,0,Yes,No,64,Yes,Yes,Fiber optic,Yes,No,Two year,No,Bank transfer (automatic),21.08,1403.79,No
CUST-00804,Male,0,Yes,Yes,22,No,No phone service,No,No internet service,No internet service,Month-to-month,No,Electronic check,90.1,1928.2,No
CUST-00805,Male,0,Yes,No,60,Yes,No,Fiber optic,No,Yes,Month-to-month,Yes,Bank transfer (automatic),31.33,1888.19,No
CUST-00806,Female,1,No,Yes,64,Yes,Yes,Fiber optic,No,Yes,Two year,No,Bank transfer (automatic),97.29,6223.46,No
CUST-00807,Male,0,No,No,11,No,No phone service,Fiber optic,No,No,Month-to-month,No,Bank transfer (automatic),69.19,668.68,Yes
CUST-00808,Female,0,No,Yes,14,Yes,No,Fiber optic,Yes,No,Two year,Yes,Bank transfer (automatic),98.43,1321.58,No
CUST-00809,Male,0,Yes,Yes,60,Yes,Yes,DSL,Yes,No,One year,No,Bank transfer (automatic),78.39,4727.15,No
CUST-00810,Male,0,Yes,No,30,Yes,Yes,No,No internet service,No internet service,Two year,Yes,Mailed check,28.24,779.57,No
CUST-00811,Male,0,No,Yes,35,Yes,Yes,No,No internet service,No internet service,One year,Yes,Bank transfer (automatic),96.57,3376.28,No
CUST-00812,Male,0,Yes,No,37,Yes,Yes,Fiber optic,Yes,No,Month-to-month,No,Bank transfer (automatic),26.98,892.14,No
CUST-00813,Male,0,Yes,No,5,Yes,Yes,DSL,Yes,No,Two year,Yes,Bank transfer (automatic),67.87,334.2,No
CUST-00814,Male,1,Yes,No,26,No,No phone service,Fiber optic,No,No,Month-to-month,No,Credit card (automatic),37.23,865.3,Yes
CUST-00815,Male,0,No,No,62,Yes,Yes,Fiber optic,No,No,One year,Yes,Electronic check,95.23,5874.03,No
CUST-00816,Male,0,Yes,Yes,4,Yes,Yes,DSL,No,No,Month-to-month,Yes,Bank transfer (automatic),111.16,422.75,No
CUST-00817,Male,1,Yes,No,42,Yes,Yes,No,No internet service,No internet service,Two year,No,Credit card (automatic),75.41,3173.37,No
CUST-00818,Male,0,Yes,Yes,18,Yes,Yes,Fiber optic,Yes,No,Month-to-month,Yes,Electronic check,72.71,1296.15,No
CUST-00819,Male,1,No,No,40,Yes,No,No,No internet service,No internet service,Month-to-month,No,Mailed check,96.4,3794.2,No
CUST-00820,Male,0,Yes,Yes,39,Yes,Yes,No,No internet service,No internet service,Month-to-month,No,Bank transfer (automatic),20.51,739.03,No
CUST-00821,Female,0,No,No,14,Yes,No,Fiber optic,Yes,Yes,Two year,No,Bank transfer (automatic),111.78,1484.21,No
CUST-00822,Female,0,Yes,Yes,32,No,No phone service,Fiber optic,No,Yes,Month-to-month,No,Credit card (automatic),39.74,1282.0,No
CUST-00823,Male,0,Yes,No,51,Yes,No,DSL,No,No,Month-to-month,No,Bank transfer (automatic),118.41,6047.03,No
CUST-00824,Male,0,No,No,38,Yes,Yes,Fiber optic,Yes,Yes,One year,No,Mailed check,93.63,3591.41,No
CUST-00825,Female,0,No,No,23,Yes,No,Fiber optic,Yes,No,One year,Yes,Electronic check,97.43,2215.88,No
CUST-00826,Male,0,No,Yes,63,Yes,No,Fiber optic,Yes,Yes,Month-to-month,Yes,Credit card (automatic),85.62,5307.34,No
CUST-00827,Male,1,Yes,No,15,Yes,Yes,Fiber optic,Yes,No,Month-to-month,Yes,Credit card (automatic),67.17,991.75,No
CUST-00828,Male,0,No,No,25,Yes,Yes,Fiber optic,No,No,Month-to-month,No,Bank transfer (automatic),77.16,1929.55,Yes
CUST-00829,Female,0,No,Yes,17,No,No phone service,Fiber optic,No,No,Month-to-month,Yes,Mailed check,24.64,360.64,Yes
CUST-00830,Male,0,No,Yes,66,Yes,Yes,Fiber optic,Yes,Yes,Two year,Yes,Mailed check,82.4,5384.91,No
CUST-00831,Female,1,Yes,No,53,Yes,Yes,DSL,Yes,No,Month-to-month,Yes,Bank transfer (automatic),82.61,4400.88,Yes
CUST-00832,Female,0,No,Yes,51,No,No phone service,Fiber optic,No,No,Month-to-month,No,Electronic check,109.12,5570.15,No
CUST-00833,Male,1,Yes,Yes,39,Yes,No,No,No internet service,No internet service,Month-to-month,No,Electronic check,70.57,2808.87,No
CUST-00834,Female,0,Yes,No,51,Yes,No,DSL,Yes,Yes,Month-to-month,No,Credit card (automatic),27.71,1499.32,No
CUST-00835,Female,0,Yes,Yes,70,Yes,No,No,No internet service,No internet service,Month-to-month,No,Mailed check,50.62,3468.26,No
CUST-00836,Female,0,No,Yes,6,Yes,Yes,DSL,Yes,No,Month-to-month,Yes,Mailed check,85.56,492.42,No
CUST-00837,Male,0,No,Yes,67,No,No phone service,No,No internet service,No internet service,One year,Yes,Electronic check,43.93,2949.49,No
CUST-00838,Male,0,No,No,7,Yes,Yes,No,No internet service,No internet service,Month-to-month,Yes,Electronic check,48.05,354.53,No
CUST-00839,Female,0,No,Yes,51,Yes,Yes,Fiber optic,No,Yes,One year,Yes,Credit card (automatic),102.05,5255.34,No
CUST-00840,Male,0,Yes,No,42,Yes,Yes,DSL,Yes,Yes,Month-to-month,No,Credit card (automatic),78.43,3330.49,Yes
CUST-00841,Female,1,No,No,64,Yes,No,DSL,Yes,Yes,Month-to-month,Yes,Mailed check,70.85,4591.32,No
CUST-00842,Male,0,No,Yes,15,Yes,No,DSL,Yes,Yes,Month-to-month,Yes,Credit card (automatic),51.85,780.82,No
CUST-00843,Male,1,Yes,No,29,Yes,Yes,No,No internet service,No internet service,Two year,Yes,Credit card (automatic),93.09,2668.18,No
CUST-00844,Female,0,No,No,33,No,No phone service,DSL,Yes,No,Two year,No,Electronic check,48.77,1706.91,No
CUST-00845,Male,1,Yes,No,27,Yes,No,Fiber optic,No,No,Month-to-month,Yes,Bank transfer (automatic),93.71,2537.84,Yes
CUST-00846,Female,0,Yes,No,36,Yes,No,Fiber optic,No,Yes,Month-to-month,Yes,Electronic check,27.01,960.27,Yes
CUST-00847,Male,0,No,Yes,29,Yes,No,Fiber optic,No,No,Month-to-month,No,Electronic check,106.45,3033.44,No
CUST-00848,Female,0,Yes,No,38,Yes,Yes,No,No internet service,No internet service,Month-to-month,Yes,Electronic check,69.96,2666.45,Yes
CUST-00849,Male,0,Yes,No,57,Yes,Yes,Fiber optic,No,No,One year,Yes,Bank transfer (automatic),63.85,3689.67,No
CUST-00850,Female,0,Yes,No,27,Yes,No,Fiber optic,Yes,No,Month-to-month,No,Bank transfer (automatic),81.1,2164.68,No
CUST-00851,Male,0,No,Yes,55,Yes,No,Fiber optic,Yes,Yes,Month-to-month,Yes,Bank transfer (automatic),82.42,4526.43,No
CUST-00852,Male,0,No,Yes,33,Yes,Yes,No,No internet service,No internet service,One year,No,Mailed check,33.2,1108.06,No
CUST-00853,Female,0,No,No,68,Yes,Yes,DSL,No,No,Month-to-month,Yes,Bank transfer (automatic),95.62,6525.77,No
CUST-00854,Male,0,Yes,No,66,No,No phone service,Fiber optic,No,No,One year,Yes,Electronic check,47.59,3127.95,No
CUST-00855,Female,0,No,Yes,10,Yes,Yes,No,No internet service,No internet service,One year,Yes,Electronic check,110.5,1085.32,No
CUST-00856,Male,0,No,Yes,5,Yes,No,DSL,No,Yes,Month-to-month,Yes,Mailed check,101.79,483.41,No
CUST-00857,Female,0,Yes,Yes,38,Yes,No,DSL,Yes,Yes,Two year,Yes,Credit card (automatic),54.63,2020.61,No
CUST-00858,Female,0,No,No,13,Yes,Yes,Fiber optic,No,No,Month-to-month,No,Mailed check,100.77,1271.5,No
CUST-00859,Female,0,No,Yes,31,No,No phone service,No,No internet service,No internet service,One year,Yes,Electronic check,55.64,1684.99,No
CUST-00860,Female,0,Yes,Yes,47,No,No phone service,DSL,No,Yes,Two year,Yes,Electronic check,30.09,1337.12,No
CUST-00861,Female,0,No,No,52,Yes,No,DSL,No,Yes,One year,Yes,Bank transfer (automatic),116.19,6091.53,No
CUST-00862,Female,0,Yes,No,56,Yes,Yes,Fiber optic,No,No,Month-to-month,No,Mailed check,85.26,4792.54,No
CUST-00863,Female,0,No,Yes,15,Yes,No,Fiber optic,No,No,Two year,Yes,Bank transfer (automatic),65.61,991.26,No
CUST-00864,Female,0,No,No,29,No,No phone service,DSL,Yes,Yes,Month-to-month,Yes,Credit card (automatic),59.78,1798.85,No
CUST-00865,Male,0,No,No,8,Yes,No,No,No internet service,No internet service,One year,Yes,Bank transfer (automatic),52.47,455.65,Yes
CUST-00866,Male,0,Yes,No,5,Yes,No,Fiber optic,No,No,Two year,Yes,Bank transfer (automatic),118.14,551.22,No
CUST-00867,Male,0,No,Yes,29,Yes,No,Fiber optic,No,Yes,Month-to-month,Yes,Bank transfer (automatic),33.47,1029.3,Yes
CUST-00868,Male,0,No,No,47,Yes,Yes,Fiber optic,Yes,No,One year,Yes,Credit card (automatic),51.48,2468.17,No
CUST-00869,Female,1,Yes,No,68,Yes,No,No,No internet service,No internet service,Two year,Yes,Bank transfer (automatic),68.55,4605.5,No
CUST-00870,Female,0,No,No,45,Yes,No,DSL,No,Yes,Month-to-month,Yes,Electronic check,67.8,3096.14,Yes
CUST-00871,Male,0,Yes,No,2,Yes,No,Fiber optic,Yes,No,Month-to-month,Yes,Credit card (automatic),67.14,110.92,No
CUST-00872,Male,0,No,No,27,Yes,Yes,DSL,Yes,No,Month-to-month,Yes,Bank transfer (automatic),37.58,1064.52,No
CUST-00873,Female,0,No,No,36,Yes,Yes,Fiber optic,Yes,No,Two year,No,Mailed check,34.49,1224.74,No
CUST-00874,Male,0,No,No,36,Yes,Yes,Fiber optic,Yes,No,Month-to-month,No,Mailed check,45.48,1610.61,Yes
CUST-00875,Female,0,No,No,26,Yes,Yes,DSL,No,No,Month-to-month,No,Bank transfer (automatic),111.45,2876.19,No
CUST-00876,Male,0,No,No,43,Yes,Yes,DSL,No,Yes,Two year,No,Mailed check,31.31,1297.72,No
CUST-00877,Female,1,No,Yes,27,Yes,Yes,DSL,Yes,Yes,Month-to-month,Yes,Mailed check,95.74,2510.96,Yes
CUST-00878,Female,1,Yes,No,69,Yes,No,No,No internet service,No internet service,Two year,No,Credit card (automatic),95.75,6481.8,No
CUST-00879,Male,0,No,No,20,Yes,No,Fiber optic,Yes,Yes,One year,No,Credit card (automatic),100.98,1966.87,No
CUST-00880,Male,0,Yes,No,11,Yes,No,Fiber optic,No,No,Two year,No,Electronic check,108.66,1326.79,No
CUST-00881,Female,0,No,No,38,No,No phone service,Fiber optic,Yes,No,Month-to-month,Yes,Credit card (automatic),46.3,1783.31,No
CUST-00882,Male,0,Yes,No,6,Yes,Yes,Fiber optic,No,No,Month-to-month,No,Electronic check,42.46,347.97,No
CUST-00883,Male,0,Yes,No,23,Yes,Yes,Fiber optic,Yes,No,Month-to-month,No,Bank transfer (automatic),66.55,1514.74,Yes
CUST-00884,Female,0,Yes,Yes,47,Yes,Yes,Fiber optic,No,Yes,Month-to-month,No,Credit card (automatic),46.51,2162.55,Yes
CUST-00885,Male,1,No,No,46,Yes,Yes,DSL,No,No,Month-to-month,Yes,Electronic check,93.43,4383.61,Yes
CUST-00886,Male,1,No,No,12,Yes,Yes,DSL,Yes,No,Two year,Yes,Credit card (automatic),83.59,1021.87,No
CUST-00887,Female,0,Yes,Yes,13,Yes,No,No,No internet service,No internet service,Month-to-month,No,Bank transfer (automatic),107.5,1349.74,No
CUST-00888,Female,0,Yes,Yes,62,Yes,Yes,DSL,No,No,One year,No,Mailed check,28.27,1784.39,No
CUST-00889,Female,0,Yes,Yes,60,Yes,No,Fiber optic,Yes,Yes,One year,Yes,Mailed check,111.51,6753.14,No
CUST-00890,Male,0,Yes,No,43,Yes,Yes,Fiber optic,Yes,No,Month-to-month,No,Electronic check,49.33,2049.8,No
CUST-00891,Female,0,Yes,No,68,Yes,Yes,Fiber optic,No,Yes,Month-to-month,No,Credit card (automatic),69.07,4719.99,No
CUST-00892,Male,0,Yes,No,5,Yes,Yes,Fiber optic,No,No,Month-to-month,No,Mailed check,63.86,251.21,Yes
CUST-00893,Male,0,No,No,37,Yes,No,DSL,Yes,Yes,One year,Yes,Credit card (automatic),96.03,3612.95,No
CUST-00894,Male,0,No,No,31,Yes,No,Fiber optic,Yes,Yes,Two year,No,Bank transfer (automatic),62.03,1934.46,No
CUST-00895,Male,0,Yes,No,9,Yes,No,Fiber optic,No,No,Month-to-month,No,Bank transfer (automatic),114.36,1060.72,No
CUST-00896,Female,1,No,Yes,51,Yes,No,DSL,Yes,No,Two year,Yes,Electronic check,110.25,5611.88,No
CUST-00897,Male,0,Yes,No,29,Yes,Yes,Fiber optic,No,Yes,Month-to-month,No,Mailed check,107.22,3020.3,Yes
CUST-00898,Male,0,Yes,No,40,Yes,No,Fiber optic,No,No,One year,Yes,Mailed check,27.13,1063.13,No
CUST-00899,Male,0,No,Yes,41,Yes,No,No,No internet service,No internet service,Two year,No,Bank transfer (automatic),105.43,4369.12,No
CUST-00900,Female,0,Yes,No,11,Yes,Yes,DSL,No,Yes,Month-to-month,No,Bank transfer (automatic),98.16,1179.44,No
CUST-00901,Female,1,No,Yes,23,Yes,Yes,No,No internet service,No internet service,Two year,Yes,Electronic check,30.35,712.16,No
CUST-00902,Female,0,Yes,Yes,1,No,No phone service,No,No internet service,No internet service,Month-to-month,No,Electronic check,30.74,0.0,No
CUST-00903,Male,1,Yes,Yes,46,No,No phone service,DSL,No,Yes,Two year,Yes,Electronic check,30.12,1412.31,No
CUST-00904,Male,0,No,Yes,21,Yes,No,Fiber optic,No,No,Month-to-month,Yes,Electronic check,21.13,485.72,No
CUST-00905,Female,0,No,No,36,Yes,No,DSL,No,Yes,One year,Yes,Credit card (automatic),74.86,2701.6,No
CUST-00906,Female,0,No,No,54,Yes,Yes,DSL,Yes,No,Two year,No,Bank transfer (automatic),117.34,6339.92,No
CUST-00907,Male,0,Yes,No,57,Yes,Yes,Fiber optic,Yes,Yes,One year,No,Credit card (automatic),63.87,3651.27,No
CUST-00908,Female,0,No,No,1,Yes,Yes,Fiber optic,No,No,Month-to-month,No,Electronic check,74.08,76.26,Yes
CUST-00909,Male,1,Yes,No,63,Yes,Yes,DSL,No,Yes,Month-to-month,No,Bank transfer (automatic),116.8,7373.29,No
CUST-00910,Female,0,Yes,No,54,Yes,No,Fiber optic,Yes,No,Month-to-month,No,Mailed check,45.52,2549.46,No
CUST-00911,Male,0,No,Yes,55,Yes,Yes,No,No internet service,No internet service,Month-to-month,No,Electronic check,105.85,5720.08,No
CUST-00912,Male,0,Yes,Yes,40,Yes,Yes,Fiber optic,No,No,One year,Yes,Bank transfer (automatic),74.64,2973.68,No
CUST-00913,Male,0,No,Yes,15,No,No phone service,DSL,No,No,One year,Yes,Mailed check,76.95,1107.63,No
CUST-00914,Female,0,No,Yes,21,Yes,Yes,DSL,Yes,Yes,Month-to-month,Yes,Credit card (automatic),54.32,1199.76,No
CUST-00915,Female,1,Yes,Yes,47,Yes,No,Fiber optic,Yes,No,Two year,No,Electronic check,76.16,3572.48,No
CUST-00916,Male,0,Yes,No,53,Yes,Yes,Fiber optic,Yes,No,Month-to-month,Yes,Credit card (automatic),27.31,1475.42,No
CUST-00917,Female,1,No,No,9,Yes,Yes,Fiber optic,Yes,Yes,Month-to-month,Yes,Credit card (automatic),96.46,939.51,No
CUST-00918,Male,0,No,Yes,52,Yes,No,DSL,Yes,No,Month-to-month,No,Electronic check,48.47,2466.39,No
CUST-00919,Female,0,Yes,Yes,57,No,No phone service,Fiber optic,No,No,Month-to-month,No,Bank transfer (automatic),108.76,6172.94,No
CUST-00920,Female,0,No,No,26,Yes,No,Fiber optic,Yes,No,Month-to-month,Yes,Bank transfer (automatic),56.79,1542.74,Yes
CUST-00921,Male,0,Yes,No,41,Yes,Yes,Fiber optic,No,No,Two year,Yes,Credit card (automatic),34.28,1349.43,No
CUST-00922,Female,0,Yes,No,35,Yes,Yes,Fiber optic,Yes,Yes,Month-to-month,Yes,Bank transfer (automatic),89.59,3110.96,Yes
CUST-00923,Female,0,No,No,63,Yes,No,No,No internet service,No internet service,Month-to-month,Yes,Electronic check,36.46,2216.96,No
CUST-00924,Male,0,Yes,No,25,Yes,Yes,No,No internet service,No internet service,One year,Yes,Credit card (automatic),95.37,2452.42,No
CUST-00925,Male,0,No,Yes,38,Yes,No,Fiber optic,Yes,Yes,Two year,No,Mailed check,116.81,4409.72,No
CUST-00926,Male,0,No,Yes,2,Yes,Yes,No,No internet service,No internet service,Two year,Yes,Credit card (automatic),97.96,213.48,No
CUST-00927,Male,0,Yes,Yes,7,Yes,No,DSL,No,No,One year,No,Electronic check,22.24,189.48,No
CUST-00928,Female,0,Yes,No,34,Yes,No,DSL,No,No,Month-to-month,No,Electronic check,79.99,2679.5,No
CUST-00929,Female,1,Yes,Yes,17,No,No phone service,DSL,Yes,Yes,Month-to-month,No,Bank transfer (automatic),89.54,1426.98,No
CUST-00930,Male,0,No,Yes,43,Yes,No,Fiber optic,No,No,Two year,Yes,Mailed check,102.55,4398.68,No
CUST-00931,Female,0,No,Yes,59,Yes,Yes,Fiber optic,No,Yes,Two year,No,Electronic check,25.6,1498.61,No
CUST-00932,Male,0,No,No,51,Yes,No,Fiber optic,No,No,One year,No,Credit card (automatic),68.01,3465.48,No
CUST-00933,Male,0,No,No,54,Yes,Yes,No,No internet service,No internet service,Two year,Yes,Bank transfer (automatic),73.54,3968.41,No
CUST-00934,Male,0,No,No,24,Yes,Yes,Fiber optic,Yes,Yes,Two year,No,Credit card (automatic),36.91,860.9,No
CUST-00935,Female,1,No,No,25,Yes,Yes,No,No internet service,No internet service,Month-to-month,Yes,Electronic check,52.24,1279.12,No
CUST-00936,Female,0,Yes,Yes,71,Yes,Yes,DSL,Yes,No,Month-to-month,Yes,Bank transfer (automatic),64.02,4560.31,No
CUST-00937,Female,0,Yes,Yes,52,Yes,No,Fiber optic,No,Yes,Month-to-month,Yes,Electronic check,103.32,5331.45,No
CUST-00938,Male,0,Yes,No,70,Yes,No,Fiber optic,No,No,Month-to-month,Yes,Bank transfer (automatic),112.94,7901.03,Yes
CUST-00939,Male,0,No,No,33,Yes,Yes,DSL,Yes,Yes,Month-to-month,No,Electronic check,82.84,2705.57,No
CUST-00940,Female,0,Yes,No,49,Yes,No,No,No internet service,No internet service,Month-to-month,Yes,Bank transfer (automatic),59.49,2929.79,No
CUST-00941,Female,0,No,Yes,29,Yes,No,Fiber optic,Yes,No,Month-to-month,No,Electronic check,45.4,1372.03,No
CUST-00942,Female,0,Yes,No,63,Yes,Yes,DSL,No,No,One year,No,Credit card (automatic),118.21,7504.7,No
CUST-00943,Female,0,Yes,Yes,22,Yes,Yes,DSL,Yes,No,Month-to-month,Yes,Credit card (automatic),118.3,2667.06,Yes
CUST-00944,Male,0,Yes,No,26,Yes,Yes,DSL,No,No,Month-to-month,No,Credit card (automatic),112.5,2908.3,No
CUST-00945,Female,0,Yes,No,28,Yes,No,No,No internet service,No internet service,Month-to-month,Yes,Mailed check,98.57,2747.46,No
CUST-00946,Female,0,No,No,49,Yes,Yes,DSL,No,Yes,Month-to-month,No,Mailed check,52.58,2512.97,No
CUST-00947,Male,0,No,Yes,71,Yes,No,Fiber optic,No,No,Month-to-month,No,Bank transfer (automatic),101.7,7203.57,No
CUST-00948,Female,0,Yes,No,49,Yes,Yes,DSL,No,No,Two year,Yes,Mailed check,60.88,2967.78,No
CUST-00949,Female,0,Yes,Yes,20,Yes,No,Fiber optic,Yes,Yes,Two year,Yes,Mailed check,52.68,1022.74,No
CUST-00950,Female,0,No,Yes,63,Yes,No,DSL,No,Yes,Month-to-month,Yes,Electronic check,94.49,5921.78,No
CUST-00951,Male,0,No,No,61,No,No phone service,Fiber optic,No,No,Month-to-month,No,Mailed check,27.97,1621.29,No
CUST-00952,Male,0,Yes,Yes,49,Yes,Yes,Fiber optic,No,Yes,One year,No,Mailed check,24.86,1151.04,No
CUST-00953,Female,0,Yes,No,71,Yes,Yes,Fiber optic,Yes,Yes,Month-to-month,No,Mailed check,64.8,4603.03,No
CUST-00954,Male,1,Yes,No,1,Yes,No,Fiber optic,Yes,Yes,Two year,Yes,Mailed check,64.56,68.66,No
CUST-00955,Female,0,Yes,No,13,Yes,Yes,No,No internet service,No internet service,Month-to-month,Yes,Bank transfer (automatic),109.56,1448.43,Yes
CUST-00956,Female,0,Yes,No,51,Yes,No,Fiber optic,No,Yes,Month-to-month,Yes,Mailed check,32.62,1650.68,No
CUST-00957,Male,0,Yes,Yes,56,Yes,No,No,No internet service,No internet service,Two year,Yes,Bank transfer (automatic),32.33,1811.06,No
CUST-00958,Female,0,No,Yes,62,Yes,No,DSL,No,Yes,Month-to-month,No,Credit card (automatic),34.75,2217.03,No
CUST-00959,Male,0,No,No,32,Yes,No,DSL,Yes,No,Month-to-month,Yes,Mailed check,22.97,732.39,Yes
CUST-00960,Male,0,No,No,30,Yes,No,Fiber optic,No,Yes,Month-to-month,No,Credit card (automatic),27.17,783.5,No
CUST-00961,Male,0,No,Yes,29,Yes,No,No,No internet service,No internet service,Month-to-month,No,Electronic check,85.99,2434.16,Yes
CUST-00962,Female,0,Yes,Yes,49,Yes,No,DSL,Yes,No,Two year,No,Mailed check,63.16,3134.71,No
CUST-00963,Female,1,No,Yes,45,Yes,No,DSL,No,Yes,One year,No,Electronic check,96.36,4251.03,No
CUST-00964,Female,1,No,Yes,30,Yes,Yes,Fiber optic,No,Yes,Month-to-month,No,Credit card (automatic),119.26,3535.88,Yes
CUST-00965,Female,0,No,No,16,Yes,Yes,Fiber optic,Yes,No,Month-to-month,Yes,Credit card (automatic),85.9,1395.33,No
CUST-00966,Male,0,Yes,Yes,40,Yes,Yes,Fiber optic,Yes,No,Month-to-month,No,Mailed check,25.05,906.67,No
CUST-00967,Female,0,Yes,Yes,19,Yes,No,Fiber optic,No,Yes,Month-to-month,Yes,Mailed check,30.46,548.02,No
CUST-00968,Female,0,Yes,No,18,Yes,Yes,Fiber optic,Yes,Yes,One year,No,Electronic check,108.1,1952.26,No
CUST-00969,Male,0,No,No,1,Yes,No,Fiber optic,Yes,Yes,Two year,No,Bank transfer (automatic),72.75,53.58,No
CUST-00970,Male,0,No,Yes,47,Yes,No,No,No internet service,No internet service,Month-to-month,Yes,Credit card (automatic),102.48,4767.43,No
CUST-00971,Female,0,Yes,No,66,Yes,Yes,No,No internet service,No internet service,Two year,No,Credit card (automatic),105.66,6943.89,No
CUST-00972,Male,1,Yes,Yes,38,Yes,No,DSL,No,Yes,Month-to-month,No,Electronic check,112.77,4326.11,No
CUST-00973,Female,0,No,No,51,Yes,Yes,Fiber optic,Yes,Yes,Two year,No,Bank transfer (automatic),114.98,5955.55,No
CUST-00974,Female,0,Yes,Yes,63,Yes,Yes,DSL,Yes,Yes,Month-to-month,No,Electronic check,75.48,4762.21,Yes
CUST-00975,Male,0,Yes,No,4,Yes,Yes,No,No internet service,No internet service,Two year,Yes,Credit card (automatic),54.1,116.99,No
CUST-00976,Male,0,No,Yes,1,Yes,No,Fiber optic,No,Yes,Two year,No,Credit card (automatic),116.19,144.6,No
CUST-00977,Female,0,No,No,8,Yes,Yes,No,No internet service,No internet service,Month-to-month,No,Mailed check,74.74,578.1,No
CUST-00978,Female,0,No,Yes,29,Yes,No,DSL,No,Yes,Month-to-month,No,Bank transfer (automatic),26.43,711.7,No
CUST-00979,Female,1,Yes,No,55,Yes,No,DSL,No,Yes,One year,No,Bank transfer (automatic),84.28,4595.39,No
CUST-00980,Female,0,No,No,3,Yes,No,No,No internet service,No internet service,Two year,Yes,Mailed check,78.77,198.42,No
CUST-00981,Female,0,No,No,32,Yes,No,No,No internet service,No internet service,One year,Yes,Bank transfer (automatic),109.58,3436.02,No
CUST-00982,Male,0,Yes,No,10,Yes,No,Fiber optic,Yes,No,Month-to-month,Yes,Electronic check,85.32,850.05,No
CUST-00983,Female,0,Yes,No,34,Yes,No,DSL,Yes,Yes,Month-to-month,No,Bank transfer (automatic),54.91,1958.35,Yes
CUST-00984,Male,0,Yes,Yes,55,Yes,Yes,DSL,Yes,No,Month-to-month,No,Credit card (automatic),116.62,6359.14,Yes
CUST-00985,Male,0,No,No,32,Yes,Yes,Fiber optic,Yes,No,Month-to-month,No,Electronic check,100.16,3294.99,No
CUST-00986,Male,0,No,No,50,Yes,No,Fiber optic,Yes,Yes,One year,No,Electronic check,83.04,4162.41,No
CUST-00987,Female,0,Yes,Yes,7,Yes,Yes,No,No internet service,No internet service,Month-to-month,No,Credit card (automatic),49.29,340.39,Yes
CUST-00988,Female,0,No,Yes,8,Yes,No,DSL,No,No,Two year,No,Mailed check,57.35,442.7,No
CUST-00989,Male,0,No,No,65,No,No phone service,DSL,No,No,One year,No,Credit card (automatic),87.0,5614.69,No
CUST-00990,Male,1,No,No,57,Yes,Yes,Fiber optic,Yes,No,Month-to-month,Yes,Mailed check,27.2,1564.99,No
CUST-00991,Male,0,No,No,67,Yes,Yes,DSL,No,No,Month-to-month,No,Mailed check,45.67,3085.99,No
CUST-00992,Male,0,Yes,Yes,59,Yes,Yes,Fiber optic,No,No,Month-to-month,No,Electronic check,91.39,5270.75,Yes
CUST-00993,Male,0,No,No,54,Yes,No,Fiber optic,No,No,Month-to-month,Yes,Bank transfer (automatic),68.0,3799.15,No
CUST-00994,Female,0,No,Yes,67,Yes,Yes,Fiber optic,No,No,Month-to-month,Yes,Electronic check,60.24,3945.53,Yes
CUST-00995,Male,0,No,Yes,51,Yes,Yes,Fiber optic,Yes,No,Two year,Yes,Credit card (automatic),35.15,1766.53,No
CUST-00996,Female,0,Yes,Yes,8,Yes,No,No,No internet service,No internet service,Two year,Yes,Bank transfer (automatic),64.18,385.53,No
CUST-00997,Male,0,No,No,34,Yes,No,Fiber optic,No,Yes,Month-to-month,Yes,Electronic check,97.07,3286.98,No
CUST-00998,Male,0,No,No,35,Yes,Yes,DSL,No,No,Month-to-month,Yes,Mailed check,46.4,1600.93,No
CUST-00999,Female,0,No,No,32,Yes,Yes,DSL,No,Yes,Month-to-month,Yes,Mailed check,20.54,631.7,Yes
CUST-01000,Female,0,Yes,No,46,Yes,No,No,No internet service,No internet service,Two year,Yes,Electronic check,86.85,4010.32,No
CUST-01001,Male,0,No,Yes,16,Yes,Yes,Fiber optic,No,Yes,Month-to-month,Yes,Credit card (automatic),117.26,1863.97,No
CUST-01002,Female,0,Yes,No,68,Yes,Yes,Fiber optic,Yes,No,Two year,Yes,Bank transfer (automatic),80.68,5513.16,No
CUST-01003,Female,0,No,Yes,37,Yes,No,No,No internet service,No internet service,Month-to-month,No,Electronic check,31.99,1121.76,No
CUST-01004,Male,0,Yes,No,54,Yes,Yes,Fiber optic,No,Yes,Two year,Yes,Mailed check,52.07,2815.65,No
CUST-01005,Male,1,Yes,Yes,14,Yes,No,DSL,Yes,No,Two year,Yes,Mailed check,106.76,1463.06,No
CUST-01006,Male,1,No,No,55,Yes,No,DSL,No,No,One year,Yes,Mailed check,43.26,2360.78,No
CUST-01007,Female,0,No,No,48,Yes,Yes,No,No internet service,No internet service,Month-to-month,No,Credit card (automatic),80.77,3890.48,No
CUST-01008,Male,0,Yes,Yes,7,Yes,No,Fiber optic,No,Yes,Two year,No,Bank transfer (automatic),60.27,396.67,No
CUST-01009,Male,0,Yes,No,7,Yes,Yes,Fiber optic,No,Yes,Month-to-month,Yes,Electronic check,40.78,280.2,No
CUST-01010,Female,0,No,No,33,Yes,Yes,No,No internet service,No internet service,One year,No,Bank transfer (automatic),101.34,3286.51,No
CUST-01011,Male,0,No,Yes,23,Yes,Yes,Fiber optic,Yes,Yes,One year,Yes,Electronic check,94.28,2223.22,Yes
CUST-01012,Female,0,No,Yes,19,Yes,Yes,Fiber optic,No,No,One year,Yes,Credit card (automatic),86.16,1673.46,No
CUST-01013,Female,0,No,Yes,19,Yes,Yes,Fiber optic,No,Yes,Two year,Yes,Electronic check,43.63,833.97,No
CUST-01014,Male,0,No,Yes,36,Yes,No,Fiber optic,Yes,No,Two year,Yes,Mailed check,29.79,1060.31,No
CUST-01015,Female,1,No,No,29,Yes,No,Fiber optic,No,Yes,Month-to-month,No,Mailed check,77.62,2245.76,No
CUST-01016,Female,0,No,No,60,Yes,No,DSL,No,No,Month-to-month,Yes,Credit card (automatic),75.37,4575.9,No
CUST-01017,Male,0,Yes,Yes,2,Yes,Yes,No,No internet service,No internet service,Two year,Yes,Bank transfer (automatic),38.84,110.56,No
CUST-01018,Female,0,Yes,No,1,Yes,No,No,No internet service,No internet service,Two year,Yes,Mailed check,25.62,80.16,No
CUST-01019,Male,0,No,No,47,Yes,Yes,Fiber optic,Yes,No,Two year,Yes,Electronic check,28.07,1302.2,No
CUST-01020,Male,1,No,Yes,69,Yes,Yes,Fiber optic,No,Yes,One year,No,Mailed check,119.28,8254.49,No
CUST-01021,Male,0,No,Yes,20,Yes,No,DSL,No,Yes,One year,No,Electronic check,98.36,2026.63,No
CUST-01022,Male,0,Yes,No,11,No,No phone service,No,No internet service,No internet service,Month-to-month,Yes,Bank transfer (automatic),112.2,1187.89,No
CUST-01023,Male,0,Yes,No,2,Yes,No,Fiber optic,No,Yes,Month-to-month,No,Mailed check,39.51,29.57,No
CUST-01024,Female,0,No,Yes,67,Yes,Yes,Fiber optic,Yes,Yes,Month-to-month,Yes,Mailed check,116.06,7789.78,Yes
CUST-01025,Female,0,No,Yes,12,Yes,Yes,Fiber optic,No,Yes,One year,No,Electronic check,34.27,349.49,No
CUST-01026,Female,0,Yes,Yes,20,Yes,No,DSL,Yes,Yes,Two year,No,Credit card (automatic),70.91,1327.41,No
CUST-01027,Male,0,Yes,No,5,Yes,No,DSL,Yes,No,Month-to-month,Yes,Credit card (automatic),102.97,573.58,Yes
CUST-01028,Male,0,Yes,Yes,37,Yes,Yes,DSL,Yes,No,Month-to-month,No,Mailed check,54.98,2101.7,No
CUST-01029,Male,0,No,Yes,38,Yes,No,Fiber optic,Yes,No,One year,No,Bank transfer (automatic),62.48,2315.24,No
CUST-01030,Male,0,No,No,9,Yes,Yes,Fiber optic,Yes,No,One year,No,Bank transfer (automatic),32.82,223.78,No
CUST-01031,Female,0,Yes,Yes,53,No,No phone service,DSL,Yes,Yes,Month-to-month,Yes,Credit card (automatic),32.29,1678.71,No
CUST-01032,Female,0,No,Yes,44,Yes,Yes,DSL,Yes,Yes,Month-to-month,Yes,Mailed check,81.96,3668.88,No
CUST-01033,Male,0,No,Yes,24,Yes,Yes,DSL,Yes,No,Two year,No,Credit card (automatic),87.55,2080.66,No
CUST-01034,Male,0,No,No,30,Yes,Yes,DSL,No,No,Month-to-month,Yes,Electronic check,97.73,2936.63,No
CUST-01035,Male,0,Yes,No,59,Yes,No,No,No internet service,No internet service,Month-to-month,No,Bank transfer (automatic),75.67,4480.78,No
CUST-01036,Female,0,Yes,Yes,14,Yes,No,Fiber optic,Yes,No,Two year,Yes,Credit card (automatic),84.58,1192.81,No
CUST-01037,Female,0,Yes,No,9,No,No phone service,DSL,No,Yes,Month-to-month,Yes,Mailed check,21.35,266.85,No
CUST-01038,Male,0,No,Yes,40,Yes,Yes,Fiber optic,No,Yes,Two year,Yes,Credit card (automatic),36.22,1412.81,No
CUST-01039,Male,0,No,No,66,Yes,No,Fiber optic,Yes,Yes,Two year,No,Mailed check,118.49,7815.23,Yes
CUST-01040,Female,0,Yes,No,25,Yes,No,No,No internet service,No internet service,Two year,Yes,Credit card (automatic),27.6,701.62,No
CUST-01041,Female,1,No,Yes,22,Yes,No,DSL,Yes,No,Month-to-month,Yes,Credit card (automatic),87.88,1930.91,Yes
CUST-01042,Male,0,Yes,Yes,4,Yes,Yes,DSL,Yes,No,Month-to-month,Yes,Bank transfer (automatic),37.61,89.48,No
CUST-01043,Male,0,No,No,26,Yes,No,Fiber optic,No,No,Month-to-month,Yes,Credit card (automatic),91.67,2309.79,No
CUST-01044,Male,0,No,No,58,Yes,No,No,No internet service,No internet service,One year,Yes,Electronic check,90.6,5180.13,No
CUST-01045,Female,1,No,No,29,Yes,Yes,DSL,Yes,No,Month-to-month,Yes,Credit card (automatic),43.42,1295.49,No
CUST-01046,Male,0,No,No,37,Yes,No,DSL,No,No,Month-to-month,Yes,Mailed check,46.96,1696.5,Yes
CUST-01047,Female,1,No,Yes,70,Yes,No,DSL,No,Yes,Two year,No,Mailed check,85.48,6007.06,No
CUST-01048,Male,1,Yes,No,18,No,No phone service,Fiber optic,Yes,No,Month-to-month,No,Electronic check,59.01,1066.52,Yes
CUST-01049,Male,0,Yes,Yes,42,Yes,No,Fiber optic,Yes,Yes,Month-to-month,Yes,Electronic check,39.45,1608.16,No
CUST-01050,Male,0,No,Yes,41,Yes,Yes,No,No internet service,No internet service,One year,Yes,Mailed check,93.17,3772.48,No
CUST-01051,Female,0,Yes,No,38,Yes,No,No,No internet service,No internet service,Month-to-month,Yes,Credit card (automatic),35.41,1352.28,No
CUST-01052,Male,0,No,No,34,Yes,Yes,Fiber optic,Yes,No,One year,Yes,Electronic check,105.56,3592.92,No
CUST-01053,Female,0,No,No,17,No,No phone service,No,No internet service,No internet service,One year,No,Credit card (automatic),71.47,1239.59,No
CUST-01054,Male,0,No,Yes,37,No,No phone service,DSL,No,Yes,Month-to-month,Yes,Electronic check,30.57,1108.21,No
CUST-01055,Female,0,Yes,Yes,25,No,No phone service,Fiber optic,No,Yes,Month-to-month,Yes,Credit card (automatic),89.41,2192.91,No
CUST-01056,Male,0,No,No,27,Yes,No,No,No internet service,No internet service,Month-to-month,Yes,Electronic check,71.92,1947.33,No
CUST-01057,Female,0,No,No,57,Yes,Yes,Fiber optic,No,No,One year,Yes,Mailed check,49.81,2910.17,No
CUST-01058,Male,0,Yes,No,31,Yes,Yes,DSL,Yes,Yes,Month-to-month,No,Credit card (automatic),62.25,1835.92,No
CUST-01059,Female,0,No,Yes,6,Yes,No,DSL,No,No,Month-to-month,No,Electronic check,49.83,259.03,No
CUST-01060,Female,0,Yes,Yes,40,Yes,No,Fiber optic,No,No,Month-to-month,No,Credit card (automatic),46.3,1881.52,Yes
CUST-01061,Male,0,Yes,No,12,Yes,No,No,No internet service,No internet service,Month-to-month,Yes,Bank transfer (automatic),36.36,447.14,Yes
CUST-01062,Female,0,Yes,Yes,53,Yes,Yes,Fiber optic,Yes,Yes,Two year,Yes,Bank transfer (automatic),56.28,3013.09,No
CUST-01063,Female,0,Yes,Yes,71,Yes,No,DSL,Yes,No,Month-to-month,Yes,Electronic check,45.1,3180.62,No
CUST-01064,Male,0,Yes,Yes,10,Yes,Yes,Fiber optic,No,No,Two year,Yes,Bank transfer (automatic),88.34,802.8,No
CUST-01065,Female,1,Yes,Yes,45,Yes,No,No,No internet service,No internet service,Two year,Yes,Electronic check,88.39,4061.12,No
CUST-01066,Male,0,Yes,No,17,Yes,No,Fiber optic,Yes,No,Month-to-month,Yes,Electronic check,70.18,1247.25,No
CUST-01067,Male,0,No,No,26,Yes,No,DSL,No,No,One year,Yes,Bank transfer (automatic),97.79,2541.33,No
CUST-01068,Female,0,No,No,62,No,No phone service,No,No internet service,No internet service,Month-to-month,No,Mailed check,104.13,6413.98,No
CUST-01069,Female,0,No,Yes,46,Yes,Yes,No,No internet service,No internet service,Month-to-month,Yes,Electronic check,77.98,3562.55,No
CUST-01070,Female,0,No,No,64,Yes,Yes,Fiber optic,No,No,Month-to-month,Yes,Electronic check,81.89,5252.41,Yes
CUST-01071,Female,1,No,No,2,Yes,Yes,DSL,Yes,Yes,Month-to-month,No,Bank transfer (automatic),48.29,84.0,No
CUST-01072,Female,0,No,Yes,54,Yes,Yes,Fiber optic,Yes,Yes,Two year,No,Credit card (automatic),109.49,5911.74,No
CUST-01073,Male,1,No,Yes,65,Yes,Yes,No,No internet service,No internet service,Two year,No,Bank transfer (automatic),22.42,1537.81,No
CUST-01074,Male,1,No,Yes,51,Yes,Yes,No,No internet service,No internet service,Two year,No,Electronic check,54.86,2844.04,No
CUST-01075,Female,0,Yes,No,53,Yes,Yes,No,No internet service,No internet service,Month-to-month,No,Credit card (automatic),92.18,4827.0,No
CUST-01076,Female,0,No,No,36,Yes,Yes,DSL,No,Yes,One year,No,Credit card (automatic),28.01,1012.21,No
CUST-01077,Female,0,No,Yes,26,Yes,Yes,No,No internet service,No internet service,One year,No,Bank transfer (automatic),38.32,970.3,No
CUST-01078,Female,0,Yes,No,29,Yes,Yes,Fiber optic,No,No,Month-to-month,Yes,Credit card (automatic),78.93,2303.87,No
CUST-01079,Female,0,Yes,No,21,Yes,Yes,No,No internet service,No internet service,Two year,No,Mailed check,76.0,1592.83,No
CUST-01080,Male,0,Yes,Yes,11,Yes,No,Fiber optic,No,Yes,Month-to-month,Yes,Mailed check,93.89,1181.17,No
CUST-01081,Male,0,No,Yes,40,Yes,No,No,No internet service,No internet service,One year,No,Mailed check,101.26,4071.86,No
CUST-01082,Male,0,Yes,No,11,Yes,No,DSL,Yes,Yes,Month-to-month,Yes,Electronic check,32.86,354.75,No
CUST-01083,Female,0,Yes,No,36,Yes,No,Fiber optic,Yes,Yes,Month-to-month,No,Bank transfer (automatic),21.84,878.39,No
CUST-01084,Female,0,Yes,Yes,59,Yes,Yes,DSL,Yes,Yes,Month-to-month,No,Bank transfer (automatic),88.96,5258.92,No
CUST-01085,Female,1,Yes,Yes,39,No,No phone service,DSL,No,No,One year,Yes,Electronic check,50.14,1879.52,No
CUST-01086,Male,0,No,Yes,54,Yes,No,Fiber optic,Yes,Yes,Two year,Yes,Electronic check,82.6,4454.18,No
CUST-01087,Male,0,Yes,Yes,55,Yes,Yes,Fiber optic,No,Yes,Month-to-month,Yes,Bank transfer (automatic),35.05,1958.44,No
CUST-01088,Male,0,No,No,24,Yes,Yes,Fiber optic,Yes,Yes,Month-to-month,No,Electronic check,66.9,1629.83,No
CUST-01089,Male,0,Yes,No,22,Yes,No,DSL,Yes,No,Two year,No,Bank transfer (automatic),70.44,1599.94,No
CUST-01090,Female,1,Yes,No,69,Yes,No,DSL,Yes,Yes,Month-to-month,No,Credit card (automatic),78.51,5424.88,No
CUST-01091,Female,0,Yes,No,56,Yes,Yes,DSL,No,Yes,Month-to-month,No,Credit card (automatic),71.32,3998.08,No
CUST-01092,Female,0,No,No,33,No,No phone service,DSL,No,Yes,Month-to-month,No,Credit card (automatic),69.57,2225.69,No
CUST-01093,Female,0,Yes,Yes,36,Yes,Yes,Fiber optic,Yes,Yes,Month-to-month,Yes,Bank transfer (automatic),53.27,1994.14,No
CUST-01094,Female,0,No,Yes,20,Yes,No,Fiber optic,No,No,One year,Yes,Electronic check,27.12,527.12,No
CUST-01095,Female,0,Yes,Yes,62,Yes,Yes,No,No internet service,No internet service,One year,No,Electronic check,28.95,1745.92,No
CUST-01096,Male,0,No,Yes,26,Yes,Yes,DSL,No,Yes,One year,No,Electronic check,63.38,1779.28,No
CUST-01097,Female,0,No,No,66,Yes,No,DSL,No,Yes,Month-to-month,No,Electronic check,55.58,3752.28,Yes
CUST-01098,Female,0,Yes,No,40,Yes,No,Fiber optic,Yes,Yes,Month-to-month,Yes,Electronic check,71.61,2842.01,Yes
CUST-01099,Female,0,Yes,Yes,17,Yes,No,No,No internet service,No internet service,Two year,Yes,Electronic check,50.48,764.13,No
CUST-01100,Female,0,Yes,No,1,Yes,Yes,DSL,No,No,Two year,Yes,Bank transfer (automatic),88.79,52.87,No
CUST-01101,Female,0,No,Yes,61,Yes,No,No,No internet service,No internet service,Two year,Yes,Mailed check,106.4,6569.36,No
CUST-01102,Female,0,Yes,No,43,Yes,Yes,Fiber optic,No,No,Month-to-month,Yes,Electronic check,49.89,2154.11,No
CUST-01103,Female,0,No,No,42,Yes,Yes,No,No internet service,No internet service,Two year,Yes,Bank transfer (automatic),39.3,1583.13,No
CUST-01104,Female,0,No,No,25,Yes,No,No,No internet service,No internet service,Month-to-month,No,Bank transfer (automatic),31.62,829.7,No
CUST-01105,Male,0,No,No,39,Yes,No,DSL,No,Yes,Month-to-month,Yes,Bank transfer (automatic),81.63,3173.08,Yes
CUST-01106,Male,0,No,No,35,Yes,Yes,Fiber optic,Yes,Yes,Month-to-month,Yes,Bank transfer (automatic),64.39,2221.21,Yes
CUST-01107,Male,0,No,No,3,Yes,No,No,No internet service,No internet service,Month-to-month,No,Electronic check,38.8,87.76,No
CUST-01108,Female,0,No,No,44,No,No phone service,No,No internet service,No internet service,Month-to-month,No,Credit card (automatic),85.31,3818.96,No
CUST-01109,Male,0,No,Yes,51,Yes,Yes,Fiber optic,No,Yes,Month-to-month,Yes,Credit card (automatic),34.85,1804.68,No
CUST-01110,Female,0,Yes,Yes,12,Yes,No,No,No internet service,No internet service,Month-to-month,No,Bank transfer (automatic),75.43,830.86,No
CUST-01111,Male,0,Yes,No,19,No,No phone service,Fiber optic,No,No,Two year,Yes,Mailed check,72.71,1399.85,No
CUST-01112,Male,0,No,Yes,44,Yes,Yes,Fiber optic,Yes,Yes,Month-to-month,No,Electronic check,93.42,4115.86,No
CUST-01113,Female,0,Yes,Yes,59,Yes,No,DSL,Yes,No,Month-to-month,Yes,Mailed check,25.51,1484.07,No
CUST-01114,Female,0,Yes,Yes,49,Yes,Yes,Fiber optic,Yes,No,Month-to-month,No,Credit card (automatic),108.79,5312.33,No
CUST-01115,Female,0,No,Yes,61,Yes,Yes,Fiber optic,Yes,No,Month-to-month,No,Mailed check,90.3,5465.05,No
CUST-01116,Female,0,Yes,Yes,17,Yes,Yes,DSL,Yes,Yes,Two year,No,Bank transfer (automatic),41.61,674.24,No
CUST-01117,Male,0,No,No,57,Yes,No,No,No internet service,No internet service,Month-to-month,Yes,Mailed check,38.34,2199.87,No
CUST-01118,Male,0,No,No,55,Yes,No,No,No internet service,No internet service,Month-to-month,Yes,Electronic check,63.17,3460.47,No
CUST-01119,Female,0,Yes,No,47,Yes,Yes,DSL,No,No,Month-to-month,Yes,Bank transfer (automatic),101.76,4810.0,Yes
CUST-01120,Male,0,No,Yes,12,Yes,No,Fiber optic,Yes,Yes,Month-to-month,No,Electronic check,104.29,1212.23,No
CUST-01121,Male,0,No,Yes,62,Yes,No,Fiber optic,Yes,No,Two year,Yes,Credit card (automatic),72.05,4502.47,No
CUST-01122,Male,0,Yes,No,8,Yes,No,No,No internet service,No internet service,Two year,No,Credit card (automatic),106.08,914.36,No
CUST-01123,Female,0,Yes,Yes,21,Yes,No,DSL,Yes,Yes,Month-to-month,No,Electronic check,20.54,431.0,No
CUST-01124,Female,0,No,No,70,Yes,Yes,Fiber optic,Yes,Yes,Month-to-month,No,Mailed check,23.52,1672.43,No
CUST-01125,Female,0,Yes,No,25,No,No phone service,No,No internet service,No internet service,Month-to-month,Yes,Mailed check,111.18,2807.48,Yes
CUST-01126,Male,0,No,Yes,12,Yes,No,Fiber optic,No,Yes,Two year,Yes,Electronic check,97.53,1145.26,No
CUST-01127,Female,0,Yes,Yes,15,Yes,Yes,Fiber optic,No,No,Two year,Yes,Bank transfer (automatic),65.07,1004.22,No
CUST-01128,Female,0,Yes,Yes,59,Yes,Yes,Fiber optic,Yes,No,Month-to-month,Yes,Electronic check,95.36,5512.82,No
CUST-01129,Male,0,Yes,No,26,Yes,No,Fiber optic,Yes,No,Two year,Yes,Mailed check,115.56,2871.23,No
CUST-01130,Female,0,No,No,26,Yes,Yes,No,No internet service,No internet service,Month-to-month,No,Credit card (automatic),97.21,2510.99,No
CUST-01131,Female,0,Yes,No,47,No,No phone service,No,No internet service,No internet service,Month-to-month,No,Credit card (automatic),104.24,4930.95,Yes
CUST-01132,Female,0,No,No,32,Yes,Yes,Fiber optic,Yes,Yes,Two year,Yes,Electronic check,96.06,3069.67,No
CUST-01133,Male,0,No,Yes,10,Yes,Yes,DSL,Yes,Yes,Two year,Yes,Mailed check,36.82,405.49,No
CUST-01134,Female,1,No,No,16,Yes,No,DSL,No,No,Month-to-month,No,Credit card (automatic),103.36,1593.67,No
CUST-01135,Male,0,Yes,Yes,71,Yes,No,DSL,Yes,No,Month-to-month,Yes,Electronic check,39.51,2849.35,Yes
CUST-01136,Male,0,Yes,No,17,Yes,No,DSL,No,Yes,Two year,Yes,Mailed check,109.26,1938.86,No
CUST-01137,Male,0,No,No,23,Yes,Yes,No,No internet service,No internet service,Month-to-month,Yes,Electronic check,65.86,1479.96,No
CUST-01138,Male,0,No,No,26,Yes,No,Fiber optic,Yes,No,Month-to-month,No,Credit card (automatic),87.7,2318.75,No
CUST-01139,Male,0,Yes,No,7,Yes,Yes,DSL,No,No,Month-to-month,Yes,Mailed check,69.72,489.18,No
CUST-01140,Male,0,Yes,No,14,Yes,Yes,No,No internet service,No internet service,Month-to-month,Yes,Bank transfer (automatic),29.4,433.69,No
CUST-01141,Female,0,Yes,No,7,Yes,Yes,No,No internet service,No internet service,One year,Yes,Credit card (automatic),49.07,424.83,No
CUST-01142,Female,0,Yes,Yes,9,Yes,No,No,No internet service,No internet service,Month-to-month,Yes,Bank transfer (automatic),118.37,1081.7,Yes
CUST-01143,Male,0,No,No,48,Yes,Yes,No,No internet service,No internet service,Month-to-month,Yes,Credit card (automatic),116.07,5609.58,No
CUST-01144,Male,0,No,Yes,59,Yes,No,DSL,No,Yes,Month-to-month,Yes,Bank transfer (automatic),52.05,3007.8,No
CUST-01145,Female,0,Yes,Yes,39,Yes,Yes,Fiber optic,Yes,Yes,One year,Yes,Bank transfer (automatic),119.63,4702.25,No
CUST-01146,Female,0,No,No,18,Yes,Yes,DSL,Yes,No,Month-to-month,Yes,Electronic check,104.56,1962.58,Yes
CUST-01147,Female,0,Yes,No,59,Yes,Yes,Fiber optic,Yes,Yes,One year,No,Electronic check,81.1,4738.72,No
CUST-01148,Male,0,Yes,No,17,No,No phone service,DSL,No,Yes,One year,No,Mailed check,24.01,392.02,No
CUST-01149,Male,0,Yes,Yes,14,No,No phone service,No,No internet service,No internet service,Month-to-month,No,Electronic check,110.14,1576.27,No
CUST-01150,Female,0,Yes,Yes,31,Yes,No,No,No internet service,No internet service,Month-to-month,No,Electronic check,75.74,2370.33,No
CUST-01151,Male,1,No,Yes,24,No,No phone service,Fiber optic,Yes,Yes,Two year,No,Mailed check,106.85,2496.41,No
CUST-01152,Male,1,No,Yes,60,Yes,No,Fiber optic,No,No,Month-to-month,Yes,Electronic check,103.44,6214.65,Yes
CUST-01153,Male,0,No,No,45,Yes,No,No,No internet service,No internet service,Month-to-month,Yes,Credit card (automatic),103.3,4631.87,Yes
CUST-01154,Male,1,Yes,Yes,3,Yes,No,Fiber optic,Yes,No,Month-to-month,No,Bank transfer (automatic),89.82,221.03,No
CUST-01155,Female,0,No,Yes,37,Yes,Yes,Fiber optic,No,Yes,Month-to-month,Yes,Bank transfer (automatic),49.14,1886.02,Yes
CUST-01156,Male,0,Yes,Yes,43,Yes,No,DSL,No,Yes,Two year,No,Electronic check,53.62,2305.93,No
CUST-01157,Male,0,No,Yes,40,No,No phone service,No,No internet service,No internet service,One year,No,Electronic check,50.85,2083.15,No
CUST-01158,Male,0,Yes,No,55,Yes,Yes,No,No internet service,No internet service,One year,No,Mailed check,22.0,1151.33,No
CUST-01159,Male,0,No,No,39,Yes,No,Fiber optic,No,No,One year,Yes,Electronic check,78.26,3081.59,Yes
CUST-01160,Female,0,Yes,No,15,Yes,Yes,Fiber optic,Yes,No,Two year,Yes,Credit card (automatic),89.88,1401.28,No
CUST-01161,Male,0,No,No,4,Yes,Yes,Fiber optic,No,No,Two year,Yes,Bank transfer (automatic),105.39,409.45,Yes
CUST-01162,Male,0,No,No,25,No,No phone service,DSL,No,Yes,Two year,Yes,Mailed check,34.02,825.64,No
CUST-01163,Female,0,No,Yes,13,Yes,Yes,DSL,Yes,Yes,Month-to-month,No,Mailed check,74.42,902.25,No
CUST-01164,Male,0,No,Yes,33,Yes,Yes,DSL,No,No,Month-to-month,Yes,Mailed check,20.8,643.0,No
CUST-01165,Male,0,No,Yes,16,Yes,No,DSL,No,No,Month-to-month,No,Electronic check,29.51,449.53,No
CUST-01166,Male,0,No,Yes,42,Yes,No,DSL,Yes,No,Two year,Yes,Electronic check,25.42,1018.84,No
CUST-01167,Male,0,No,Yes,66,Yes,Yes,Fiber optic,No,Yes,One year,No,Electronic check,92.55,6069.9,No
CUST-01168,Female,0,Yes,No,55,Yes,Yes,Fiber optic,Yes,Yes,One year,No,Mailed check,28.11,1553.95,No
CUST-01169,Female,0,Yes,Yes,42,Yes,No,No,No internet service,No internet service,Month-to-month,No,Mailed check,91.65,3863.19,Yes
CUST-01170,Female,0,Yes,No,34,No,No phone service,Fiber optic,No,Yes,Month-to-month,No,Bank transfer (automatic),44.96,1583.18,Yes
CUST-01171,Male,0,No,No,30,Yes,No,Fiber optic,Yes,Yes,Month-to-month,No,Bank transfer (automatic),107.77,3195.01,No
CUST-01172,Male,0,No,No,13,Yes,Yes,No,No internet service,No internet service,Two year,Yes,Electronic check,101.31,1318.19,No
CUST-01173,Female,1,Yes,Yes,13,Yes,No,No,No internet service,No internet service,One year,No,Electronic check,115.78,1484.26,No
CUST-01174,Female,0,No,Yes,18,Yes,No,DSL,No,No,Two year,Yes,Bank transfer (automatic),108.38,1926.42,No
CUST-01175,Male,0,Yes,Yes,32,Yes,No,Fiber optic,Yes,No,Month-to-month,Yes,Credit card (automatic),113.33,3610.75,No
CUST-01176,Male,0,No,No,39,Yes,Yes,Fiber optic,Yes,No,Month-to-month,Yes,Bank transfer (automatic),105.87,4119.12,No
CUST-01177,Male,0,Yes,No,46,Yes,No,Fiber optic,No,Yes,Month-to-month,No,Electronic check,89.34,4122.16,No
CUST-01178,Male,0,No,Yes,29,No,No phone service,No,No internet service,No internet service,Month-to-month,Yes,Electronic check,37.03,1057.35,No
CUST-01179,Male,0,No,No,62,Yes,Yes,DSL,Yes,No,Month-to-month,Yes,Electronic check,47.17,2985.91,No
CUST-01180,Male,0,No,No,62,Yes,Yes,DSL,No,Yes,Month-to-month,No,Electronic check,41.27,2473.52,No
CUST-01181,Male,0,No,No,57,No,No phone service,DSL,Yes,No,Month-to-month,No,Bank transfer (automatic),80.36,4633.22,No
CUST-01182,Male,1,No,Yes,16,Yes,Yes,No,No internet service,No internet service,Month-to-month,No,Electronic check,70.36,1107.33,No
CUST-01183,Male,0,No,No,56,Yes,No,Fiber optic,No,No,Month-to-month,Yes,Electronic check,106.71,5966.32,No
CUST-01184,Male,0,Yes,Yes,10,Yes,Yes,Fiber optic,No,Yes,Two year,Yes,Bank transfer (automatic),115.27,1152.22,No
CUST-01185,Female,0,Yes,Yes,30,No,No phone service,Fiber optic,No,No,Month-to-month,No,Credit card (automatic),60.49,1849.98,No
CUST-01186,Male,0,Yes,No,25,Yes,No,DSL,No,Yes,Two year,No,Bank transfer (automatic),70.64,1721.99,No
CUST-01187,Male,0,No,No,5,Yes,No,DSL,Yes,Yes,One year,No,Electronic check,117.15,552.91,No
CUST-01188,Male,0,Yes,No,65,Yes,Yes,No,No internet service,No internet service,Two year,Yes,Electronic check,47.62,3120.33,No
CUST-01189,Female,0,No,Yes,49,Yes,No,DSL,No,Yes,One year,Yes,Mailed check,99.24,4777.85,No
CUST-01190,Male,0,Yes,Yes,3,No,No phone service,No,No internet service,No internet service,Two year,Yes,Electronic check,42.52,125.85,No
CUST-01191,Female,0,Yes,No,45,Yes,Yes,No,No internet service,No internet service,Month-to-month,No,Credit card (automatic),88.15,3926.86,No
CUST-01192,Male,0,Yes,No,14,Yes,Yes,Fiber optic,Yes,No,Month-to-month,Yes,Electronic check,45.36,584.63,No
CUST-01193,Female,0,No,Yes,30,Yes,No,Fiber optic,No,Yes,Two year,Yes,Bank transfer (automatic),108.37,3169.18,No
CUST-01194,Female,0,No,No,68,Yes,No,Fiber optic,Yes,No,Month-to-month,No,Electronic check,76.15,5216.82,Yes
CUST-01195,Male,0,Yes,Yes,18,Yes,Yes,DSL,No,No,Month-to-month,Yes,Electronic check,38.59,702.56,No
CUST-01196,Female,0,No,No,62,Yes,No,No,No internet service,No internet service,One year,Yes,Mailed check,42.44,2597.67,No
CUST-01197,Female,0,Yes,No,37,Yes,No,Fiber optic,No,Yes,Month-to-month,Yes,Electronic check,69.38,2558.83,No
CUST-01198,Male,0,No,No,25,No,No phone service,DSL,Yes,Yes,Month-to-month,Yes,Electronic check,116.16,2849.36,No
CUST-01199,Male,0,Yes,Yes,48,Yes,Yes,DSL,No,Yes,Two year,No,Bank transfer (automatic),96.96,4627.27,No
CUST-01200,Male,0,No,No,65,Yes,Yes,No,No internet service,No internet service,Month-to-month,No,Credit card (automatic),68.83,4464.03,No
CUST-01201,Male,0,Yes,No,53,Yes,No,No,No internet service,No internet service,Month-to-month,No,Mailed check,53.77,2853.01,No
CUST-01202,Male,0,No,Yes,15,Yes,No,Fiber optic,Yes,No,Month-to-month,No,Credit card (automatic),74.93,1143.55,No
CUST-01203,Male,1,No,Yes,49,Yes,Yes,No,No internet service,No internet service,Month-to-month,Yes,Credit card (automatic),94.84,4556.87,Yes
CUST-01204,Female,0,Yes,Yes,68,Yes,No,No,No internet service,No internet service,Two year,No,Electronic check,98.39,6710.28,No
CUST-01205,Female,0,No,Yes,12,No,No phone service,DSL,Yes,Yes,Month-to-month,No,Mailed check,52.46,543.25,No
CUST-01206,Male,0,No,Yes,59,No,No phone service,No,No internet service,No internet service,Two year,No,Electronic check,92.12,5456.66,No
CUST-01207,Male,0,No,Yes,37,Yes,No,Fiber optic,Yes,Yes,One year,No,Electronic check,85.78,3163.19,No
CUST-01208,Male,0,No,Yes,61,Yes,Yes,Fiber optic,Yes,Yes,Month-to-month,Yes,Bank transfer (automatic),115.91,7125.08,No
CUST-01209,Male,1,No,Yes,43,No,No phone service,DSL,No,Yes,Two year,Yes,Electronic check,113.11,4830.01,No
CUST-01210,Female,1,No,No,70,Yes,No,No,No internet service,No internet service,Two year,Yes,Mailed check,98.94,6964.84,No
CUST-01211,Female,0,No,No,39,Yes,No,DSL,No,Yes,Month-to-month,Yes,Mailed check,92.34,3542.89,No
CUST-01212,Male,0,No,No,56,Yes,No,Fiber optic,No,Yes,Month-to-month,No,Electronic check,47.4,2659.69,No
CUST-01213,Female,0,No,No,63,Yes,Yes,DSL,No,No,Month-to-month,No,Mailed check,104.6,6487.9,Yes
CUST-01214,Female,0,Yes,Yes,46,Yes,Yes,Fiber optic,Yes,Yes,Month-to-month,No,Credit card (automatic),62.75,2930.65,No
CUST-01215,Male,0,No,Yes,11,No,No phone service,Fiber optic,No,Yes,One year,No,Credit card (automatic),47.22,605.76,No
CUST-01216,Male,0,No,Yes,62,No,No phone service,Fiber optic,No,No,Month-to-month,Yes,Credit card (automatic),58.42,3587.13,No
CUST-01217,Female,0,Yes,Yes,25,Yes,No,Fiber optic,Yes,No,Two year,Yes,Bank transfer (automatic),103.59,2595.88,No
CUST-01218,Male,0,No,Yes,71,No,No phone service,DSL,No,Yes,Month-to-month,No,Credit card (automatic),34.86,2497.25,No
CUST-01219,Male,0,No,No,52,No,No phone service,Fiber optic,Yes,Yes,Month-to-month,Yes,Credit card (automatic),65.62,3334.73,No
CUST-01220,Male,1,No,No,4,Yes,No,Fiber optic,Yes,No,Two year,No,Mailed check,69.24,239.5,No
CUST-01221,Female,0,No,Yes,59,Yes,Yes,No,No internet service,No internet service,One year,No,Mailed check,23.66,1355.39,No
CUST-01222,Female,1,Yes,No,20,Yes,No,Fiber optic,Yes,No,Month-to-month,No,Credit card (automatic),39.57,911.75,No
CUST-01223,Female,0,No,Yes,63,Yes,Yes,Fiber optic,No,Yes,Month-to-month,Yes,Electronic check,102.67,6520.5,No
CUST-01224,Female,0,No,Yes,54,Yes,No,No,No internet service,No internet service,Month-to-month,Yes,Mailed check,103.08,5555.47,Yes
CUST-01225,Male,0,Yes,No,57,Yes,Yes,Fiber optic,No,No,Month-to-month,No,Bank transfer (automatic),49.24,2845.63,No
CUST-01226,Male,0,Yes,No,41,No,No phone service,DSL,Yes,No,Two year,Yes,Mailed check,107.49,4417.65,No
CUST-01227,Female,0,Yes,Yes,3,No,No phone service,No,No internet service,No internet service,Month-to-month,No,Bank transfer (automatic),97.18,321.19,No
CUST-01228,Female,1,No,No,6,Yes,Yes,No,No internet service,No internet service,One year,Yes,Credit card (automatic),61.79,318.06,No
CUST-01229,Male,0,Yes,Yes,5,Yes,No,DSL,Yes,No,One year,No,Credit card (automatic),94.84,542.87,No
CUST-01230,Female,0,No,Yes,5,Yes,No,DSL,No,Yes,One year,No,Bank transfer (automatic),116.13,542.26,No
CUST-01231,Female,0,Yes,No,54,Yes,Yes,No,No internet service,No internet service,Month-to-month,Yes,Bank transfer (automatic),65.9,3522.8,No
CUST-01232,Female,1,Yes,Yes,47,Yes,No,Fiber optic,No,No,One year,Yes,Bank transfer (automatic),43.84,2089.99,No
CUST-01233,Female,0,No,Yes,49,Yes,Yes,DSL,Yes,Yes,Month-to-month,No,Mailed check,114.18,5612.11,Yes
CUST-01234,Female,0,Yes,No,9,Yes,Yes,Fiber optic,No,Yes,Month-to-month,No,Credit card (automatic),80.37,724.49,Yes
CUST-01235,Female,1,No,Yes,20,Yes,Yes,Fiber optic,No,Yes,Two year,No,Mailed check,30.53,652.58,No
CUST-01236,Female,0,Yes,Yes,61,No,No phone service,DSL,No,No,Month-to-month,Yes,Electronic check,77.27,4655.42,No
CUST-01237,Male,0,Yes,No,35,Yes,Yes,Fiber optic,Yes,No,One year,Yes,Bank transfer (automatic),70.06,2544.32,No
CUST-01238,Male,0,No,No,50,Yes,Yes,Fiber optic,Yes,No,Month-to-month,No,Electronic check,105.56,5252.97,No
CUST-01239,Male,0,No,No,62,Yes,Yes,Fiber optic,Yes,Yes,Two year,Yes,Bank transfer (automatic),73.07,4525.92,No
CUST-01240,Female,1,Yes,Yes,17,Yes,No,Fiber optic,Yes,Yes,Month-to-month,Yes,Bank transfer (automatic),45.52,866.83,No
CUST-01241,Male,0,No,Yes,3,Yes,Yes,DSL,Yes,No,Month-to-month,No,Credit card (automatic),87.56,227.21,No
CUST-01242,Male,0,Yes,No,32,Yes,No,DSL,Yes,No,Month-to-month,No,Bank transfer (automatic),74.26,2427.47,Yes
CUST-01243,Male,1,No,No,13,Yes,Yes,Fiber optic,No,Yes,Two year,No,Mailed check,43.3,552.18,No
CUST-01244,Male,0,Yes,Yes,68,Yes,No,DSL,No,Yes,Two year,No,Bank transfer (automatic),77.36,5218.39,No
CUST-01245,Female,1,No,No,14,Yes,Yes,Fiber optic,No,Yes,Month-to-month,No,Bank transfer (automatic),102.15,1410.91,No
CUST-01246,Male,0,Yes,Yes,11,Yes,No,No,No internet service,No internet service,One year,Yes,Electronic check,22.86,279.77,No
CUST-01247,Male,0,Yes,Yes,56,Yes,No,No,No internet service,No internet service,Month-to-month,No,Credit card (automatic),83.09,4703.75,No
CUST-01248,Male,0,Yes,No,67,Yes,No,Fiber optic,No,No,Month-to-month,Yes,Credit card (automatic),54.96,3693.6,No
CUST-01249,Male,1,Yes,Yes,29,Yes,No,Fiber optic,Yes,Yes,Month-to-month,No,Bank transfer (automatic),49.27,1348.93,No
CUST-01250,Female,0,No,No,9,Yes,No,DSL,Yes,No,Two year,No,Electronic check,59.26,565.12,No
CUST-01251,Female,1,No,Yes,67,Yes,No,DSL,No,Yes,Two year,Yes,Mailed check,54.2,3624.29,No
CUST-01252,Male,0,No,Yes,25,No,No phone service,DSL,Yes,No,Month-to-month,Yes,Mailed check,103.22,2525.38,Yes
CUST-01253,Male,0,Yes,Yes,42,Yes,No,No,No internet service,No internet service,Month-to-month,Yes,Bank transfer (automatic),47.48,2011.48,No
CUST-01254,Male,0,Yes,No,9,Yes,Yes,Fiber optic,No,Yes,Two year,Yes,Bank transfer (automatic),93.32,896.57,No
CUST-01255,Male,0,Yes,Yes,40,Yes,Yes,DSL,No,Yes,Two year,No,Electronic check,29.41,1176.74,No
CUST-01256,Female,0,No,Yes,25,Yes,No,Fiber optic,No,Yes,Month-to-month,Yes,Credit card (automatic),115.14,2924.67,No
CUST-01257,Female,1,No,No,5,Yes,Yes,Fiber optic,No,Yes,Month-to-month,Yes,Electronic check,82.23,434.27,No
CUST-01258,Male,0,No,No,11,Yes,No,Fiber optic,No,No,Month-to-month,Yes,Mailed check,90.67,1021.14,Yes
CUST-01259,Female,0,No,Yes,59,Yes,Yes,No,No internet service,No internet service,Month-to-month,Yes,Bank transfer (automatic),49.8,2922.93,No
CUST-01260,Female,1,Yes,No,38,Yes,No,Fiber optic,No,No,One year,Yes,Bank transfer (automatic),61.21,2366.91,Yes
CUST-01261,Male,0,Yes,Yes,5,Yes,Yes,Fiber optic,Yes,No,Month-to-month,No,Electronic check,42.38,257.61,No
CUST-01262,Male,1,Yes,Yes,48,Yes,No,DSL,Yes,No,Two year,Yes,Credit card (automatic),113.25,5475.63,No
CUST-01263,Female,0,Yes,Yes,18,No,No phone service,DSL,No,Yes,Two year,Yes,Electronic check,68.81,1222.89,No
CUST-01264,Female,0,No,Yes,70,Yes,No,Fiber optic,Yes,No,Two year,Yes,Credit card (automatic),83.04,5862.05,No
CUST-01265,Female,0,Yes,Yes,37,Yes,Yes,DSL,Yes,No,Two year,Yes,Credit card (automatic),93.43,3476.23,No
CUST-01266,Male,0,No,Yes,60,Yes,Yes,Fiber optic,Yes,Yes,Two year,No,Mailed check,57.11,3377.98,No
CUST-01267,Male,0,No,No,48,Yes,No,Fiber optic,No,No,Month-to-month,No,Credit card (automatic),92.01,4397.41,No
CUST-01268,Male,1,Yes,Yes,28,Yes,No,Fiber optic,Yes,No,Month-to-month,No,Mailed check,87.6,2426.28,Yes
CUST-01269,Male,0,No,Yes,69,Yes,Yes,DSL,Yes,Yes,Month-to-month,Yes,Bank transfer (automatic),90.57,6149.94,Yes
CUST-01270,Female,0,No,No,40,Yes,Yes,Fiber optic,No,Yes,Month-to-month,No,Electronic check,68.92,2806.97,No
CUST-01271,Male,1,Yes,Yes,45,Yes,Yes,No,No internet service,No internet service,Month-to-month,No,Mailed check,58.29,2778.11,No
CUST-01272,Female,0,No,Yes,62,Yes,Yes,DSL,No,No,Two year,No,Electronic check,42.21,2677.44,No
CUST-01273,Female,1,Yes,Yes,58,Yes,Yes,No,No internet service,No internet service,One year,Yes,Mailed check,102.46,5950.82,No
CUST-01274,Female,0,No,Yes,67,Yes,No,No,No internet service,No internet service,Month-to-month,Yes,Bank transfer (automatic),80.84,5390.49,No
CUST-01275,Female,0,No,No,56,Yes,No,Fiber optic,Yes,No,Month-to-month,No,Mailed check,64.44,3562.39,Yes
CUST-01276,Male,0,No,Yes,40,Yes,Yes,Fiber optic,Yes,No,Two year,No,Mailed check,114.4,4583.53,No
CUST-01277,Female,0,No,No,40,Yes,Yes,Fiber optic,Yes,No,Two year,Yes,Electronic check,24.78,1039.62,No
CUST-01278,Female,0,No,No,33,Yes,No,Fiber optic,No,Yes,Month-to-month,Yes,Mailed check,105.02,3431.93,Yes
CUST-01279,Male,0,Yes,No,6,Yes,No,No,No internet service,No internet service,Month-to-month,Yes,Electronic check,119.76,846.77,Yes
CUST-01280,Female,0,No,Yes,19,Yes,Yes,Fiber optic,No,Yes,Month-to-month,Yes,Bank transfer (automatic),108.69,1995.91,No
CUST-01281,Male,0,No,Yes,40,Yes,Yes,Fiber optic,No,No,Month-to-month,No,Bank transfer (automatic),101.04,4052.82,No
CUST-01282,Male,1,No,No,59,Yes,Yes,DSL,No,No,One year,No,Mailed check,57.43,3391.88,No
CUST-01283,Male,0,No,No,59,Yes,No,DSL,No,Yes,Month-to-month,No,Credit card (automatic),43.13,2545.0,Yes
CUST-01284,Male,0,Yes,Yes,48,Yes,Yes,No,No internet service,No internet service,Month-to-month,No,Bank transfer (automatic),93.49,4459.08,No
CUST-01285,Female,0,No,Yes,41,Yes,No,DSL,No,Yes,Month-to-month,No,Credit card (automatic),50.46,2072.98,No
CUST-01286,Male,0,No,Yes,13,Yes,Yes,No,No internet service,No internet service,Two year,No,Credit card (automatic),37.6,466.31,No
CUST-01287,Female,0,No,Yes,45,No,No phone service,Fiber optic,Yes,No,Month-to-month,Yes,Electronic check,98.65,4503.64,Yes
CUST-01288,Female,0,Yes,Yes,53,Yes,No,No,No internet service,No internet service,Month-to-month,No,Credit card (automatic),51.25,2797.29,No
CUST-01289,Male,0,No,No,42,Yes,Yes,No,No internet service,No internet service,Month-to-month,No,Credit card (automatic),111.44,4661.05,No
CUST-01290,Female,0,No,No,63,Yes,No,No,No internet service,No internet service,Month-to-month,Yes,Credit card (automatic),104.06,6473.53,No
CUST-01291,Female,0,No,No,27,Yes,Yes,Fiber optic,Yes,Yes,One year,No,Electronic check,104.76,2844.4,No
CUST-01292,Female,1,Yes,Yes,38,Yes,No,No,No internet service,No internet service,Month-to-month,Yes,Mailed check,97.16,3706.16,No
CUST-01293,Male,0,No,No,60,Yes,No,Fiber optic,No,No,Month-to-month,No,Credit card (automatic),108.09,6490.66,No
CUST-01294,Female,0,No,Yes,7,Yes,Yes,DSL,No,No,Two year,No,Bank transfer (automatic),100.57,730.64,No
CUST-01295,Male,0,No,No,5,Yes,Yes,Fiber optic,No,Yes,Two year,Yes,Electronic check,80.25,470.33,No
CUST-01296,Male,0,Yes,Yes,45,Yes,No,Fiber optic,Yes,No,Month-to-month,Yes,Credit card (automatic),49.58,2272.75,No
CUST-01297,Male,0,No,No,58,Yes,Yes,DSL,Yes,No,Month-to-month,Yes,Credit card (automatic),108.82,6338.13,No
CUST-01298,Female,0,No,No,31,Yes,No,No,No internet service,No internet service,One year,No,Electronic check,104.06,3263.56,No
CUST-01299,Female,0,No,Yes,23,Yes,No,DSL,No,Yes,Month-to-month,No,Electronic check,67.29,1560.24,No
CUST-01300,Female,0,No,Yes,42,Yes,Yes,Fiber optic,Yes,Yes,Two year,Yes,Electronic check,23.91,956.95,No
CUST-01301,Male,0,Yes,No,10,Yes,No,Fiber optic,Yes,Yes,Month-to-month,Yes,Credit card (automatic),83.85,911.02,Yes
CUST-01302,Female,0,Yes,No,32,Yes,Yes,DSL,No,No,Month-to-month,No,Electronic check,25.06,807.05,Yes
CUST-01303,Male,0,Yes,Yes,53,Yes,Yes,DSL,No,No,Two year,Yes,Credit card (automatic),112.63,5922.09,No
CUST-01304,Male,0,No,Yes,30,Yes,No,Fiber optic,No,No,Month-to-month,Yes,Bank transfer (automatic),116.16,3428.4,No
CUST-01305,Female,0,Yes,Yes,39,Yes,No,DSL,No,No,Month-to-month,Yes,Credit card (automatic),38.95,1473.16,Yes
CUST-01306,Female,0,No,No,31,Yes,Yes,No,No internet service,No internet service,Two year,Yes,Mailed check,87.64,2655.2,No
CUST-01307,Male,0,No,No,2,Yes,No,Fiber optic,No,No,Month-to-month,Yes,Credit card (automatic),29.23,91.9,No
CUST-01308,Male,0,No,Yes,12,Yes,No,DSL,No,Yes,Two year,No,Credit card (automatic),92.95,1106.64,No
CUST-01309,Female,0,Yes,No,39,Yes,Yes,DSL,Yes,Yes,Month-to-month,No,Credit card (automatic),54.73,2173.27,No
CUST-01310,Female,0,Yes,Yes,66,No,No phone service,Fiber optic,Yes,No,Month-to-month,Yes,Mailed check,88.11,5873.73,No
CUST-01311,Female,0,No,No,13,Yes,Yes,No,No internet service,No internet service,Month-to-month,Yes,Electronic check,57.29,790.31,No
CUST-01312,Male,0,No,Yes,46,Yes,No,No,No internet service,No internet service,Month-to-month,Yes,Credit card (automatic),34.56,1621.46,No
CUST-01313,Female,0,Yes,Yes,27,Yes,No,DSL,No,Yes,One year,No,Bank transfer (automatic),60.61,1650.85,No
CUST-01314,Female,0,Yes,No,17,Yes,Yes,DSL,Yes,Yes,One year,No,Bank transfer (automatic),31.27,522.07,No
CUST-01315,Male,0,No,Yes,60,Yes,Yes,DSL,Yes,Yes,Month-to-month,No,Electronic check,77.69,4655.22,No
CUST-01316,Male,0,Yes,Yes,64,Yes,Yes,Fiber optic,Yes,Yes,Month-to-month,No,Bank transfer (automatic),24.1,1571.62,No
CUST-01317,Female,0,No,No,35,Yes,Yes,Fiber optic,Yes,Yes,One year,No,Mailed check,72.73,2497.48,No
CUST-01318,Female,0,Yes,No,70,Yes,No,DSL,Yes,Yes,Month-to-month,Yes,Electronic check,108.64,7602.11,No
CUST-01319,Female,0,Yes,No,30,Yes,No,DSL,Yes,Yes,Two year,No,Electronic check,103.79,3076.56,No
CUST-01320,Male,0,Yes,No,71,No,No phone service,No,No internet service,No internet service,Two year,Yes,Mailed check,108.28,7746.53,No
CUST-01321,Female,0,No,Yes,63,Yes,No,No,No internet service,No internet service,Month-to-month,Yes,Mailed check,112.2,7104.45,Yes
CUST-01322,Male,0,No,Yes,28,Yes,No,DSL,Yes,Yes,Month-to-month,Yes,Bank transfer (automatic),30.45,959.47,No
CUST-01323,Female,1,No,Yes,60,Yes,No,DSL,Yes,No,One year,No,Bank transfer (automatic),32.87,1934.31,No
CUST-01324,Male,1,No,Yes,37,Yes,Yes,No,No internet service,No internet service,Two year,Yes,Mailed check,75.7,2768.38,No
CUST-01325,Female,0,Yes,Yes,22,Yes,Yes,Fiber optic,No,No,Month-to-month,Yes,Bank transfer (automatic),109.4,2409.68,Yes
CUST-01326,Female,0,No,No,68,Yes,No,No,No internet service,No internet service,Month-to-month,No,Credit card (automatic),117.43,7948.97,No
CUST-01327,Female,0,Yes,No,20,Yes,Yes,Fiber optic,Yes,Yes,Two year,Yes,Mailed check,24.63,519.48,No
CUST-01328,Male,0,No,Yes,68,Yes,Yes,Fiber optic,Yes,No,Month-to-month,No,Bank transfer (automatic),55.58,3776.89,Yes
CUST-01329,Male,0,No,No,64,Yes,No,DSL,Yes,No,Month-to-month,No,Bank transfer (automatic),41.29,2618.13,No
CUST-01330,Male,0,No,No,17,Yes,No,No,No internet service,No internet service,Month-to-month,Yes,Electronic check,95.6,1679.58,No
CUST-01331,Male,0,Yes,No,12,Yes,Yes,No,No internet service,No internet service,Month-to-month,Yes,Electronic check,84.02,915.76,No
CUST-01332,Female,1,Yes,No,22,No,No phone service,DSL,Yes,Yes,Month-to-month,Yes,Credit card (automatic),31.99,730.89,Yes
CUST-01333,Male,0,Yes,No,17,Yes,No,Fiber optic,No,No,Month-to-month,Yes,Mailed check,68.35,1134.39,No
CUST-01334,Male,0,No,Yes,10,Yes,No,Fiber optic,Yes,Yes,Two year,Yes,Credit card (automatic),88.54,926.24,No
CUST-01335,Female,1,No,No,65,Yes,Yes,Fiber optic,Yes,No,Month-to-month,No,Mailed check,97.9,6416.31,Yes
CUST-01336,Male,0,Yes,Yes,22,Yes,No,No,No internet service,No internet service,Two year,No,Mailed check,22.01,370.4,No
CUST-01337,Female,0,Yes,Yes,50,Yes,No,Fiber optic,No,No,Two year,Yes,Bank transfer (automatic),109.05,5441.92,No
CUST-01338,Male,0,Yes,Yes,14,Yes,Yes,No,No internet service,No internet service,Month-to-month,No,Electronic check,76.93,1079.93,No
CUST-01339,Male,0,Yes,Yes,64,Yes,Yes,No,No internet service,No internet service,Month-to-month,Yes,Electronic check,101.19,6358.27,No
CUST-01340,Female,0,No,Yes,47,Yes,Yes,Fiber optic,No,No,Month-to-month,Yes,Mailed check,100.79,4748.52,No
CUST-01341,Female,0,No,No,29,Yes,Yes,No,No internet service,No internet service,Month-to-month,Yes,Bank transfer (automatic),38.99,1104.31,Yes
CUST-01342,Female,0,No,Yes,36,Yes,No,DSL,No,No,Two year,No,Mailed check,31.02,1056.43,No
CUST-01343,Female,0,No,Yes,52,Yes,Yes,DSL,No,No,Month-to-month,Yes,Electronic check,92.13,4758.24,No
CUST-01344,Male,0,No,Yes,7,Yes,Yes,DSL,Yes,No,Month-to-month,Yes,Credit card (automatic),35.64,208.31,No
CUST-01345,Male,0,Yes,No,29,Yes,Yes,Fiber optic,Yes,No,Month-to-month,No,Electronic check,104.99,3016.17,No
CUST-01346,Female,1,Yes,No,11,Yes,No,DSL,No,Yes,Month-to-month,Yes,Credit card (automatic),92.62,1028.08,Yes
CUST-01347,Female,0,No,No,33,Yes,Yes,No,No internet service,No internet service,Month-to-month,No,Electronic check,104.18,3487.0,No
CUST-01348,Male,0,Yes,No,6,Yes,Yes,No,No internet service,No internet service,Month-to-month,Yes,Electronic check,49.9,295.51,Yes
CUST-01349,Female,0,No,Yes,32,Yes,No,Fiber optic,Yes,Yes,Month-to-month,Yes,Mailed check,51.66,1708.26,Yes
CUST-01350,Male,0,No,Yes,51,No,No phone service,Fiber optic,No,Yes,Month-to-month,No,Credit card (automatic),87.12,4390.82,No
CUST-01351,Female,0,Yes,Yes,58,Yes,No,Fiber optic,Yes,Yes,Month-to-month,Yes,Credit card (automatic),23.14,1349.76,No
CUST-01352,Female,0,Yes,Yes,26,Yes,No,Fiber optic,No,Yes,Two year,No,Mailed check,92.65,2514.23,No
CUST-01353,Female,1,No,Yes,46,Yes,No,Fiber optic,No,No,Month-to-month,Yes,Mailed check,103.58,4685.15,No
CUST-01354,Female,1,No,No,29,Yes,No,DSL,No,No,One year,No,Bank transfer (automatic),61.52,1702.64,No
CUST-01355,Male,1,Yes,Yes,4,Yes,No,No,No internet service,No internet service,Month-to-month,No,Credit card (automatic),96.49,449.96,Yes
CUST-01356,Female,0,Yes,No,13,Yes,Yes,DSL,Yes,Yes,Two year,No,Electronic check,37.46,498.01,No
CUST-01357,Male,1,No,Yes,39,Yes,Yes,Fiber optic,No,No,Month-to-month,Yes,Mailed check,52.23,2006.89,Yes
CUST-01358,Female,0,Yes,No,15,Yes,Yes,Fiber optic,Yes,No,Two year,Yes,Credit card (automatic),117.43,1704.97,No
CUST-01359,Female,1,No,No,29,Yes,No,No,No internet service,No internet service,Two year,No,Mailed check,118.63,3438.47,No
CUST-01360,Male,1,No,No,29,Yes,No,DSL,No,Yes,Two year,No,Credit card (automatic),71.26,2073.22,No
CUST-01361,Female,1,Yes,Yes,32,Yes,Yes,Fiber optic,No,Yes,One year,No,Electronic check,113.43,3636.69,No
CUST-01362,Male,0,Yes,No,2,Yes,No,Fiber optic,Yes,Yes,One year,No,Mailed check,72.27,87.57,No
CUST-01363,Female,0,No,Yes,47,Yes,Yes,Fiber optic,Yes,No,Two year,Yes,Bank transfer (automatic),49.16,2293.67,No
CUST-01364,Male,0,Yes,Yes,22,Yes,Yes,DSL,Yes,Yes,One year,Yes,Electronic check,46.69,998.78,No
CUST-01365,Female,0,Yes,No,27,Yes,Yes,Fiber optic,Yes,Yes,One year,No,Mailed check,112.95,3081.97,No
CUST-01366,Female,0,Yes,No,67,Yes,No,DSL,No,No,Month-to-month,No,Bank transfer (automatic),37.24,2441.06,No
CUST-01367,Female,0,Yes,No,56,No,No phone service,Fiber optic,Yes,Yes,Month-to-month,No,Mailed check,77.96,4369.56,No
CUST-01368,Female,0,Yes,No,21,Yes,No,Fiber optic,No,No,Two year,Yes,Electronic check,75.55,1718.26,No
CUST-01369,Female,0,No,Yes,47,No,No phone service,No,No internet service,No internet service,Month-to-month,Yes,Electronic check,93.96,4358.68,Yes
CUST-01370,Male,0,Yes,Yes,59,Yes,Yes,DSL,Yes,No,Month-to-month,Yes,Electronic check,69.92,4087.92,No
CUST-01371,Male,1,Yes,Yes,6,Yes,Yes,Fiber optic,Yes,Yes,Month-to-month,No,Bank transfer (automatic),47.23,278.69,No
CUST-01372,Male,0,Yes,No,19,Yes,No,DSL,No,No,One year,No,Credit card (automatic),36.94,554.75,No
CUST-01373,Female,0,No,No,57,Yes,Yes,DSL,No,No,Month-to-month,Yes,Electronic check,82.08,4607.22,No
CUST-01374,Female,0,No,No,69,Yes,Yes,Fiber optic,Yes,No,One year,No,Electronic check,91.9,6356.63,No
CUST-01375,Female,0,No,No,3,Yes,No,DSL,Yes,No,Month-to-month,Yes,Credit card (automatic),76.95,222.07,No
CUST-01376,Male,0,Yes,Yes,1,No,No phone service,DSL,Yes,No,Month-to-month,Yes,Bank transfer (automatic),93.84,146.58,Yes
CUST-01377,Male,0,No,Yes,58,Yes,Yes,Fiber optic,No,Yes,One year,Yes,Bank transfer (automatic),34.15,1968.79,No
CUST-01378,Male,1,Yes,Yes,38,Yes,Yes,Fiber optic,Yes,Yes,Month-to-month,No,Credit card (automatic),108.25,4097.19,No
CUST-01379,Female,0,Yes,No,15,Yes,Yes,DSL,No,Yes,Month-to-month,Yes,Electronic check,78.24,1138.46,No
CUST-01380,Female,0,No,No,34,Yes,No,Fiber optic,No,No,Month-to-month,No,Bank transfer (automatic),32.68,1093.98,No
CUST-01381,Male,0,No,No,61,Yes,Yes,DSL,Yes,No,Two year,No,Credit card (automatic),66.19,3977.01,No
CUST-01382,Male,0,No,No,35,Yes,Yes,No,No internet service,No internet service,Month-to-month,Yes,Bank transfer (automatic),104.48,3649.43,No
CUST-01383,Male,0,No,No,64,Yes,No,Fiber optic,No,No,Month-to-month,No,Mailed check,109.76,6976.08,Yes
CUST-01384,Male,0,Yes,Yes,25,Yes,No,DSL,No,Yes,Two year,No,Mailed check,46.46,1100.96,No
CUST-01385,Female,0,No,No,24,Yes,Yes,DSL,Yes,No,Month-to-month,No,Credit card (automatic),91.13,2155.15,No
CUST-01386,Male,0,Yes,Yes,12,Yes,Yes,DSL,No,No,Month-to-month,No,Electronic check,30.0,382.56,No
CUST-01387,Female,0,No,No,18,Yes,Yes,DSL,Yes,Yes,Month-to-month,No,Mailed check,23.35,427.41,Yes
CUST-01388,Female,0,No,Yes,15,Yes,No,Fiber optic,Yes,Yes,Month-to-month,No,Electronic check,76.04,1173.98,Yes
CUST-01389,Female,1,No,No,27,Yes,No,No,No internet service,No internet service,Month-to-month,Yes,Bank transfer (automatic),89.48,2369.8,Yes
CUST-01390,Female,0,Yes,No,60,Yes,No,No,No internet service,No internet service,Month-to-month,Yes,Credit card (automatic),99.58,5974.14,No
CUST-01391,Female,1,No,Yes,46,Yes,Yes,Fiber optic,No,No,One year,No,Mailed check,54.02,2570.01,No
CUST-01392,Female,0,Yes,No,17,Yes,Yes,Fiber optic,No,No,Month-to-month,No,Credit card (automatic),20.65,420.93,No
CUST-01393,Male,0,Yes,No,53,Yes,No,DSL,Yes,No,Month-to-month,No,Credit card (automatic),67.95,3537.62,No
CUST-01394,Male,0,Yes,No,8,Yes,No,Fiber optic,Yes,Yes,One year,Yes,Credit card (automatic),21.59,122.3,No
CUST-01395,Male,0,Yes,Yes,27,Yes,Yes,DSL,No,No,Two year,Yes,Credit card (automatic),29.2,873.27,No
CUST-01396,Male,0,Yes,No,46,Yes,No,DSL,No,No,Month-to-month,Yes,Credit card (automatic),52.67,2445.4,No
CUST-01397,Female,0,Yes,No,50,Yes,Yes,Fiber optic,Yes,Yes,Month-to-month,Yes,Bank transfer (automatic),63.72,3176.46,No
CUST-01398,Male,0,Yes,No,71,Yes,No,No,No internet service,No internet service,Month-to-month,Yes,Mailed check,47.95,3389.33,No
CUST-01399,Female,0,Yes,No,3,No,No phone service,DSL,No,Yes,Month-to-month,Yes,Credit card (automatic),78.19,245.94,Yes
CUST-01400,Male,1,Yes,No,64,No,No phone service,DSL,Yes,No,Month-to-month,Yes,Mailed check,25.53,1645.92,Yes
CUST-01401,Male,1,No,Yes,44,Yes,Yes,DSL,No,No,Month-to-month,Yes,Mailed check,34.46,1489.58,No
CUST-01402,Female,0,No,Yes,53,Yes,No,DSL,Yes,No,One year,No,Bank transfer (automatic),89.53,4736.93,No
CUST-01403,Female,0,No,Yes,24,Yes,No,No,No internet service,No internet service,Two year,No,Mailed check,34.21,792.63,No
CUST-01404,Male,0,Yes,Yes,60,Yes,No,DSL,No,Yes,One year,No,Mailed check,83.98,5047.24,No
CUST-01405,Male,0,Yes,No,3,No,No phone service,Fiber optic,Yes,No,Two year,Yes,Mailed check,25.47,39.53,No
CUST-01406,Female,0,No,No,20,Yes,No,DSL,Yes,No,One year,Yes,Bank transfer (automatic),60.74,1151.41,No
CUST-01407,Female,0,No,Yes,46,Yes,No,Fiber optic,No,No,One year,Yes,Electronic check,37.74,1809.81,No
CUST-01408,Female,1,Yes,Yes,15,No,No phone service,Fiber optic,Yes,No,Month-to-month,No,Mailed check,30.96,460.92,Yes
CUST-01409,Female,0,No,Yes,25,Yes,No,Fiber optic,No,No,Month-to-month,No,Mailed check,76.7,2002.35,No
CUST-01410,Female,0,Yes,Yes,71,Yes,Yes,Fiber optic,No,Yes,One year,Yes,Mailed check,112.83,7914.32,No
CUST-01411,Female,0,No,Yes,17,Yes,No,No,No internet service,No internet service,Two year,No,Electronic check,25.48,360.69,No
CUST-01412,Female,0,Yes,No,9,Yes,No,DSL,No,Yes,Two year,No,Electronic check,62.16,582.78,No
CUST-01413,Female,0,Yes,Yes,38,Yes,Yes,Fiber optic,No,No,Month-to-month,Yes,Bank transfer (automatic),90.75,3445.06,No
CUST-01414,Female,0,Yes,No,48,Yes,Yes,Fiber optic,No,No,Month-to-month,No,Credit card (automatic),66.27,3123.08,No
CUST-01415,Female,0,Yes,No,60,Yes,Yes,No,No internet service,No internet service,Month-to-month,No,Mailed check,100.65,6095.82,No
CUST-01416,Male,1,No,Yes,63,Yes,No,No,No internet service,No internet service,One year,Yes,Credit card (automatic),37.96,2347.99,No
CUST-01417,Female,0,Yes,No,2,Yes,No,DSL,Yes,No,Two year,No,Electronic check,115.96,291.85,No
CUST-01418,Female,0,Yes,No,11,Yes,Yes,No,No internet service,No internet service,Month-to-month,Yes,Credit card (automatic),58.52,640.2,Yes
CUST-01419,Male,1,No,No,64,Yes,Yes,Fiber optic,No,No,Two year,Yes,Bank transfer (automatic),54.16,3412.74,No
CUST-01420,Female,0,No,No,21,Yes,Yes,No,No internet service,No internet service,Month-to-month,No,Electronic check,107.46,2223.22,No
CUST-01421,Male,0,No,Yes,18,Yes,No,Fiber optic,Yes,Yes,One year,Yes,Mailed check,76.39,1443.63,Yes
CUST-01422,Female,0,Yes,No,64,Yes,Yes,DSL,Yes,No,Month-to-month,Yes,Credit card (automatic),71.64,4570.07,No
CUST-01423,Male,1,Yes,No,38,Yes,Yes,Fiber optic,No,No,Month-to-month,No,Electronic check,92.7,3571.22,No
CUST-01424,Female,0,No,Yes,32,Yes,No,Fiber optic,No,Yes,Two year,Yes,Electronic check,77.98,2565.38,No
CUST-01425,Male,0,No,Yes,11,Yes,Yes,DSL,No,Yes,Two year,No,Credit card (automatic),36.25,394.73,No
CUST-01426,Male,0,No,Yes,45,Yes,No,Fiber optic,Yes,No,Two year,No,Credit card (automatic),87.42,3922.74,No
CUST-01427,Female,0,Yes,No,33,Yes,Yes,Fiber optic,Yes,Yes,Month-to-month,No,Credit card (automatic),33.35,1080.3,Yes
CUST-01428,Female,0,No,Yes,41,Yes,Yes,No,No internet service,No internet service,Month-to-month,Yes,Electronic check,100.59,4141.79,No
CUST-01429,Male,0,No,No,8,Yes,Yes,Fiber optic,No,Yes,Month-to-month,Yes,Mailed check,118.97,1027.06,No
CUST-01430,Male,1,Yes,Yes,11,Yes,Yes,Fiber optic,Yes,Yes,Month-to-month,Yes,Electronic check,57.74,573.79,No
CUST-01431,Male,0,Yes,No,51,No,No phone service,No,No internet service,No internet service,Month-to-month,Yes,Mailed check,64.48,3299.44,No
CUST-01432,Female,1,Yes,Yes,41,Yes,No,Fiber optic,Yes,No,Two year,No,Credit card (automatic),24.64,1019.03,No
CUST-01433,Male,0,No,Yes,17,Yes,Yes,Fiber optic,Yes,No,One year,Yes,Credit card (automatic),21.37,273.08,No
CUST-01434,Male,0,Yes,No,46,Yes,Yes,DSL,Yes,Yes,One year,Yes,Bank transfer (automatic),112.14,5114.07,No
CUST-01435,Male,1,Yes,Yes,32,Yes,Yes,Fiber optic,Yes,No,Month-to-month,No,Mailed check,32.86,1017.39,No
CUST-01436,Male,0,No,Yes,54,Yes,Yes,DSL,No,Yes,Two year,No,Credit card (automatic),64.58,3525.52,No
CUST-01437,Female,0,Yes,No,20,No,No phone service,No,No internet service,No internet service,Two year,No,Mailed check,101.54,2077.75,No
CUST-01438,Female,0,No,Yes,33,Yes,Yes,No,No internet service,No internet service,Month-to-month,Yes,Mailed check,108.93,3500.92,No
CUST-01439,Male,0,No,Yes,40,Yes,No,DSL,Yes,Yes,Month-to-month,Yes,Mailed check,71.94,2909.56,No
CUST-01440,Female,0,Yes,No,32,Yes,No,DSL,No,Yes,Month-to-month,Yes,Mailed check,76.5,2473.5,No
CUST-01441,Female,0,No,No,2,No,No phone service,Fiber optic,Yes,No,One year,Yes,Electronic check,86.97,202.86,No
CUST-01442,Male,0,No,Yes,33,Yes,No,DSL,No,No,Two year,Yes,Bank transfer (automatic),116.14,3840.26,No
CUST-01443,Male,0,No,Yes,30,Yes,Yes,Fiber optic,No,Yes,Month-to-month,Yes,Mailed check,80.27,2455.62,Yes
CUST-01444,Female,0,Yes,No,33,Yes,No,Fiber optic,Yes,No,Month-to-month,Yes,Mailed check,75.95,2564.93,Yes
CUST-01445,Female,0,No,No,26,Yes,Yes,No,No internet service,No internet service,Month-to-month,No,Bank transfer (automatic),21.45,476.01,No
CUST-01446,Male,0,No,Yes,22,No,No phone service,No,No internet service,No internet service,One year,No,Credit card (automatic),28.09,615.54,No
CUST-01447,Male,0,Yes,No,66,Yes,No,Fiber optic,No,No,Month-to-month,Yes,Mailed check,77.72,5116.8,No
CUST-01448,Male,0,Yes,Yes,38,Yes,No,Fiber optic,Yes,Yes,Two year,Yes,Credit card (automatic),113.62,4288.92,No
CUST-01449,Male,1,No,Yes,46,Yes,No,Fiber optic,Yes,Yes,Two year,No,Electronic check,106.67,4884.09,No
CUST-01450,Male,0,No,No,15,Yes,No,No,No internet service,No internet service,Two year,Yes,Bank transfer (automatic),118.26,1783.24,No
CUST-01451,Female,0,Yes,No,44,Yes,Yes,DSL,No,Yes,Month-to-month,Yes,Electronic check,72.78,3137.49,No
CUST-01452,Male,0,No,No,49,Yes,Yes,Fiber optic,Yes,Yes,Month-to-month,Yes,Credit card (automatic),98.79,4874.24,No
CUST-01453,Male,0,Yes,No,61,Yes,Yes,DSL,Yes,No,Month-to-month,Yes,Bank transfer (automatic),104.04,6327.98,No
CUST-01454,Male,0,Yes,Yes,67,Yes,No,DSL,Yes,Yes,Month-to-month,Yes,Electronic check,84.8,5725.33,No
CUST-01455,Male,0,Yes,No,6,Yes,No,Fiber optic,No,Yes,Two year,Yes,Credit card (automatic),53.87,292.22,No
CUST-01456,Female,0,No,Yes,9,Yes,Yes,DSL,No,No,Two year,No,Credit card (automatic),67.0,569.29,No
CUST-01457,Female,0,Yes,Yes,6,Yes,No,Fiber optic,No,No,Month-to-month,No,Bank transfer (automatic),105.79,587.47,No
CUST-01458,Female,0,Yes,Yes,32,Yes,No,DSL,Yes,No,Two year,Yes,Bank transfer (automatic),49.85,1564.48,No
CUST-01459,Female,0,Yes,Yes,41,No,No phone service,Fiber optic,Yes,No,One year,No,Credit card (automatic),112.37,4567.1,No
CUST-01460,Female,0,No,Yes,8,Yes,Yes,DSL,Yes,Yes,Month-to-month,Yes,Credit card (automatic),42.98,365.58,No
CUST-01461,Female,0,No,No,50,Yes,Yes,No,No internet service,No internet service,Month-to-month,No,Electronic check,94.95,4799.86,Yes
CUST-01462,Male,1,Yes,No,62,Yes,No,Fiber optic,No,Yes,Month-to-month,No,Electronic check,83.06,5169.11,No
CUST-01463,Male,0,Yes,Yes,62,Yes,Yes,DSL,Yes,Yes,Month-to-month,No,Credit card (automatic),94.96,5883.65,No
CUST-01464,Male,0,No,No,7,Yes,No,DSL,Yes,No,Month-to-month,No,Mailed check,63.73,470.45,No
CUST-01465,Female,0,No,No,4,Yes,Yes,DSL,Yes,Yes,Month-to-month,Yes,Bank transfer (automatic),113.26,451.22,Yes
CUST-01466,Female,0,No,Yes,6,Yes,Yes,Fiber optic,No,Yes,Month-to-month,No,Bank transfer (automatic),83.25,500.93,No
CUST-01467,Female,0,Yes,Yes,58,Yes,Yes,DSL,No,No,Two year,Yes,Bank transfer (automatic),48.83,2816.81,No
CUST-01468,Male,0,No,No,22,Yes,Yes,DSL,No,Yes,Month-to-month,No,Credit card (automatic),83.85,1886.53,No
CUST-01469,Female,0,Yes,Yes,26,Yes,No,Fiber optic,No,Yes,Two year,No,Electronic check,48.68,1137.38,No
CUST-01470,Male,0,Yes,No,3,Yes,Yes,No,No internet service,No internet service,Two year,Yes,Electronic check,49.36,41.44,No
CUST-01471,Female,0,No,No,41,Yes,Yes,DSL,Yes,Yes,One year,No,Bank transfer (automatic),59.96,2509.72,No
CUST-01472,Male,1,Yes,Yes,60,Yes,No,DSL,Yes,No,Month-to-month,Yes,Mailed check,105.24,6304.57,No
CUST-01473,Female,0,Yes,No,14,No,No phone service,Fiber optic,Yes,Yes,Month-to-month,Yes,Bank transfer (automatic),70.03,1026.28,No
CUST-01474,Male,0,No,No,12,Yes,Yes,Fiber optic,No,Yes,Two year,Yes,Bank transfer (automatic),87.89,1024.28,No
CUST-01475,Male,0,Yes,Yes,12,Yes,No,Fiber optic,No,No,Month-to-month,No,Bank transfer (automatic),59.2,794.11,No
CUST-01476,Female,0,Yes,Yes,13,Yes,Yes,Fiber optic,No,Yes,Two year,Yes,Mailed check,46.36,595.85,No
CUST-01477,Female,0,No,No,25,Yes,Yes,DSL,No,No,Two year,No,Bank transfer (automatic),115.46,2908.97,No
CUST-01478,Male,0,Yes,Yes,45,Yes,Yes,Fiber optic,Yes,No,Month-to-month,No,Electronic check,80.36,3593.84,No
CUST-01479,Female,1,No,No,19,No,No phone service,No,No internet service,No internet service,Month-to-month,No,Mailed check,113.4,2109.74,Yes
CUST-01480,Female,0,No,Yes,55,Yes,No,No,No internet service,No internet service,Two year,Yes,Mailed check,40.34,2131.65,No
CUST-01481,Male,0,Yes,Yes,45,No,No phone service,Fiber optic,No,Yes,Month-to-month,Yes,Electronic check,34.69,1600.34,No
CUST-01482,Male,0,Yes,No,8,No,No phone service,DSL,Yes,Yes,Month-to-month,Yes,Credit card (automatic),105.58,864.41,Yes
CUST-01483,Male,0,No,No,53,Yes,No,Fiber optic,No,Yes,Month-to-month,Yes,Mailed check,88.09,4673.45,No
CUST-01484,Female,1,No,No,55,Yes,No,No,No internet service,No internet service,Month-to-month,Yes,Mailed check,38.66,2069.37,No
CUST-01485,Male,0,Yes,Yes,32,Yes,Yes,DSL,No,Yes,Month-to-month,No,Mailed check,46.94,1572.85,No
CUST-01486,Female,1,Yes,No,51,Yes,Yes,Fiber optic,Yes,No,Month-to-month,No,Credit card (automatic),100.07,5108.86,No
CUST-01487,Female,0,Yes,Yes,44,Yes,Yes,No,No internet service,No internet service,Two year,No,Bank transfer (automatic),65.39,2912.3,No
CUST-01488,Male,0,No,Yes,70,Yes,Yes,Fiber optic,Yes,No,Month-to-month,Yes,Credit card (automatic),87.05,6093.35,Yes
CUST-01489,Female,1,Yes,No,18,Yes,No,Fiber optic,No,Yes,Two year,No,Electronic check,51.84,878.65,No
CUST-01490,Female,0,Yes,No,22,No,No phone service,Fiber optic,Yes,No,One year,No,Electronic check,58.12,1328.26,No
CUST-01491,Male,0,Yes,Yes,37,No,No phone service,DSL,Yes,No,Two year,No,Electronic check,119.07,4428.13,No
CUST-01492,Male,0,Yes,No,56,Yes,No,Fiber optic,Yes,Yes,Two year,Yes,Mailed check,44.76,2497.49,No
CUST-01493,Female,0,No,Yes,59,Yes,Yes,No,No internet service,No internet service,Month-to-month,Yes,Bank transfer (automatic),70.65,4190.03,No
CUST-01494,Male,0,No,Yes,3,Yes,Yes,No,No internet service,No internet service,Month-to-month,Yes,Bank transfer (automatic),104.44,354.2,No
CUST-01495,Male,0,Yes,Yes,28,Yes,No,Fiber optic,No,No,Two year,Yes,Mailed check,43.92,1262.77,No
CUST-01496,Female,0,Yes,No,35,Yes,No,Fiber optic,No,No,One year,Yes,Bank transfer (automatic),61.52,2067.63,No
CUST-01497,Male,0,No,Yes,61,No,No phone service,DSL,No,Yes,Month-to-month,Yes,Credit card (automatic),81.51,4897.6,No
CUST-01498,Male,1,Yes,Yes,54,Yes,Yes,Fiber optic,No,No,One year,Yes,Electronic check,68.12,3715.12,No
CUST-01499,Female,0,No,No,63,Yes,No,Fiber optic,Yes,No,Two year,No,Electronic check,65.95,4120.04,No
CUST-01500,Female,0,No,No,7,Yes,Yes,Fiber optic,No,No,Month-to-month,No,Mailed check,56.25,341.32,No
CUST-01501,Female,0,No,No,49,Yes,No,Fiber optic,No,No,Month-to-month,Yes,Mailed check,78.66,3872.95,No
CUST-01502,Male,0,No,Yes,31,Yes,No,Fiber optic,No,Yes,Month-to-month,No,Mailed check,82.44,2501.69,Yes
CUST-01503,Male,0,Yes,No,58,Yes,Yes,Fiber optic,No,Yes,Month-to-month,Yes,Mailed check,85.33,4925.18,No
CUST-01504,Female,0,No,Yes,61,Yes,No,DSL,No,No,Month-to-month,No,Electronic check,27.04,1692.05,No
CUST-01505,Male,0,Yes,Yes,24,Yes,Yes,Fiber optic,Yes,No,Month-to-month,No,Mailed check,83.1,1918.69,No
CUST-01506,Male,0,Yes,Yes,20,Yes,No,Fiber optic,No,No,Month-to-month,Yes,Electronic check,115.32,2237.99,No
CUST-01507,Male,0,No,No,37,No,No phone service,DSL,Yes,Yes,Month-to-month,No,Bank transfer (automatic),74.1,2661.15,No
CUST-01508,Male,0,No,Yes,4,Yes,Yes,DSL,No,No,Month-to-month,Yes,Credit card (automatic),91.53,323.06,No
CUST-01509,Female,0,No,Yes,20,Yes,Yes,No,No internet service,No internet service,One year,Yes,Bank transfer (automatic),75.67,1517.54,No
CUST-01510,Female,0,Yes,No,60,Yes,No,DSL,No,No,Month-to-month,No,Credit card (automatic),105.47,6297.26,No
CUST-01511,Male,0,No,Yes,24,Yes,Yes,Fiber optic,No,No,Month-to-month,Yes,Mailed check,112.96,2786.21,No
CUST-01512,Male,0,No,No,50,No,No phone service,DSL,No,No,Month-to-month,No,Electronic check,38.42,1943.77,Yes
CUST-01513,Male,0,No,No,49,Yes,Yes,DSL,No,No,Month-to-month,Yes,Credit card (automatic),63.69,3119.87,No
CUST-01514,Female,0,Yes,No,51,Yes,Yes,DSL,Yes,Yes,Month-to-month,No,Electronic check,59.24,3084.61,Yes
CUST-01515,Female,1,No,No,36,Yes,Yes,Fiber optic,Yes,Yes,Month-to-month,No,Bank transfer (automatic),60.52,2112.18,Yes
CUST-01516,Female,0,No,Yes,66,Yes,Yes,No,No internet service,No internet service,Month-to-month,No,Mailed check,32.55,2191.63,No
CUST-01517,Female,0,No,Yes,34,Yes,No,No,No internet service,No internet service,One year,Yes,Mailed check,101.36,3434.43,No
CUST-01518,Female,0,Yes,Yes,36,No,No phone service,Fiber optic,No,Yes,Two year,Yes,Credit card (automatic),23.58,826.11,No
CUST-01519,Male,0,No,Yes,6,Yes,Yes,Fiber optic,No,Yes,Month-to-month,Yes,Bank transfer (automatic),72.82,467.47,Yes
CUST-01520,Male,0,Yes,No,39,Yes,Yes,Fiber optic,Yes,No,Two year,Yes,Mailed check,86.19,3340.78,No
CUST-01521,Female,1,Yes,Yes,42,Yes,Yes,Fiber optic,No,No,Two year,Yes,Bank transfer (automatic),40.75,1720.6,No
CUST-01522,Female,0,Yes,No,58,Yes,Yes,No,No internet service,No internet service,Month-to-month,Yes,Bank transfer (automatic),110.59,6409.22,No
CUST-01523,Male,0,Yes,Yes,12,Yes,Yes,No,No internet service,No internet service,Month-to-month,Yes,Electronic check,103.85,1261.52,No
CUST-01524,Female,0,Yes,Yes,3,Yes,Yes,Fiber optic,No,Yes,Month-to-month,No,Bank transfer (automatic),67.11,175.98,No
CUST-01525,Male,0,No,No,18,Yes,No,Fiber optic,No,Yes,One year,Yes,Bank transfer (automatic),61.11,1146.32,No
CUST-01526,Female,0,No,Yes,40,Yes,No,Fiber optic,Yes,Yes,Month-to-month,No,Bank transfer (automatic),43.66,1644.19,No
CUST-01527,Male,0,Yes,Yes,21,Yes,Yes,Fiber optic,No,Yes,Month-to-month,No,Bank transfer (automatic),93.0,1985.04,No
CUST-01528,Female,1,Yes,No,15,Yes,No,Fiber optic,Yes,Yes,Two year,No,Mailed check,33.17,402.99,No
CUST-01529,Male,0,Yes,Yes,26,Yes,Yes,Fiber optic,Yes,Yes,Month-to-month,No,Electronic check,88.02,2250.85,No
CUST-01530,Male,0,Yes,Yes,8,Yes,No,No,No internet service,No internet service,Two year,No,Credit card (automatic),104.25,860.12,No
CUST-01531,Female,1,No,Yes,42,Yes,Yes,No,No internet service,No internet service,Month-to-month,Yes,Electronic check,42.85,1699.02,No
CUST-01532,Female,0,No,No,44,Yes,Yes,Fiber optic,Yes,No,Month-to-month,Yes,Mailed check,106.64,4700.48,No
CUST-01533,Female,0,Yes,No,14,Yes,Yes,DSL,Yes,No,Month-to-month,No,Mailed check,23.33,258.05,No
CUST-01534,Female,0,Yes,Yes,2,Yes,No,DSL,No,Yes,Month-to-month,No,Credit card (automatic),111.28,174.11,Yes
CUST-01535,Female,1,Yes,Yes,37,No,No phone service,No,No internet service,No internet service,Two year,No,Mailed check,31.84,1127.33,No
CUST-01536,Male,0,No,Yes,69,Yes,Yes,No,No internet service,No internet service,One year,Yes,Mailed check,84.58,5768.85,No
CUST-01537,Female,0,Yes,No,38,Yes,Yes,Fiber optic,Yes,Yes,Month-to-month,Yes,Electronic check,45.01,1623.9,No
CUST-01538,Female,0,No,Yes,41,Yes,Yes,Fiber optic,Yes,Yes,Month-to-month,No,Electronic check,103.66,4353.62,No
CUST-01539,Female,0,No,No,62,Yes,Yes,Fiber optic,No,Yes,One year,No,Electronic check,71.23,4407.14,No
CUST-01540,Female,0,Yes,No,60,Yes,No,Fiber optic,No,Yes,Month-to-month,Yes,Credit card (automatic),33.52,1949.33,No
CUST-01541,Male,1,No,Yes,14,Yes,No,DSL,No,Yes,Month-to-month,Yes,Electronic check,77.1,1051.29,Yes
CUST-01542,Female,0,Yes,No,2,No,No phone service,DSL,No,Yes,One year,Yes,Credit card (automatic),60.79,123.41,No
CUST-01543,Female,0,No,No,70,Yes,Yes,DSL,Yes,Yes,Two year,Yes,Mailed check,86.14,6010.87,No
CUST-01544,Female,0,Yes,No,17,Yes,Yes,Fiber optic,Yes,Yes,Month-to-month,No,Credit card (automatic),108.19,1775.89,No
CUST-01545,Female,1,Yes,No,28,Yes,Yes,Fiber optic,No,No,One year,Yes,Credit card (automatic),60.94,1661.36,Yes
CUST-01546,Male,0,Yes,No,66,Yes,No,No,No internet service,No internet service,One year,No,Bank transfer (automatic),48.99,3292.63,No
CUST-01547,Male,1,Yes,Yes,35,Yes,Yes,DSL,Yes,No,Month-to-month,No,Bank transfer (automatic),21.45,680.61,No
CUST-01548,Male,1,Yes,No,5,Yes,No,Fiber optic,Yes,No,Two year,Yes,Mailed check,77.48,287.55,Yes
CUST-01549,Male,1,Yes,No,65,Yes,Yes,DSL,Yes,No,Month-to-month,No,Mailed check,60.23,3895.55,No
CUST-01550,Male,1,No,No,40,Yes,Yes,No,No internet service,No internet service,One year,Yes,Electronic check,57.46,2201.81,No
CUST-01551,Female,1,No,No,56,Yes,No,No,No internet service,No internet service,Two year,No,Credit card (automatic),38.29,2098.75,No
CUST-01552,Male,0,Yes,No,36,Yes,Yes,No,No internet service,No internet service,Month-to-month,No,Bank transfer (automatic),63.01,2205.76,No
CUST-01553,Male,0,No,Yes,45,Yes,Yes,DSL,Yes,No,Month-to-month,Yes,Electronic check,118.44,5267.64,No
CUST-01554,Female,0,Yes,Yes,23,Yes,No,No,No internet service,No internet service,One year,Yes,Bank transfer (automatic),49.78,1148.42,No
CUST-01555,Male,0,No,No,47,Yes,No,DSL,Yes,No,Two year,No,Electronic check,79.97,3771.44,No
CUST-01556,Male,0,No,Yes,31,Yes,No,DSL,No,No,Month-to-month,No,Bank transfer (automatic),97.65,2986.85,No
CUST-01557,Male,0,Yes,No,11,Yes,Yes,DSL,Yes,Yes,Two year,No,Electronic check,94.92,1039.4,No
CUST-01558,Male,0,Yes,Yes,10,Yes,Yes,Fiber optic,Yes,Yes,Month-to-month,No,Credit card (automatic),52.88,486.01,No
CUST-01559,Female,1,No,Yes,67,Yes,No,DSL,Yes,No,Month-to-month,No,Electronic check,81.09,5453.07,No
CUST-01560,Male,0,No,No,14,Yes,No,Fiber optic,Yes,No,Two year,Yes,Mailed check,107.13,1425.94,No
CUST-01561,Male,0,No,No,10,Yes,Yes,DSL,Yes,No,Month-to-month,Yes,Electronic check,21.54,223.66,Yes
CUST-01562,Male,0,No,No,1,No,No phone service,No,No internet service,No internet service,Month-to-month,Yes,Bank transfer (automatic),63.57,75.62,No
CUST-01563,Male,0,No,No,5,Yes,Yes,Fiber optic,No,No,One year,No,Credit card (automatic),42.43,328.95,No
CUST-01564,Male,0,No,Yes,20,Yes,Yes,Fiber optic,No,No,One year,No,Electronic check,58.86,1089.48,No
CUST-01565,Female,1,Yes,No,8,Yes,Yes,No,No internet service,No internet service,Two year,Yes,Electronic check,61.6,625.59,No
CUST-01566,Male,0,No,Yes,43,Yes,No,DSL,Yes,No,Two year,No,Mailed check,94.67,4108.64,No
CUST-01567,Male,0,Yes,No,1,Yes,Yes,DSL,Yes,No,Month-to-month,No,Bank transfer (automatic),29.38,120.75,No
CUST-01568,Female,0,No,No,57,Yes,Yes,Fiber optic,Yes,Yes,Month-to-month,No,Mailed check,71.26,4107.08,No
CUST-01569,Female,0,Yes,Yes,64,Yes,No,DSL,Yes,Yes,Month-to-month,No,Electronic check,76.42,4843.7,No
CUST-01570,Male,0,Yes,No,28,Yes,No,DSL,No,Yes,Month-to-month,No,Credit card (automatic),69.42,1976.65,No
CUST-01571,Female,0,Yes,No,37,Yes,Yes,No,No internet service,No internet service,Month-to-month,Yes,Bank transfer (automatic),93.19,3414.75,No
CUST-01572,Male,1,Yes,Yes,47,Yes,Yes,DSL,Yes,Yes,Month-to-month,Yes,Electronic check,58.38,2739.45,No
CUST-01573,Male,0,No,Yes,37,Yes,Yes,No,No internet service,No internet service,Month-to-month,No,Electronic check,114.5,4177.77,No
CUST-01574,Male,0,Yes,No,49,Yes,No,DSL,No,No,Month-to-month,No,Bank transfer (automatic),68.18,3306.89,Yes
CUST-01575,Male,1,Yes,Yes,44,Yes,Yes,No,No internet service,No internet service,Two year,No,Mailed check,77.12,3438.13,No
CUST-01576,Female,1,No,No,56,Yes,Yes,Fiber optic,Yes,Yes,Two year,No,Credit card (automatic),102.55,5764.7,No
CUST-01577,Female,0,No,Yes,28,Yes,Yes,Fiber optic,Yes,No,Month-to-month,Yes,Mailed check,47.52,1381.77,No
CUST-01578,Female,0,No,No,6,Yes,No,DSL,Yes,No,One year,Yes,Mailed check,27.52,95.23,Yes
CUST-01579,Female,0,Yes,Yes,61,Yes,Yes,DSL,Yes,Yes,Month-to-month,No,Credit card (automatic),90.78,5444.06,No
CUST-01580,Male,0,No,Yes,20,No,No phone service,Fiber optic,Yes,Yes,Month-to-month,No,Electronic check,68.3,1421.09,Yes
CUST-01581,Male,0,Yes,Yes,2,Yes,Yes,Fiber optic,Yes,No,One year,No,Bank transfer (automatic),109.65,270.68,No
CUST-01582,Male,0,Yes,No,37,Yes,Yes,DSL,No,No,Month-to-month,No,Bank transfer (automatic),118.27,4386.57,No
CUST-01583,Female,0,Yes,No,20,Yes,No,Fiber optic,No,Yes,Month-to-month,Yes,Mailed check,59.91,1219.16,No
CUST-01584,Male,0,No,No,26,Yes,Yes,DSL,No,Yes,Two year,No,Mailed check,61.54,1643.29,No
CUST-01585,Male,0,Yes,Yes,29,Yes,No,No,No internet service,No internet service,Month-to-month,Yes,Electronic check,60.8,1772.28,No
CUST-01586,Male,1,Yes,Yes,1,Yes,No,No,No internet service,No internet service,One year,No,Credit card (automatic),52.46,79.29,Yes
CUST-01587,Female,0,Yes,Yes,35,Yes,No,DSL,Yes,No,Two year,Yes,Credit card (automatic),98.17,3476.69,No
CUST-01588,Female,0,No,Yes,70,Yes,Yes,Fiber optic,Yes,Yes,Two year,No,Bank transfer (automatic),95.9,6708.32,No
CUST-01589,Female,0,No,No,59,Yes,Yes,Fiber optic,Yes,No,Two year,Yes,Credit card (automatic),67.86,3986.46,No
CUST-01590,Female,0,Yes,Yes,69,No,No phone service,No,No internet service,No internet service,Month-to-month,No,Mailed check,24.47,1707.53,No
CUST-01591,Male,0,Yes,Yes,33,Yes,No,DSL,No,No,Two year,Yes,Electronic check,50.96,1794.91,No
CUST-01592,Male,0,Yes,No,51,Yes,Yes,DSL,No,No,One year,No,Electronic check,49.23,2468.35,No
CUST-01593,Male,0,Yes,No,12,Yes,No,No,No internet service,No internet service,Two year,No,Mailed check,101.11,1191.78,No
CUST-01594,Male,0,No,Yes,20,Yes,No,No,No internet service,No internet service,Two year,Yes,Bank transfer (automatic),28.76,487.38,No
CUST-01595,Female,0,Yes,Yes,53,Yes,No,No,No internet service,No internet service,Month-to-month,No,Mailed check,100.57,5351.95,No
CUST-01596,Male,0,No,Yes,43,Yes,Yes,DSL,Yes,No,Month-to-month,Yes,Electronic check,86.92,3711.06,No
CUST-01597,Male,0,Yes,No,50,Yes,Yes,DSL,No,Yes,One year,No,Electronic check,93.24,4591.98,No
CUST-01598,Female,0,Yes,Yes,29,Yes,No,DSL,No,No,Two year,Yes,Electronic check,63.22,1830.2,No
CUST-01599,Male,0,No,Yes,57,Yes,No,No,No internet service,No internet service,Two year,Yes,Credit card (automatic),87.97,5089.02,No
CUST-01600,Male,0,Yes,Yes,39,Yes,No,Fiber optic,Yes,Yes,Two year,Yes,Mailed check,80.9,3137.5,No
CUST-01601,Female,0,Yes,No,56,Yes,Yes,No,No internet service,No internet service,Month-to-month,No,Bank transfer (automatic),96.9,5413.37,No
CUST-01602,Female,0,No,Yes,43,Yes,No,No,No internet service,No internet service,One year,Yes,Mailed check,64.68,2854.03,No
CUST-01603,Male,0,Yes,No,50,Yes,Yes,Fiber optic,Yes,No,Month-to-month,Yes,Mailed check,67.28,3363.75,No
CUST-01604,Male,0,No,No,23,Yes,Yes,Fiber optic,No,No,Two year,No,Mailed check,84.36,1879.9,No
CUST-01605,Male,0,No,No,44,Yes,No,DSL,Yes,No,Month-to-month,Yes,Credit card (automatic),30.81,1390.09,Yes
CUST-01606,Male,0,Yes,No,38,Yes,Yes,Fiber optic,No,No,Two year,Yes,Mailed check,63.62,2473.79,No
CUST-01607,Male,1,No,No,23,Yes,Yes,Fiber optic,Yes,No,Two year,Yes,Electronic check,117.2,2685.58,No
CUST-01608,Female,0,No,Yes,45,Yes,No,DSL,Yes,Yes,Month-to-month,Yes,Bank transfer (automatic),23.76,1075.72,No
CUST-01609,Male,0,Yes,Yes,52,Yes,Yes,DSL,No,No,Month-to-month,No,Credit card (automatic),51.6,2617.64,No
CUST-01610,Male,1,Yes,No,50,No,No phone service,Fiber optic,Yes,Yes,Month-to-month,Yes,Credit card (automatic),51.41,2526.97,No
CUST-01611,Male,0,Yes,No,8,No,No phone service,Fiber optic,Yes,No,Month-to-month,No,Credit card (automatic),83.35,650.15,Yes
CUST-01612,Male,0,No,Yes,1,No,No phone service,Fiber optic,No,No,Month-to-month,Yes,Credit card (automatic),30.58,34.43,Yes
CUST-01613,Male,0,Yes,No,8,Yes,Yes,Fiber optic,Yes,Yes,Month-to-month,Yes,Electronic check,82.85,631.81,No
CUST-01614,Male,0,No,Yes,29,Yes,Yes,DSL,Yes,No,Month-to-month,No,Electronic check,29.5,836.96,No
CUST-01615,Male,0,Yes,Yes,5,Yes,Yes,No,No internet service,No internet service,Month-to-month,Yes,Bank transfer (automatic),29.5,141.31,No
CUST-01616,Male,0,Yes,No,47,Yes,No,Fiber optic,Yes,No,Month-to-month,No,Mailed check,92.82,4312.64,Yes
CUST-01617,Male,0,Yes,Yes,34,Yes,No,Fiber optic,Yes,Yes,One year,No,Credit card (automatic),52.41,1768.5,No
CUST-01618,Female,0,No,Yes,65,Yes,Yes,DSL,No,No,Month-to-month,No,Mailed check,117.74,7710.9,No
CUST-01619,Female,0,No,Yes,55,Yes,Yes,Fiber optic,Yes,Yes,Month-to-month,No,Mailed check,23.74,1275.9,No
CUST-01620,Male,0,No,No,43,Yes,No,Fiber optic,Yes,Yes,Month-to-month,Yes,Bank transfer (automatic),64.51,2728.88,No
CUST-01621,Male,1,Yes,Yes,30,Yes,Yes,DSL,No,No,Month-to-month,Yes,Credit card (automatic),31.31,1043.56,No
CUST-01622,Male,0,Yes,Yes,17,Yes,Yes,Fiber optic,No,No,One year,Yes,Mailed check,55.14,948.66,No
CUST-01623,Male,0,Yes,Yes,26,Yes,Yes,DSL,No,No,Month-to-month,No,Bank transfer (automatic),119.82,3076.68,No
CUST-01624,Male,0,Yes,No,8,Yes,Yes,Fiber optic,Yes,No,Two year,Yes,Mailed check,108.88,903.22,No
CUST-01625,Male,0,Yes,No,47,Yes,No,No,No internet service,No internet service,One year,No,Bank transfer (automatic),24.83,1179.82,No
CUST-01626,Female,0,Yes,No,46,Yes,No,DSL,No,No,Month-to-month,Yes,Electronic check,76.33,3482.67,No
CUST-01627,Male,1,Yes,No,68,Yes,Yes,Fiber optic,Yes,Yes,Month-to-month,Yes,Bank transfer (automatic),84.78,5762.59,No
CUST-01628,Female,0,No,Yes,33,Yes,No,Fiber optic,Yes,Yes,One year,No,Bank transfer (automatic),40.95,1336.78,No
CUST-01629,Female,0,Yes,Yes,1,Yes,Yes,No,No internet service,No internet service,Two year,Yes,Electronic check,34.51,84.01,No
CUST-01630,Female,0,Yes,Yes,19,Yes,No,Fiber optic,Yes,Yes,One year,No,Credit card (automatic),110.44,2132.43,No
CUST-01631,Female,0,No,Yes,31,Yes,Yes,No,No internet service,No internet service,Month-to-month,No,Bank transfer (automatic),116.88,3516.13,No
CUST-01632,Female,0,Yes,No,14,Yes,No,No,No internet service,No internet service,Two year,No,Bank transfer (automatic),119.19,1763.81,No
CUST-01633,Female,0,Yes,No,53,Yes,Yes,Fiber optic,Yes,No,Two year,Yes,Mailed check,98.98,5231.52,No
CUST-01634,Female,1,No,No,48,Yes,Yes,DSL,No,Yes,Month-to-month,No,Bank transfer (automatic),86.35,4230.92,No
CUST-01635,Female,0,Yes,Yes,69,Yes,No,Fiber optic,No,Yes,Two year,No,Bank transfer (automatic),54.57,3801.13,No
CUST-01636,Female,1,No,No,62,Yes,No,DSL,Yes,No,One year,No,Mailed check,37.14,2315.09,No
CUST-01637,Male,0,Yes,No,66,Yes,Yes,Fiber optic,No,No,Month-to-month,Yes,Credit card (automatic),27.9,1836.69,No
CUST-01638,Male,0,No,Yes,64,Yes,No,Fiber optic,No,No,One year,Yes,Electronic check,89.33,5855.06,No
CUST-01639,Female,0,Yes,Yes,70,Yes,No,Fiber optic,Yes,Yes,Month-to-month,No,Electronic check,98.47,6879.32,No
CUST-01640,Female,1,No,Yes,63,No,No phone service,DSL,Yes,No,One year,Yes,Bank transfer (automatic),102.65,6433.38,No
CUST-01641,Female,0,Yes,No,33,Yes,No,Fiber optic,No,No,One year,Yes,Credit card (automatic),111.38,3646.47,No
CUST-01642,Male,0,No,Yes,41,No,No phone service,No,No internet service,No internet service,Month-to-month,No,Electronic check,107.99,4427.64,No
CUST-01643,Male,1,Yes,No,48,Yes,No,DSL,No,No,Two year,No,Mailed check,119.97,5758.53,No
CUST-01644,Female,0,Yes,No,13,Yes,Yes,Fiber optic,No,Yes,Month-to-month,Yes,Bank transfer (automatic),44.41,627.53,Yes
CUST-01645,Female,0,Yes,Yes,31,Yes,Yes,Fiber optic,Yes,Yes,Month-to-month,No,Bank transfer (automatic),96.33,3024.14,No
CUST-01646,Female,0,No,No,68,Yes,No,DSL,No,No,Month-to-month,Yes,Credit card (automatic),78.65,5386.17,No
CUST-01647,Female,0,No,No,4,Yes,Yes,Fiber optic,No,Yes,One year,Yes,Bank transfer (automatic),46.12,173.07,No
CUST-01648,Female,1,Yes,Yes,19,Yes,Yes,Fiber optic,Yes,Yes,One year,No,Credit card (automatic),118.19,2279.44,No
CUST-01649,Female,0,Yes,No,70,Yes,No,Fiber optic,Yes,No,Two year,No,Electronic check,109.79,7724.36,No
CUST-01650,Male,0,No,No,13,Yes,Yes,Fiber optic,Yes,No,Month-to-month,No,Electronic check,32.85,423.08,Yes
CUST-01651,Male,0,No,No,23,Yes,No,Fiber optic,Yes,No,Month-to-month,No,Credit card (automatic),22.62,534.22,No
CUST-01652,Male,0,No,Yes,1,Yes,No,Fiber optic,No,Yes,Month-to-month,Yes,Electronic check,88.83,127.83,No
CUST-01653,Female,0,No,No,54,Yes,Yes,DSL,No,Yes,Month-to-month,Yes,Electronic check,80.41,4352.7,No
CUST-01654,Female,0,No,Yes,71,Yes,No,Fiber optic,Yes,Yes,Two year,Yes,Electronic check,113.58,8079.51,No
CUST-01655,Male,0,No,Yes,15,Yes,No,DSL,Yes,No,Month-to-month,Yes,Credit card (automatic),43.4,721.35,No
CUST-01656,Male,0,Yes,No,65,Yes,Yes,Fiber optic,No,Yes,Month-to-month,No,Mailed check,28.44,1859.55,No
CUST-01657,Female,0,Yes,Yes,71,Yes,No,DSL,No,Yes,Month-to-month,No,Mailed check,45.92,3229.93,No
CUST-01658,Male,0,Yes,No,15,Yes,Yes,No,No internet service,No internet service,One year,No,Electronic check,21.89,261.07,No
CUST-01659,Male,0,No,Yes,21,Yes,No,No,No internet service,No internet service,Two year,Yes,Mailed check,23.59,501.05,No
CUST-01660,Male,0,No,Yes,19,Yes,Yes,DSL,No,No,One year,No,Electronic check,111.49,2101.74,No
CUST-01661,Male,0,Yes,No,60,Yes,No,No,No internet service,No internet service,Two year,Yes,Bank transfer (automatic),55.2,3352.42,No
CUST-01662,Female,1,Yes,Yes,33,Yes,Yes,Fiber optic,No,Yes,Month-to-month,No,Mailed check,61.08,2094.52,Yes
CUST-01663,Female,0,No,No,49,Yes,Yes,DSL,Yes,No,One year,No,Bank transfer (automatic),21.84,1018.67,No
CUST-01664,Female,0,Yes,No,35,Yes,No,No,No internet service,No internet service,Month-to-month,Yes,Electronic check,47.05,1602.46,Yes
CUST-01665,Female,0,Yes,No,44,Yes,Yes,Fiber optic,Yes,No,Month-to-month,No,Mailed check,100.47,4419.47,No
CUST-01666,Male,0,No,No,11,Yes,Yes,Fiber optic,No,Yes,One year,Yes,Mailed check,81.55,857.05,No
CUST-01667,Male,0,Yes,No,66,Yes,Yes,No,No internet service,No internet service,Month-to-month,Yes,Bank transfer (automatic),95.38,6283.98,No
CUST-01668,Male,0,Yes,Yes,46,Yes,No,DSL,No,Yes,One year,No,Electronic check,64.72,2950.31,No
CUST-01669,Female,0,No,No,9,Yes,Yes,Fiber optic,No,Yes,Two year,No,Mailed check,50.97,408.34,No
CUST-01670,Female,0,No,No,3,Yes,No,DSL,Yes,Yes,Two year,No,Credit card (automatic),68.28,246.13,No
CUST-01671,Female,0,No,No,26,Yes,No,Fiber optic,No,No,Month-to-month,Yes,Electronic check,52.31,1363.82,No
CUST-01672,Female,0,No,No,48,Yes,No,DSL,No,Yes,Month-to-month,No,Credit card (automatic),103.9,5078.72,No
CUST-01673,Male,0,Yes,Yes,66,Yes,Yes,Fiber optic,Yes,No,One year,Yes,Mailed check,49.77,3302.77,No
CUST-01674,Female,0,Yes,Yes,70,Yes,No,Fiber optic,Yes,No,Two year,No,Mailed check,85.98,6083.03,No
CUST-01675,Male,0,No,Yes,28,Yes,Yes,DSL,Yes,No,Month-to-month,Yes,Credit card (automatic),33.7,907.16,No
CUST-01676,Male,0,No,Yes,26,Yes,No,DSL,Yes,Yes,Two year,No,Mailed check,88.69,2268.88,No
CUST-01677,Male,0,No,No,25,No,No phone service,Fiber optic,Yes,Yes,One year,No,Mailed check,111.33,2894.29,No
CUST-01678,Female,0,Yes,No,12,Yes,No,Fiber optic,No,No,Month-to-month,No,Electronic check,80.86,939.87,Yes
CUST-01679,Female,1,Yes,No,5,Yes,Yes,Fiber optic,Yes,No,Month-to-month,Yes,Electronic check,75.99,332.49,Yes
CUST-01680,Male,0,Yes,No,48,Yes,No,Fiber optic,No,No,Two year,Yes,Electronic check,116.11,5514.72,No
CUST-01681,Male,0,No,No,37,Yes,Yes,Fiber optic,Yes,No,Month-to-month,Yes,Bank transfer (automatic),82.74,3157.17,Yes
CUST-01682,Female,1,No,No,44,Yes,Yes,No,No internet service,No internet service,Month-to-month,Yes,Electronic check,45.96,2008.51,No
CUST-01683,Female,0,Yes,No,15,Yes,No,No,No internet service,No internet service,Two year,No,Mailed check,49.24,758.77,No
CUST-01684,Female,0,Yes,No,43,Yes,No,No,No internet service,No internet service,Month-to-month,Yes,Mailed check,90.53,3900.36,No
CUST-01685,Female,1,No,No,48,Yes,No,No,No internet service,No internet service,Two year,No,Bank transfer (automatic),93.54,4453.75,No
CUST-01686,Male,0,No,No,70,Yes,Yes,DSL,Yes,No,One year,No,Mailed check,50.35,3509.68,No
CUST-01687,Male,0,No,Yes,46,Yes,Yes,DSL,No,No,One year,No,Bank transfer (automatic),54.53,2550.66,No
CUST-01688,Male,0,No,Yes,43,Yes,Yes,DSL,No,Yes,Two year,Yes,Electronic check,119.11,5060.44,No
CUST-01689,Male,1,No,No,21,Yes,No,No,No internet service,No internet service,Two year,Yes,Credit card (automatic),30.2,667.91,No
CUST-01690,Male,0,No,No,23,Yes,Yes,Fiber optic,Yes,Yes,Month-to-month,No,Credit card (automatic),60.46,1462.28,No
CUST-01691,Male,0,No,Yes,47,Yes,Yes,DSL,Yes,No,Two year,No,Credit card (automatic),26.24,1247.9,No
CUST-01692,Female,0,No,No,15,Yes,Yes,Fiber optic,No,No,One year,No,Credit card (automatic),102.11,1598.32,No
CUST-01693,Male,0,Yes,No,25,Yes,Yes,Fiber optic,Yes,Yes,Month-to-month,Yes,Credit card (automatic),29.23,662.18,Yes
CUST-01694,Female,0,Yes,No,36,Yes,No,DSL,No,Yes,Two year,No,Bank transfer (automatic),87.4,3054.9,No
CUST-01695,Female,0,Yes,No,51,Yes,No,Fiber optic,Yes,No,Month-to-month,No,Mailed check,25.65,1320.28,No
CUST-01696,Male,0,No,No,15,Yes,No,DSL,No,No,Two year,Yes,Bank transfer (automatic),87.29,1280.03,No
CUST-01697,Female,0,Yes,Yes,68,Yes,Yes,No,No internet service,No internet service,One year,No,Mailed check,104.3,7136.34,No
CUST-01698,Male,0,Yes,No,21,Yes,Yes,DSL,Yes,No,Month-to-month,No,Electronic check,59.88,1241.96,No
CUST-01699,Male,0,Yes,Yes,13,Yes,No,Fiber optic,Yes,Yes,Month-to-month,No,Bank transfer (automatic),72.21,946.09,No
CUST-01700,Female,0,No,No,19,Yes,No,No,No internet service,No internet service,Month-to-month,No,Electronic check,60.15,1146.9,No
CUST-01701,Female,0,No,No,34,Yes,Yes,No,No internet service,No internet service,Month-to-month,Yes,Mailed check,50.05,1707.34,No
CUST-01702,Female,1,No,No,68,Yes,Yes,Fiber optic,No,No,Two year,No,Mailed check,100.33,6795.31,No
CUST-01703,Female,0,Yes,Yes,52,Yes,Yes,DSL,Yes,No,Two year,Yes,Mailed check,47.2,2386.17,No
CUST-01704,Female,0,Yes,Yes,27,Yes,No,No,No internet service,No internet service,One year,No,Mailed check,92.29,2480.87,No
CUST-01705,Female,0,No,No,29,Yes,Yes,DSL,Yes,Yes,Month-to-month,No,Credit card (automatic),40.62,1250.48,No
CUST-01706,Female,0,Yes,Yes,28,Yes,Yes,Fiber optic,Yes,No,One year,Yes,Mailed check,44.99,1229.28,No
CUST-01707,Female,0,Yes,Yes,35,Yes,No,No,No internet service,No internet service,One year,Yes,Mailed check,53.65,1847.03,No
CUST-01708,Female,0,No,Yes,8,Yes,Yes,No,No internet service,No internet service,Month-to-month,No,Electronic check,78.92,639.24,No
CUST-01709,Male,0,No,No,16,Yes,Yes,DSL,No,No,Two year,No,Electronic check,65.44,988.18,No
CUST-01710,Male,0,No,Yes,36,Yes,No,Fiber optic,Yes,No,Two year,Yes,Credit card (automatic),94.51,3452.53,No
CUST-01711,Female,0,No,Yes,30,Yes,Yes,Fiber optic,Yes,No,Two year,No,Credit card (automatic),41.36,1186.71,No
CUST-01712,Female,0,No,Yes,18,Yes,Yes,No,No internet service,No internet service,Month-to-month,No,Credit card (automatic),21.07,364.8,No
CUST-01713,Female,1,No,No,2,Yes,Yes,Fiber optic,No,Yes,Month-to-month,No,Credit card (automatic),97.66,322.27,No
CUST-01714,Male,1,No,Yes,49,Yes,No,Fiber optic,No,No,Month-to-month,Yes,Credit card (automatic),102.16,4948.71,Yes
CUST-01715,Male,0,No,Yes,4,Yes,No,DSL,No,Yes,Two year,Yes,Electronic check,25.95,177.42,No
CUST-01716,Female,0,No,No,7,Yes,Yes,No,No internet service,No internet service,Two year,Yes,Electronic check,81.09,573.69,No
CUST-01717,Female,0,No,No,39,Yes,Yes,DSL,Yes,Yes,Month-to-month,Yes,Bank transfer (automatic),57.82,2268.1,No
CUST-01718,Female,0,No,No,13,Yes,Yes,No,No internet service,No internet service,Two year,No,Credit card (automatic),99.39,1251.6,No
CUST-01719,Female,0,No,Yes,31,Yes,No,No,No internet service,No internet service,Two year,Yes,Mailed check,107.44,3370.58,No
CUST-01720,Male,0,Yes,No,71,Yes,Yes,DSL,No,No,Month-to-month,No,Credit card (automatic),105.1,7443.8,No
CUST-01721,Male,0,No,No,63,No,No phone service,Fiber optic,No,No,One year,No,Bank transfer (automatic),97.72,6098.97,No
CUST-01722,Female,0,Yes,Yes,56,Yes,Yes,Fiber optic,No,No,Month-to-month,No,Bank transfer (automatic),46.91,2699.74,No
CUST-01723,Female,0,Yes,No,42,Yes,No,Fiber optic,No,No,Two year,Yes,Mailed check,101.19,4230.69,No
CUST-01724,Male,0,Yes,Yes,61,Yes,No,Fiber optic,No,Yes,Month-to-month,Yes,Electronic check,73.35,4381.38,Yes
CUST-01725,Male,0,No,No,42,No,No phone service,Fiber optic,No,Yes,Two year,No,Bank transfer (automatic),25.28,1048.32,No
CUST-01726,Female,0,No,No,56,Yes,No,DSL,No,No,Month-to-month,Yes,Mailed check,65.69,3719.04,No
CUST-01727,Female,0,No,Yes,36,Yes,Yes,No,No internet service,No internet service,Two year,No,Mailed check,114.22,4144.34,No
CUST-01728,Male,0,No,Yes,68,Yes,No,Fiber optic,No,Yes,One year,No,Bank transfer (automatic),108.79,7365.68,No
CUST-01729,Male,0,Yes,Yes,7,Yes,Yes,Fiber optic,Yes,No,Two year,Yes,Bank transfer (automatic),30.23,162.74,No
CUST-01730,Male,0,Yes,Yes,54,Yes,No,DSL,No,Yes,Month-to-month,No,Electronic check,94.41,5029.83,No
CUST-01731,Female,0,No,No,1,Yes,No,Fiber optic,No,Yes,Month-to-month,Yes,Mailed check,100.58,99.44,Yes
CUST-01732,Male,0,No,No,44,Yes,No,No,No internet service,No internet service,Month-to-month,No,Mailed check,47.14,2081.71,No
CUST-01733,Female,0,No,Yes,45,Yes,No,Fiber optic,Yes,Yes,Month-to-month,Yes,Electronic check,67.16,3057.65,No
CUST-01734,Male,1,No,No,47,Yes,Yes,No,No internet service,No internet service,Month-to-month,No,Bank transfer (automatic),91.1,4274.25,No
CUST-01735,Male,0,Yes,Yes,13,Yes,No,Fiber optic,Yes,Yes,Month-to-month,No,Mailed check,63.9,821.77,No
CUST-01736,Male,0,No,No,22,Yes,No,No,No internet service,No internet service,Month-to-month,Yes,Electronic check,31.28,674.24,Yes
CUST-01737,Female,0,Yes,Yes,21,Yes,No,No,No internet service,No internet service,Two year,Yes,Mailed check,90.59,1910.03,No
CUST-01738,Female,0,No,Yes,9,Yes,No,Fiber optic,No,No,Month-to-month,No,Mailed check,111.16,993.76,No
CUST-01739,Male,0,No,Yes,26,No,No phone service,Fiber optic,Yes,Yes,Two year,Yes,Bank transfer (automatic),85.25,2263.45,No
CUST-01740,Female,0,No,Yes,9,Yes,Yes,DSL,Yes,No,Two year,No,Mailed check,97.38,891.96,No
CUST-01741,Male,1,No,No,15,Yes,Yes,No,No internet service,No internet service,Month-to-month,No,Bank transfer (automatic),55.84,843.0,No
CUST-01742,Female,1,No,Yes,10,Yes,Yes,No,No internet service,No internet service,Month-to-month,No,Mailed check,38.32,381.11,No
CUST-01743,Male,1,No,Yes,42,Yes,No,Fiber optic,No,Yes,Month-to-month,No,Mailed check,84.28,3492.67,Yes
CUST-01744,Male,0,Yes,No,24,Yes,Yes,DSL,No,No,Month-to-month,Yes,Mailed check,52.78,1266.69,No
CUST-01745,Female,1,Yes,No,49,Yes,Yes,No,No internet service,No internet service,One year,Yes,Electronic check,106.01,5162.16,Yes
CUST-01746,Male,0,No,Yes,26,Yes,No,DSL,No,No,Month-to-month,Yes,Bank transfer (automatic),32.26,856.09,No
CUST-01747,Female,0,Yes,No,37,Yes,Yes,Fiber optic,No,Yes,Month-to-month,No,Electronic check,63.35,2333.51,No
CUST-01748,Male,0,No,No,68,Yes,No,DSL,Yes,Yes,Two year,No,Credit card (automatic),59.67,4140.78,No
CUST-01749,Female,0,Yes,Yes,50,Yes,Yes,No,No internet service,No internet service,One year,No,Mailed check,113.81,5627.4,No
CUST-01750,Male,0,No,Yes,24,Yes,Yes,Fiber optic,Yes,Yes,Month-to-month,No,Credit card (automatic),35.31,692.41,No
CUST-01751,Male,0,Yes,Yes,19,Yes,Yes,DSL,Yes,No,Two year,No,Bank transfer (automatic),20.98,412.0,No
CUST-01752,Female,0,No,No,60,Yes,Yes,DSL,No,No,Month-to-month,Yes,Electronic check,43.81,2596.44,No
CUST-01753,Male,0,Yes,No,39,Yes,No,DSL,Yes,No,One year,No,Electronic check,102.03,3987.22,No
CUST-01754,Female,0,Yes,No,18,No,No phone service,Fiber optic,No,No,Month-to-month,No,Bank transfer (automatic),40.93,674.96,No
CUST-01755,Male,0,No,Yes,19,Yes,No,DSL,No,No,One year,No,Bank transfer (automatic),44.09,933.16,No
CUST-01756,Male,1,No,Yes,36,Yes,No,DSL,Yes,No,One year,No,Electronic check,32.99,1168.31,No
CUST-01757,Male,0,No,No,55,No,No phone service,No,No internet service,No internet service,Month-to-month,No,Credit card (automatic),91.54,4999.3,No
CUST-01758,Male,0,No,Yes,69,Yes,No,DSL,No,Yes,One year,No,Bank transfer (automatic),26.92,1952.0,No
CUST-01759,Female,0,No,No,47,Yes,No,Fiber optic,Yes,No,Month-to-month,No,Mailed check,53.12,2538.66,No
CUST-01760,Female,1,Yes,No,49,No,No phone service,Fiber optic,No,No,One year,Yes,Credit card (automatic),48.25,2433.73,No
CUST-01761,Female,0,No,Yes,33,Yes,No,DSL,No,No,Month-to-month,Yes,Electronic check,75.52,2483.55,No
CUST-01762,Male,0,No,Yes,21,Yes,Yes,Fiber optic,No,No,Two year,Yes,Bank transfer (automatic),93.04,1956.19,No
CUST-01763,Female,0,Yes,No,22,Yes,No,Fiber optic,No,No,Month-to-month,No,Bank transfer (automatic),73.29,1582.54,No
CUST-01764,Female,1,Yes,Yes,48,Yes,No,Fiber optic,No,Yes,Month-to-month,No,Credit card (automatic),113.1,5393.13,No
CUST-01765,Male,0,Yes,Yes,37,Yes,Yes,DSL,No,No,Two year,Yes,Bank transfer (automatic),115.14,4280.09,No
CUST-01766,Female,0,No,Yes,15,Yes,No,DSL,Yes,Yes,Month-to-month,Yes,Mailed check,56.15,823.83,Yes
CUST-01767,Male,0,No,Yes,35,Yes,No,Fiber optic,Yes,No,Two year,No,Electronic check,97.77,3532.99,No
CUST-01768,Male,1,Yes,Yes,71,Yes,No,DSL,No,No,Two year,Yes,Credit card (automatic),93.88,6707.61,No
CUST-01769,Female,0,Yes,Yes,32,Yes,No,DSL,Yes,Yes,Month-to-month,No,Credit card (automatic),109.3,3591.76,No
CUST-01770,Female,0,No,No,11,Yes,Yes,Fiber optic,No,Yes,Month-to-month,No,Mailed check,64.79,601.26,No
CUST-01771,Female,0,Yes,Yes,10,Yes,Yes,Fiber optic,No,No,Two year,No,Bank transfer (automatic),73.05,825.27,No
CUST-01772,Female,0,No,No,57,Yes,Yes,Fiber optic,No,No,Two year,No,Credit card (automatic),61.58,3390.81,No
CUST-01773,Male,0,Yes,No,25,Yes,No,Fiber optic,Yes,Yes,Month-to-month,Yes,Electronic check,105.04,2562.95,No
CUST-01774,Female,0,Yes,No,2,Yes,Yes,DSL,Yes,No,One year,No,Bank transfer (automatic),42.97,0.0,No
CUST-01775,Male,1,No,Yes,64,Yes,Yes,Fiber optic,Yes,Yes,Two year,No,Credit card (automatic),43.97,2826.23,No
CUST-01776,Female,0,Yes,No,35,Yes,No,Fiber optic,Yes,No,Month-to-month,Yes,Credit card (automatic),57.26,2003.19,Yes
CUST-01777,Male,1,Yes,Yes,7,No,No phone service,DSL,No,Yes,One year,No,Electronic check,43.03,340.96,No
CUST-01778,Female,0,No,No,18,Yes,No,DSL,No,No,One year,Yes,Credit card (automatic),76.1,1365.38,No
CUST-01779,Female,1,No,No,67,Yes,No,Fiber optic,No,No,One year,No,Bank transfer (automatic),33.45,2302.41,No
CUST-01780,Male,0,Yes,No,42,Yes,No,Fiber optic,Yes,Yes,Month-to-month,No,Mailed check,52.02,2138.21,No
CUST-01781,Female,0,No,Yes,39,Yes,Yes,No,No internet service,No internet service,Month-to-month,No,Credit card (automatic),111.34,4404.67,No
CUST-01782,Female,0,No,No,41,Yes,No,Fiber optic,Yes,No,Month-to-month,No,Mailed check,60.92,2496.18,Yes
CUST-01783,Female,0,No,No,24,Yes,No,No,No internet service,No internet service,Month-to-month,Yes,Electronic check,94.82,2393.47,Yes
CUST-01784,Female,0,Yes,Yes,60,Yes,No,DSL,No,No,Month-to-month,No,Mailed check,31.35,1924.6,No
CUST-01785,Male,0,Yes,No,46,Yes,Yes,Fiber optic,No,Yes,Month-to-month,No,Credit card (automatic),44.76,2043.78,No
CUST-01786,Male,0,Yes,No,19,Yes,No,DSL,Yes,Yes,Month-to-month,No,Electronic check,100.73,1912.17,No
CUST-01787,Female,0,Yes,No,68,Yes,Yes,Fiber optic,Yes,No,Month-to-month,No,Bank transfer (automatic),96.3,6497.94,No
CUST-01788,Male,0,Yes,No,42,Yes,Yes,DSL,Yes,Yes,Month-to-month,No,Mailed check,58.62,2480.01,No
CUST-01789,Female,0,Yes,No,32,Yes,No,No,No internet service,No internet service,Two year,Yes,Credit card (automatic),115.44,3678.87,No
CUST-01790,Male,0,Yes,No,39,Yes,Yes,Fiber optic,Yes,No,Two year,Yes,Bank transfer (automatic),111.06,4367.55,No
CUST-01791,Male,0,No,Yes,36,Yes,No,No,No internet service,No internet service,Month-to-month,No,Mailed check,116.23,4117.38,No
CUST-01792,Male,0,No,No,36,Yes,Yes,Fiber optic,Yes,No,Month-to-month,No,Bank transfer (automatic),62.79,2243.96,No
CUST-01793,Female,0,Yes,Yes,3,Yes,No,Fiber optic,Yes,Yes,Two year,No,Credit card (automatic),39.75,61.27,No
CUST-01794,Male,0,Yes,Yes,8,Yes,No,DSL,Yes,No,One year,No,Credit card (automatic),82.67,606.49,No
CUST-01795,Male,0,No,Yes,70,Yes,No,Fiber optic,No,Yes,One year,Yes,Mailed check,88.48,6223.9,No
CUST-01796,Female,0,Yes,Yes,41,Yes,Yes,DSL,No,Yes,One year,No,Mailed check,32.54,1390.37,No
CUST-01797,Male,0,Yes,No,68,Yes,Yes,DSL,Yes,Yes,Month-to-month,No,Credit card (automatic),98.65,6591.57,No
CUST-01798,Female,0,Yes,No,13,Yes,Yes,DSL,Yes,No,Two year,Yes,Bank transfer (automatic),21.81,376.62,No
CUST-01799,Male,0,No,Yes,49,Yes,Yes,No,No internet service,No internet service,Two year,Yes,Mailed check,68.27,3415.43,No
CUST-01800,Female,0,No,Yes,60,Yes,No,No,No internet service,No internet service,Month-to-month,No,Credit card (automatic),53.1,3118.67,Yes
CUST-01801,Male,0,No,No,2,Yes,Yes,No,No internet service,No internet service,One year,Yes,Electronic check,94.03,229.4,No
CUST-01802,Female,0,Yes,No,60,Yes,Yes,No,No internet service,No internet service,Month-to-month,Yes,Bank transfer (automatic),51.28,3053.79,Yes
CUST-01803,Male,0,No,No,5,Yes,Yes,Fiber optic,Yes,No,One year,Yes,Electronic check,102.68,508.49,No
CUST-01804,Male,0,No,Yes,44,Yes,Yes,No,No internet service,No internet service,Month-to-month,No,Electronic check,79.5,3528.1,No
CUST-01805,Female,0,Yes,Yes,27,Yes,Yes,DSL,Yes,No,Month-to-month,Yes,Bank transfer (automatic),99.39,2707.53,Yes
CUST-01806,Male,1,Yes,Yes,32,Yes,Yes,Fiber optic,Yes,Yes,One year,No,Electronic check,118.93,3777.11,No
CUST-01807,Male,0,Yes,No,21,Yes,Yes,Fiber optic,No,No,Two year,Yes,Electronic check,87.92,1817.46,No
CUST-01808,Female,0,Yes,Yes,8,Yes,Yes,DSL,No,Yes,Month-to-month,No,Electronic check,118.5,922.09,Yes
CUST-01809,Female,0,No,Yes,50,Yes,Yes,No,No internet service,No internet service,Two year,No,Credit card (automatic),22.88,1201.14,No
CUST-01810,Male,0,No,No,67,Yes,No,DSL,Yes,Yes,Month-to-month,No,Electronic check,53.81,3512.18,No
CUST-01811,Female,0,Yes,No,44,Yes,No,No,No internet service,No internet service,One year,Yes,Electronic check,30.79,1346.66,No
CUST-01812,Male,1,Yes,No,58,Yes,No,No,No internet service,No internet service,Two year,Yes,Bank transfer (automatic),46.23,2759.97,No
CUST-01813,Female,0,Yes,No,3,Yes,Yes,Fiber optic,Yes,No,Month-to-month,Yes,Bank transfer (automatic),103.89,346.86,No
CUST-01814,Female,0,Yes,No,70,Yes,No,DSL,Yes,No,Month-to-month,No,Electronic check,23.23,1678.65,No
CUST-01815,Female,0,Yes,Yes,2,Yes,No,Fiber optic,Yes,No,Month-to-month,No,Electronic check,72.02,136.64,Yes
CUST-01816,Female,0,No,Yes,44,Yes,No,DSL,No,Yes,One year,No,Electronic check,76.71,3317.06,No
CUST-01817,Male,0,Yes,No,2,Yes,No,DSL,No,No,Two year,Yes,Credit card (automatic),76.12,155.02,No
CUST-01818,Female,0,No,Yes,35,Yes,No,Fiber optic,Yes,No,One year,No,Electronic check,67.53,2329.1,No
CUST-01819,Male,1,Yes,No,30,Yes,No,Fiber optic,No,No,Two year,No,Bank transfer (automatic),99.06,3083.33,No
CUST-01820,Male,0,No,Yes,8,Yes,No,DSL,Yes,Yes,Month-to-month,No,Bank transfer (automatic),33.35,258.89,Yes
CUST-01821,Male,0,Yes,No,22,Yes,Yes,DSL,Yes,No,Month-to-month,No,Electronic check,51.06,1155.19,No
CUST-01822,Male,0,Yes,No,44,Yes,Yes,No,No internet service,No internet service,Month-to-month,No,Electronic check,81.57,3674.2,Yes
CUST-01823,Male,1,No,Yes,58,Yes,Yes,Fiber optic,Yes,No,One year,No,Bank transfer (automatic),89.1,5112.96,No
CUST-01824,Female,0,No,No,36,Yes,No,No,No internet service,No internet service,Month-to-month,No,Electronic check,60.41,2060.77,No
CUST-01825,Female,0,No,No,69,Yes,Yes,DSL,Yes,Yes,Two year,No,Electronic check,107.54,7444.76,No
CUST-01826,Male,1,No,No,31,Yes,Yes,DSL,Yes,No,Month-to-month,No,Credit card (automatic),61.55,1941.97,No
CUST-01827,Male,0,No,Yes,47,Yes,No,Fiber optic,Yes,No,Month-to-month,No,Electronic check,60.28,2812.46,No
CUST-01828,Female,0,No,Yes,55,Yes,No,Fiber optic,Yes,No,Month-to-month,Yes,Credit card (automatic),23.62,1241.29,No
CUST-01829,Male,0,No,No,62,Yes,No,DSL,Yes,Yes,One year,No,Mailed check,75.11,4672.31,No
CUST-01830,Female,0,No,Yes,30,Yes,No,No,No internet service,No internet service,One year,Yes,Credit card (automatic),90.87,2724.91,No
CUST-01831,Male,1,Yes,Yes,55,Yes,Yes,No,No internet service,No internet service,One year,No,Electronic check,31.44,1745.31,No
CUST-01832,Female,1,Yes,No,16,Yes,Yes,DSL,No,No,Two year,Yes,Electronic check,50.54,751.99,No
CUST-01833,Female,1,Yes,Yes,12,Yes,No,DSL,Yes,Yes,Two year,Yes,Bank transfer (automatic),98.13,1193.8,No
CUST-01834,Male,0,No,No,17,Yes,No,Fiber optic,Yes,Yes,Month-to-month,No,Electronic check,56.59,1003.01,No
CUST-01835,Female,0,No,No,16,Yes,No,No,No internet service,No internet service,Month-to-month,No,Electronic check,44.16,631.27,No
CUST-01836,Male,0,Yes,No,12,Yes,Yes,DSL,Yes,No,Month-to-month,Yes,Electronic check,87.22,1119.66,No
CUST-01837,Female,0,No,No,8,Yes,No,DSL,Yes,Yes,Month-to-month,Yes,Credit card (automatic),39.68,330.16,Yes
CUST-01838,Female,0,Yes,Yes,3,No,No phone service,Fiber optic,No,No,Two year,Yes,Credit card (automatic),109.57,371.26,No
CUST-01839,Male,0,No,No,16,Yes,No,Fiber optic,No,No,Month-to-month,Yes,Mailed check,30.56,425.01,No
CUST-01840,Female,1,No,Yes,30,Yes,Yes,Fiber optic,Yes,Yes,One year,No,Credit card (automatic),90.65,2753.63,No
CUST-01841,Female,1,No,Yes,23,Yes,Yes,Fiber optic,No,Yes,One year,Yes,Bank transfer (automatic),69.95,1526.62,No
CUST-01842,Male,0,No,Yes,5,Yes,No,DSL,Yes,No,Month-to-month,No,Credit card (automatic),106.99,487.54,No
CUST-01843,Female,0,Yes,No,65,Yes,No,Fiber optic,No,No,One year,Yes,Electronic check,32.62,2133.47,No
CUST-01844,Male,0,Yes,No,30,Yes,No,Fiber optic,Yes,Yes,Two year,No,Credit card (automatic),87.79,2619.9,No
CUST-01845,Male,0,Yes,No,21,Yes,Yes,No,No internet service,No internet service,Month-to-month,No,Electronic check,77.21,1622.78,Yes
CUST-01846,Female,0,No,No,70,Yes,Yes,No,No internet service,No internet service,One year,No,Bank transfer (automatic),68.01,4857.07,No
CUST-01847,Male,1,Yes,No,22,Yes,No,Fiber optic,No,Yes,One year,Yes,Mailed check,69.14,1521.67,No
CUST-01848,Female,0,Yes,No,32,Yes,No,No,No internet service,No internet service,Two year,Yes,Mailed check,92.2,2985.89,No
CUST-01849,Female,0,Yes,No,33,Yes,Yes,Fiber optic,Yes,No,Month-to-month,No,Mailed check,113.77,3751.07,No
CUST-01850,Male,0,Yes,Yes,16,Yes,No,Fiber optic,Yes,No,Two year,No,Mailed check,29.13,461.26,No
CUST-01851,Female,0,Yes,Yes,38,No,No phone service,DSL,Yes,Yes,Month-to-month,Yes,Electronic check,21.95,785.19,No
CUST-01852,Female,0,Yes,No,14,Yes,Yes,Fiber optic,Yes,Yes,One year,Yes,Electronic check,100.57,1426.39,No
CUST-01853,Female,0,No,No,36,Yes,Yes,No,No internet service,No internet service,Month-to-month,Yes,Credit card (automatic),30.82,1236.29,Yes
CUST-01854,Male,0,No,Yes,23,Yes,Yes,Fiber optic,No,No,Month-to-month,Yes,Electronic check,118.67,2733.8,Yes
CUST-01855,Male,0,No,No,66,Yes,Yes,Fiber optic,Yes,Yes,Month-to-month,No,Mailed check,81.93,5394.03,No
CUST-01856,Female,0,No,Yes,2,Yes,Yes,DSL,Yes,No,One year,Yes,Electronic check,85.09,227.19,No
CUST-01857,Male,0,Yes,Yes,65,Yes,No,Fiber optic,No,No,One year,Yes,Bank transfer (automatic),39.89,2643.99,No
CUST-01858,Female,0,Yes,No,67,No,No phone service,Fiber optic,Yes,No,Two year,Yes,Bank transfer (automatic),44.03,2971.96,No
CUST-01859,Female,0,No,No,52,Yes,Yes,DSL,Yes,No,Month-to-month,Yes,Bank transfer (automatic),85.94,4453.46,No
CUST-01860,Male,0,Yes,Yes,62,Yes,No,DSL,Yes,Yes,One year,Yes,Mailed check,110.97,6937.36,No
CUST-01861,Male,0,Yes,Yes,23,Yes,No,Fiber optic,No,No,Month-to-month,Yes,Credit card (automatic),118.24,2725.57,Yes
CUST-01862,Male,0,Yes,No,26,Yes,Yes,No,No internet service,No internet service,Month-to-month,Yes,Electronic check,39.8,1080.49,No
CUST-01863,Female,0,No,Yes,68,Yes,Yes,Fiber optic,No,Yes,Month-to-month,No,Credit card (automatic),33.41,2230.92,No
CUST-01864,Male,0,Yes,No,55,Yes,Yes,DSL,No,No,Month-to-month,Yes,Electronic check,25.64,1380.86,No
CUST-01865,Female,0,No,No,6,Yes,Yes,Fiber optic,No,No,Month-to-month,No,Mailed check,106.83,645.82,No
CUST-01866,Female,0,No,No,35,Yes,No,Fiber optic,No,Yes,Month-to-month,No,Bank transfer (automatic),49.47,1669.69,Yes
CUST-01867,Female,0,Yes,No,22,Yes,No,Fiber optic,Yes,Yes,Month-to-month,Yes,Mailed check,20.18,425.46,Yes
CUST-01868,Male,0,No,Yes,43,No,No phone service,Fiber optic,Yes,No,Two year,Yes,Bank transfer (automatic),42.38,1758.36,No
CUST-01869,Male,0,No,No,15,Yes,No,Fiber optic,Yes,No,Month-to-month,No,Credit card (automatic),54.04,733.36,Yes
CUST-01870,Male,0,No,No,60,Yes,No,DSL,Yes,No,Two year,No,Credit card (automatic),119.1,7267.8,No
CUST-01871,Female,0,No,Yes,12,Yes,Yes,No,No internet service,No internet service,Month-to-month,No,Mailed check,72.35,837.75,No
CUST-01872,Female,0,No,Yes,49,Yes,No,No,No internet service,No internet service,Two year,No,Mailed check,40.47,1956.98,No
CUST-01873,Male,0,Yes,Yes,42,Yes,Yes,DSL,Yes,Yes,Month-to-month,Yes,Electronic check,53.48,2250.17,No
CUST-01874,Male,0,Yes,No,38,Yes,No,DSL,No,Yes,Two year,No,Credit card (automatic),53.03,1962.05,No
CUST-01875,Male,1,No,Yes,45,Yes,Yes,No,No internet service,No internet service,Month-to-month,Yes,Bank transfer (automatic),21.97,963.57,No
CUST-01876,Male,0,No,Yes,35,Yes,Yes,No,No internet service,No internet service,Two year,No,Credit card (automatic),33.52,1264.92,No
CUST-01877,Male,0,No,No,30,Yes,Yes,Fiber optic,Yes,Yes,Month-to-month,No,Electronic check,89.52,2703.5,No
CUST-01878,Male,0,No,Yes,30,Yes,No,DSL,No,No,One year,Yes,Mailed check,32.03,1010.2,No
CUST-01879,Male,0,No,Yes,6,Yes,No,No,No internet service,No internet service,Month-to-month,No,Bank transfer (automatic),43.07,337.1,Yes
CUST-01880,Male,0,No,Yes,67,Yes,No,DSL,No,Yes,One year,No,Electronic check,55.07,3700.22,No
CUST-01881,Male,0,No,Yes,7,Yes,Yes,DSL,No,No,Month-to-month,Yes,Mailed check,95.77,659.33,No
CUST-01882,Female,1,Yes,No,52,Yes,No,DSL,No,Yes,Two year,No,Bank transfer (automatic),78.24,3996.79,No
CUST-01883,Male,0,No,No,14,Yes,No,Fiber optic,Yes,Yes,Two year,No,Electronic check,88.9,1225.46,No
CUST-01884,Male,0,Yes,No,15,Yes,Yes,DSL,No,No,Month-to-month,Yes,Mailed check,76.7,1142.38,Yes
CUST-01885,Female,0,Yes,Yes,21,Yes,Yes,DSL,Yes,No,Month-to-month,Yes,Credit card (automatic),88.36,1815.2,Yes
CUST-01886,Female,0,No,Yes,35,Yes,Yes,Fiber optic,Yes,Yes,One year,No,Mailed check,20.28,787.06,No
CUST-01887,Female,0,Yes,Yes,66,No,No phone service,DSL,Yes,No,Month-to-month,No,Mailed check,113.09,7519.05,No
CUST-01888,Female,0,No,No,2,Yes,Yes,Fiber optic,No,No,Month-to-month,Yes,Electronic check,31.09,111.46,No
CUST-01889,Female,0,Yes,Yes,35,Yes,Yes,DSL,Yes,Yes,Month-to-month,Yes,Electronic check,60.62,2115.89,No
CUST-01890,Female,0,Yes,No,20,Yes,No,DSL,Yes,Yes,Month-to-month,No,Electronic check,97.1,1890.35,No
CUST-01891,Female,0,No,No,10,Yes,No,No,No internet service,No internet service,One year,Yes,Mailed check,63.52,701.6,No
CUST-01892,Male,0,Yes,Yes,25,Yes,No,Fiber optic,Yes,No,Month-to-month,Yes,Mailed check,114.68,2883.77,No
CUST-01893,Male,0,Yes,Yes,66,Yes,Yes,No,No internet service,No internet service,Two year,No,Credit card (automatic),66.76,4444.81,No
CUST-01894,Male,0,Yes,Yes,25,Yes,Yes,Fiber optic,Yes,No,Month-to-month,No,Electronic check,107.49,2718.21,No
CUST-01895,Female,0,Yes,No,54,Yes,No,No,No internet service,No internet service,Month-to-month,Yes,Credit card (automatic),101.08,5473.85,Yes
CUST-01896,Male,0,No,Yes,33,Yes,Yes,No,No internet service,No internet service,Month-to-month,Yes,Bank transfer (automatic),118.1,3997.28,Yes
CUST-01897,Female,0,Yes,Yes,36,No,No phone service,No,No internet service,No internet service,Month-to-month,No,Credit card (automatic),112.65,4022.53,No
CUST-01898,Male,0,No,Yes,14,Yes,No,Fiber optic,Yes,Yes,Month-to-month,Yes,Electronic check,109.81,1521.89,No
CUST-01899,Female,0,No,Yes,65,Yes,No,Fiber optic,No,Yes,Month-to-month,No,Bank transfer (automatic),93.16,6137.46,No
CUST-01900,Male,0,No,Yes,54,Yes,Yes,DSL,Yes,No,Month-to-month,Yes,Mailed check,56.7,3065.9,No
CUST-01901,Male,1,No,No,52,Yes,No,No,No internet service,No internet service,Month-to-month,No,Mailed check,30.61,1585.42,No
CUST-01902,Male,0,Yes,Yes,3,Yes,Yes,Fiber optic,No,No,One year,No,Bank transfer (automatic),88.86,253.93,No
CUST-01903,Male,0,Yes,No,41,No,No phone service,No,No internet service,No internet service,Month-to-month,No,Electronic check,117.87,4866.64,Yes
CUST-01904,Male,0,Yes,No,6,Yes,No,DSL,Yes,No,Month-to-month,No,Credit card (automatic),92.66,544.5,No
CUST-01905,Male,0,Yes,Yes,25,Yes,Yes,Fiber optic,Yes,Yes,Month-to-month,Yes,Mailed check,112.87,2804.67,Yes
CUST-01906,Male,0,No,No,13,Yes,Yes,DSL,Yes,Yes,Month-to-month,Yes,Bank transfer (automatic),100.43,1338.73,No
CUST-01907,Female,0,No,No,8,Yes,Yes,Fiber optic,Yes,No,Month-to-month,No,Credit card (automatic),36.31,295.14,No
CUST-01908,Female,0,Yes,Yes,21,Yes,No,DSL,Yes,Yes,Month-to-month,No,Credit card (automatic),44.92,892.85,No
CUST-01909,Male,0,No,No,68,Yes,Yes,Fiber optic,No,No,Month-to-month,Yes,Mailed check,54.19,3686.52,Yes
CUST-01910,Male,0,No,No,25,Yes,No,Fiber optic,Yes,Yes,Month-to-month,Yes,Electronic check,36.83,990.48,No
CUST-01911,Male,0,No,No,68,Yes,Yes,No,No internet service,No internet service,Two year,No,Electronic check,78.17,5353.83,No
CUST-01912,Male,0,No,No,45,Yes,Yes,DSL,No,No,Month-to-month,Yes,Bank transfer (automatic),117.55,5365.65,No
CUST-01913,Female,0,No,Yes,60,Yes,Yes,Fiber optic,Yes,Yes,Month-to-month,Yes,Bank transfer (automatic),96.15,5732.44,Yes
CUST-01914,Female,0,No,No,12,Yes,Yes,DSL,No,Yes,Month-to-month,Yes,Electronic check,62.34,801.59,No
CUST-01915,Male,0,No,Yes,32,Yes,Yes,No,No internet service,No internet service,Two year,No,Bank transfer (automatic),20.45,621.97,No
CUST-01916,Male,0,No,No,13,Yes,Yes,Fiber optic,Yes,Yes,Month-to-month,Yes,Electronic check,51.33,605.67,Yes
CUST-01917,Male,1,No,No,31,Yes,Yes,DSL,No,No,Month-to-month,Yes,Mailed check,72.68,2212.93,Yes
CUST-01918,Male,0,Yes,Yes,20,Yes,Yes,Fiber optic,No,No,Month-to-month,Yes,Credit card (automatic),52.43,1055.17,Yes
CUST-01919,Female,0,Yes,No,18,Yes,No,Fiber optic,Yes,No,Two year,No,Bank transfer (automatic),31.1,611.2,No
CUST-01920,Female,0,No,No,60,Yes,No,Fiber optic,Yes,Yes,Two year,No,Mailed check,64.28,3872.32,No
CUST-01921,Female,0,Yes,Yes,63,Yes,No,No,No internet service,No internet service,Two year,Yes,Electronic check,45.33,2848.13,No
CUST-01922,Female,0,No,Yes,6,No,No phone service,DSL,Yes,No,Month-to-month,No,Bank transfer (automatic),110.92,613.91,No
CUST-01923,Male,0,No,Yes,32,Yes,No,DSL,No,No,Month-to-month,No,Mailed check,30.18,1001.03,No
CUST-01924,Female,0,Yes,Yes,43,Yes,No,Fiber optic,No,No,Month-to-month,No,Bank transfer (automatic),24.92,1119.74,No
CUST-01925,Male,0,Yes,Yes,2,No,No phone service,No,No internet service,No internet service,Month-to-month,No,Mailed check,20.53,55.97,No
CUST-01926,Female,1,No,Yes,60,Yes,Yes,Fiber optic,Yes,Yes,One year,Yes,Electronic check,52.81,3115.98,No
CUST-01927,Female,0,No,Yes,23,Yes,No,DSL,Yes,No,One year,Yes,Credit card (automatic),86.04,2019.36,No
CUST-01928,Male,0,Yes,Yes,31,Yes,No,Fiber optic,Yes,No,Month-to-month,No,Mailed check,93.04,2945.6,Yes
CUST-01929,Female,0,No,No,5,Yes,No,Fiber optic,Yes,Yes,Two year,No,Electronic check,65.33,403.3,No
CUST-01930,Male,0,Yes,Yes,34,Yes,No,DSL,No,Yes,Month-to-month,No,Bank transfer (automatic),88.43,2984.74,No
CUST-01931,Male,0,No,No,10,Yes,Yes,No,No internet service,No internet service,Two year,No,Credit card (automatic),55.99,581.72,No
CUST-01932,Male,0,No,No,2,Yes,Yes,DSL,Yes,No,Month-to-month,Yes,Credit card (automatic),86.78,146.83,No
CUST-01933,Male,0,Yes,No,11,No,No phone service,Fiber optic,Yes,Yes,Month-to-month,No,Bank transfer (automatic),24.06,218.54,Yes
CUST-01934,Male,0,No,Yes,50,Yes,No,No,No internet service,No internet service,One year,No,Credit card (automatic),59.08,3033.16,No
CUST-01935,Female,0,Yes,Yes,31,Yes,No,Fiber optic,No,Yes,Two year,Yes,Bank transfer (automatic),99.08,3099.71,No
CUST-01936,Female,0,No,No,56,Yes,No,DSL,No,Yes,Month-to-month,Yes,Bank transfer (automatic),100.3,5681.44,No
CUST-01937,Male,0,Yes,Yes,9,Yes,Yes,DSL,Yes,No,Month-to-month,No,Electronic check,91.61,763.25,No
CUST-01938,Male,0,No,Yes,21,No,No phone service,Fiber optic,No,Yes,Two year,No,Bank transfer (automatic),40.42,863.24,No
CUST-01939,Male,1,Yes,Yes,28,Yes,No,DSL,No,No,Month-to-month,No,Electronic check,44.72,1277.57,No
CUST-01940,Male,0,Yes,Yes,62,Yes,Yes,No,No internet service,No internet service,Month-to-month,Yes,Mailed check,119.61,7374.21,No
CUST-01941,Female,0,Yes,No,7,Yes,No,No,No internet service,No internet service,Month-to-month,No,Mailed check,30.34,286.77,No
CUST-01942,Male,0,Yes,Yes,16,Yes,No,DSL,No,Yes,One year,Yes,Bank transfer (automatic),38.07,596.84,No
CUST-01943,Female,0,Yes,No,4,Yes,No,No,No internet service,No internet service,One year,Yes,Electronic check,33.0,154.68,No
CUST-01944,Female,1,Yes,Yes,4,Yes,Yes,Fiber optic,No,Yes,Month-to-month,No,Mailed check,52.77,183.57,No
CUST-01945,Male,0,No,No,40,Yes,Yes,Fiber optic,Yes,Yes,Two year,Yes,Electronic check,41.02,1581.08,No
CUST-01946,Female,0,Yes,No,17,Yes,No,DSL,Yes,Yes,Month-to-month,Yes,Mailed check,69.77,1231.74,Yes
CUST-01947,Male,0,No,Yes,52,Yes,No,DSL,No,Yes,Month-to-month,Yes,Bank transfer (automatic),67.6,3534.15,No
CUST-01948,Male,0,No,Yes,52,Yes,Yes,Fiber optic,Yes,Yes,Month-to-month,Yes,Mailed check,110.15,5739.66,No
CUST-01949,Female,0,Yes,No,36,Yes,Yes,Fiber optic,No,Yes,One year,Yes,Bank transfer (automatic),23.47,831.01,No
CUST-01950,Male,0,No,No,38,No,No phone service,Fiber optic,Yes,Yes,Month-to-month,No,Bank transfer (automatic),51.99,1993.21,No
CUST-01951,Male,0,No,Yes,50,No,No phone service,DSL,No,Yes,Month-to-month,Yes,Mailed check,79.67,4046.81,No
CUST-01952,Female,0,Yes,Yes,63,Yes,No,DSL,No,Yes,Two year,Yes,Bank transfer (automatic),80.48,5036.05,No
CUST-01953,Female,0,Yes,Yes,63,Yes,No,No,No internet service,No internet service,Month-to-month,No,Electronic check,68.01,4312.64,No
CUST-01954,Female,0,Yes,Yes,62,Yes,Yes,No,No internet service,No internet service,Month-to-month,No,Electronic check,101.57,6307.46,No
CUST-01955,Male,0,Yes,No,7,Yes,Yes,Fiber optic,Yes,No,Month-to-month,Yes,Electronic check,26.27,174.67,Yes
CUST-01956,Female,0,No,Yes,27,Yes,Yes,DSL,Yes,Yes,Month-to-month,No,Credit card (automatic),101.55,2659.57,No
CUST-01957,Female,0,Yes,Yes,14,Yes,Yes,DSL,No,Yes,Month-to-month,No,Mailed check,69.48,972.12,No
CUST-01958,Female,0,Yes,Yes,71,Yes,Yes,Fiber optic,Yes,No,Two year,No,Mailed check,33.38,2403.61,No
CUST-01959,Female,1,Yes,No,5,Yes,Yes,Fiber optic,Yes,Yes,Two year,No,Credit card (automatic),108.57,559.05,No
CUST-01960,Male,0,No,Yes,55,Yes,No,Fiber optic,No,Yes,Two year,No,Mailed check,84.92,4598.67,No
CUST-01961,Female,0,No,No,2,Yes,Yes,No,No internet service,No internet service,Month-to-month,Yes,Electronic check,36.35,135.05,No
CUST-01962,Female,0,Yes,Yes,62,Yes,No,Fiber optic,Yes,No,One year,No,Credit card (automatic),23.36,1530.72,No
CUST-01963,Male,0,Yes,No,21,Yes,Yes,No,No internet service,No internet service,Two year,No,Credit card (automatic),34.11,710.84,No
CUST-01964,Female,0,Yes,No,21,Yes,Yes,DSL,Yes,No,One year,Yes,Electronic check,80.88,1814.03,No
CUST-01965,Female,0,No,Yes,10,Yes,Yes,Fiber optic,No,Yes,Two year,No,Mailed check,37.93,337.82,No
CUST-01966,Male,0,No,No,58,Yes,Yes,No,No internet service,No internet service,Month-to-month,Yes,Bank transfer (automatic),42.58,2406.04,No
CUST-01967,Male,0,No,No,39,Yes,No,Fiber optic,No,No,One year,No,Bank transfer (automatic),22.51,827.15,No
CUST-01968,Male,0,No,Yes,5,Yes,No,No,No internet service,No internet service,One year,Yes,Mailed check,92.29,473.71,No
CUST-01969,Male,0,Yes,No,65,Yes,No,Fiber optic,Yes,No,Two year,No,Bank transfer (automatic),101.04,6478.68,No
CUST-01970,Male,0,No,Yes,13,Yes,Yes,No,No internet service,No internet service,Two year,Yes,Credit card (automatic),99.68,1280.29,No
CUST-01971,Female,0,Yes,Yes,53,Yes,Yes,Fiber optic,No,Yes,Month-to-month,Yes,Bank transfer (automatic),32.76,1883.01,No
CUST-01972,Female,0,Yes,Yes,45,Yes,Yes,Fiber optic,No,No,Month-to-month,Yes,Mailed check,110.33,4889.66,Yes
CUST-01973,Female,0,Yes,No,32,No,No phone service,DSL,Yes,Yes,Month-to-month,Yes,Mailed check,87.23,2764.0,No
CUST-01974,Female,0,Yes,No,36,Yes,No,Fiber optic,No,Yes,Month-to-month,No,Mailed check,109.75,3899.2,No
CUST-01975,Male,0,No,No,60,Yes,Yes,DSL,Yes,No,Two year,No,Credit card (automatic),64.72,3868.96,No
CUST-01976,Male,0,Yes,No,11,Yes,Yes,DSL,No,No,Month-to-month,No,Mailed check,63.7,683.29,Yes
CUST-01977,Male,0,No,Yes,63,Yes,No,DSL,Yes,No,Two year,No,Bank transfer (automatic),98.45,6168.87,No
CUST-01978,Female,0,No,No,21,Yes,Yes,Fiber optic,Yes,No,One year,No,Mailed check,29.33,608.11,No
CUST-01979,Male,0,No,Yes,52,Yes,No,DSL,Yes,Yes,Two year,Yes,Mailed check,72.09,3780.34,No
CUST-01980,Male,0,Yes,No,55,Yes,Yes,No,No internet service,No internet service,Two year,Yes,Mailed check,103.64,5769.47,No
CUST-01981,Female,0,Yes,No,26,Yes,No,Fiber optic,Yes,Yes,Two year,No,Credit card (automatic),103.02,2664.3,No
CUST-01982,Male,0,Yes,No,68,Yes,No,Fiber optic,Yes,No,One year,No,Credit card (automatic),115.61,7861.77,No
CUST-01983,Male,1,Yes,Yes,34,Yes,No,DSL,No,No,Two year,Yes,Credit card (automatic),89.83,3077.38,No
CUST-01984,Female,0,Yes,Yes,52,Yes,No,Fiber optic,No,No,Two year,Yes,Credit card (automatic),40.78,2058.77,No
CUST-01985,Female,1,No,Yes,52,Yes,No,DSL,Yes,No,Month-to-month,No,Electronic check,22.03,1137.93,No
CUST-01986,Male,0,Yes,Yes,29,Yes,Yes,Fiber optic,No,Yes,Month-to-month,No,Electronic check,67.94,1944.98,No
CUST-01987,Female,0,No,No,38,Yes,Yes,DSL,Yes,No,Two year,No,Bank transfer (automatic),71.37,2759.66,No
CUST-01988,Male,0,No,No,42,No,No phone service,DSL,Yes,Yes,Month-to-month,Yes,Mailed check,44.03,1936.85,No
CUST-01989,Female,0,No,No,21,Yes,No,DSL,No,Yes,Two year,Yes,Credit card (automatic),32.47,643.02,No
CUST-01990,Female,0,No,No,42,Yes,Yes,Fiber optic,Yes,No,One year,Yes,Credit card (automatic),78.62,3366.04,Yes
CUST-01991,Female,1,Yes,Yes,13,Yes,No,No,No internet service,No internet service,Month-to-month,Yes,Mailed check,96.43,1180.67,No
CUST-01992,Female,0,Yes,Yes,64,Yes,No,DSL,No,Yes,One year,No,Mailed check,119.32,7646.51,No
CUST-01993,Male,0,Yes,Yes,17,Yes,No,Fiber optic,No,No,One year,No,Electronic check,95.83,1642.11,No
CUST-01994,Male,0,No,No,9,Yes,No,DSL,Yes,No,Month-to-month,No,Mailed check,99.36,820.04,Yes
CUST-01995,Male,0,No,No,41,Yes,Yes,Fiber optic,Yes,No,One year,No,Electronic check,81.65,3306.23,No
CUST-01996,Female,1,No,No,1,Yes,Yes,Fiber optic,No,No,Two year,Yes,Mailed check,118.59,72.3,No
CUST-01997,Male,0,No,No,2,No,No phone service,Fiber optic,Yes,Yes,Two year,No,Mailed check,84.0,102.43,No
CUST-01998,Female,0,No,No,60,Yes,Yes,Fiber optic,No,No,One year,No,Credit card (automatic),106.03,6228.49,No
CUST-01999,Male,0,No,No,48,Yes,No,No,No internet service,No internet service,Month-to-month,Yes,Credit card (automatic),114.58,5489.48,Yes
CUST-02000,Female,0,Yes,No,29,Yes,Yes,Fiber optic,Yes,Yes,One year,No,Electronic check,112.99,3272.37,No
CUST-02001,Female,0,No,Yes,10,No,No phone service,DSL,Yes,No,Month-to-month,Yes,Mailed check,58.14,576.67,No
CUST-02002,Female,0,Yes,Yes,58,Yes,Yes,Fiber optic,No,No,Two year,No,Credit card (automatic),27.87,1654.75,No
CUST-02003,Male,0,Yes,No,60,Yes,No,Fiber optic,No,No,Two year,No,Electronic check,37.19,2134.51,No
CUST-02004,Male,0,Yes,No,21,Yes,No,Fiber optic,Yes,No,Month-to-month,Yes,Credit card (automatic),25.92,525.27,Yes
CUST-02005,Male,0,No,No,28,Yes,Yes,Fiber optic,No,No,One year,Yes,Bank transfer (automatic),30.54,983.12,No
CUST-02006,Male,0,Yes,No,34,Yes,Yes,Fiber optic,Yes,Yes,Month-to-month,Yes,Electronic check,38.47,1352.32,No
CUST-02007,Female,0,Yes,Yes,8,No,No phone service,Fiber optic,No,No,Month-to-month,Yes,Bank transfer (automatic),54.11,477.5,Yes
CUST-02008,Female,0,No,Yes,59,Yes,No,No,No internet service,No internet service,Month-to-month,No,Mailed check,74.35,4335.82,No
CUST-02009,Female,0,Yes,No,49,Yes,Yes,No,No internet service,No internet service,Month-to-month,Yes,Electronic check,91.17,4457.53,No
CUST-02010,Female,0,Yes,Yes,17,Yes,Yes,No,No internet service,No internet service,One year,No,Bank transfer (automatic),41.09,583.54,No
CUST-02011,Male,0,No,Yes,60,No,No phone service,DSL,No,Yes,Two year,No,Mailed check,87.25,5264.27,No
CUST-02012,Male,0,No,No,45,Yes,No,Fiber optic,No,Yes,Month-to-month,No,Electronic check,90.43,4139.36,Yes
CUST-02013,Female,0,No,Yes,69,Yes,Yes,Fiber optic,No,Yes,Two year,Yes,Mailed check,75.86,5161.85,No
CUST-02014,Male,0,Yes,No,32,Yes,Yes,Fiber optic,Yes,Yes,Month-to-month,No,Bank transfer (automatic),110.36,3473.58,No
CUST-02015,Female,0,Yes,No,44,Yes,Yes,Fiber optic,No,No,Month-to-month,Yes,Electronic check,31.1,1366.8,No
CUST-02016,Female,0,No,No,65,Yes,Yes,No,No internet service,No internet service,One year,Yes,Mailed check,37.71,2458.81,No
CUST-02017,Female,0,Yes,No,8,Yes,Yes,No,No internet service,No internet service,One year,No,Mailed check,62.87,475.87,No
CUST-02018,Male,0,No,Yes,43,Yes,No,DSL,No,No,Month-to-month,No,Credit card (automatic),32.67,1364.04,No
CUST-02019,Female,0,No,No,1,Yes,No,Fiber optic,No,Yes,Month-to-month,No,Bank transfer (automatic),76.63,36.4,No
CUST-02020,Male,0,No,No,51,Yes,No,Fiber optic,No,Yes,One year,No,Electronic check,59.84,3049.39,No
CUST-02021,Female,0,Yes,Yes,24,Yes,No,Fiber optic,Yes,No,Two year,No,Electronic check,48.46,1192.35,No
CUST-02022,Male,0,Yes,No,24,Yes,No,No,No internet service,No internet service,Month-to-month,No,Mailed check,37.0,885.53,No
CUST-02023,Male,0,Yes,Yes,17,Yes,No,DSL,No,No,Month-to-month,Yes,Bank transfer (automatic),53.53,902.77,No
CUST-02024,Female,0,No,Yes,5,Yes,No,Fiber optic,Yes,No,Month-to-month,No,Mailed check,80.8,316.04,No
CUST-02025,Female,0,No,No,20,Yes,No,Fiber optic,Yes,Yes,Month-to-month,Yes,Mailed check,77.58,1594.95,Yes
CUST-02026,Male,1,Yes,No,21,Yes,No,DSL,Yes,No,Two year,No,Electronic check,36.36,760.99,No
CUST-02027,Male,0,Yes,Yes,58,Yes,Yes,No,No internet service,No internet service,Month-to-month,No,Mailed check,32.49,1862.59,No
CUST-02028,Male,0,Yes,Yes,31,Yes,Yes,No,No internet service,No internet service,One year,Yes,Electronic check,22.67,715.53,No
CUST-02029,Female,0,No,No,11,Yes,No,Fiber optic,Yes,No,Two year,No,Electronic check,21.24,191.45,No
CUST-02030,Female,0,No,No,52,Yes,No,Fiber optic,No,Yes,Two year,Yes,Credit card (automatic),107.98,5594.17,No
CUST-02031,Male,0,Yes,No,15,Yes,Yes,No,No internet service,No internet service,Month-to-month,Yes,Electronic check,24.51,373.03,No
CUST-02032,Male,0,Yes,No,7,No,No phone service,Fiber optic,No,No,Two year,No,Credit card (automatic),93.12,617.91,No
CUST-02033,Male,0,Yes,No,28,Yes,Yes,Fiber optic,Yes,Yes,Two year,No,Mailed check,107.2,2919.32,No
CUST-02034,Female,1,Yes,No,51,Yes,No,No,No internet service,No internet service,One year,No,Electronic check,29.81,1429.89,No
CUST-02035,Female,0,No,No,58,Yes,Yes,No,No internet service,No internet service,One year,Yes,Electronic check,63.63,3712.83,No
CUST-02036,Male,0,Yes,No,5,Yes,No,DSL,No,Yes,One year,Yes,Credit card (automatic),116.23,579.59,No
CUST-02037,Male,0,Yes,Yes,5,Yes,No,No,No internet service,No internet service,Two year,Yes,Credit card (automatic),103.41,513.73,No
CUST-02038,Female,0,No,Yes,8,Yes,Yes,DSL,No,Yes,One year,No,Electronic check,68.97,493.67,No
CUST-02039,Female,1,No,Yes,64,Yes,No,Fiber optic,No,Yes,Month-to-month,No,Bank transfer (automatic),96.26,6159.61,Yes
CUST-02040,Male,0,Yes,Yes,10,Yes,Yes,Fiber optic,No,Yes,Two year,No,Bank transfer (automatic),103.34,1013.38,No
CUST-02041,Male,0,No,No,38,Yes,Yes,DSL,No,Yes,Month-to-month,Yes,Credit card (automatic),54.8,2052.4,No
CUST-02042,Male,0,Yes,No,8,Yes,Yes,DSL,No,Yes,One year,No,Electronic check,109.22,870.01,No
CUST-02043,Female,0,Yes,No,25,Yes,Yes,Fiber optic,No,No,One year,Yes,Mailed check,67.05,1691.07,No
CUST-02044,Male,0,Yes,Yes,66,Yes,Yes,DSL,Yes,No,One year,No,Mailed check,72.78,4890.98,No
CUST-02045,Male,0,No,Yes,50,Yes,Yes,No,No internet service,No internet service,One year,Yes,Bank transfer (automatic),119.97,6026.76,No
CUST-02046,Male,0,Yes,No,67,No,No phone service,DSL,No,No,Month-to-month,No,Bank transfer (automatic),104.33,7032.99,No
CUST-02047,Female,0,Yes,Yes,49,Yes,Yes,Fiber optic,No,Yes,Month-to-month,Yes,Mailed check,56.18,2808.05,Yes
CUST-02048,Female,0,No,No,36,Yes,No,DSL,No,Yes,Month-to-month,No,Credit card (automatic),21.03,718.88,No
CUST-02049,Female,0,No,No,68,Yes,Yes,DSL,No,No,Two year,Yes,Electronic check,82.62,5602.12,No
CUST-02050,Male,0,No,Yes,41,Yes,No,No,No internet service,No internet service,One year,No,Bank transfer (automatic),90.39,3660.74,No
CUST-02051,Female,0,Yes,Yes,62,Yes,Yes,DSL,Yes,No,Month-to-month,Yes,Electronic check,85.08,5240.87,No
CUST-02052,Female,0,Yes,No,10,Yes,No,Fiber optic,Yes,No,Month-to-month,Yes,Credit card (automatic),116.79,1146.49,Yes
CUST-02053,Female,0,Yes,Yes,21,Yes,Yes,Fiber optic,Yes,No,Month-to-month,Yes,Credit card (automatic),106.3,2197.02,No
CUST-02054,Female,0,Yes,No,36,Yes,No,DSL,No,No,Month-to-month,Yes,Bank transfer (automatic),64.88,2346.89,Yes
CUST-02055,Female,1,Yes,No,12,Yes,No,No,No internet service,No internet service,Two year,No,Credit card (automatic),26.29,337.12,No
CUST-02056,Male,0,No,No,2,Yes,No,DSL,No,Yes,Two year,Yes,Mailed check,67.61,69.91,No
CUST-02057,Male,0,No,No,13,Yes,No,Fiber optic,No,No,Month-to-month,Yes,Credit card (automatic),88.92,1140.36,No
CUST-02058,Male,0,Yes,Yes,53,Yes,Yes,Fiber optic,No,Yes,Month-to-month,No,Bank transfer (automatic),80.77,4265.75,No
CUST-02059,Male,0,Yes,No,32,Yes,No,Fiber optic,Yes,Yes,Month-to-month,No,Credit card (automatic),73.81,2288.3,Yes
CUST-02060,Male,0,Yes,Yes,16,Yes,No,Fiber optic,No,Yes,One year,No,Credit card (automatic),66.88,1031.77,No
CUST-02061,Female,0,Yes,No,32,Yes,Yes,No,No internet service,No internet service,One year,No,Bank transfer (automatic),49.38,1623.83,No
CUST-02062,Female,0,Yes,Yes,32,Yes,No,No,No internet service,No internet service,Two year,Yes,Bank transfer (automatic),47.73,1570.39,No
CUST-02063,Male,0,Yes,No,11,Yes,Yes,Fiber optic,Yes,Yes,One year,Yes,Electronic check,70.02,688.76,No
CUST-02064,Female,0,Yes,No,10,Yes,Yes,Fiber optic,Yes,Yes,Month-to-month,No,Mailed check,36.06,384.21,Yes
CUST-02065,Male,0,Yes,Yes,15,Yes,No,DSL,No,Yes,Two year,No,Bank transfer (automatic),54.07,737.54,No
CUST-02066,Male,1,No,No,17,Yes,Yes,No,No internet service,No internet service,Month-to-month,Yes,Credit card (automatic),52.4,870.73,No
CUST-02067,Female,0,No,No,40,No,No phone service,No,No internet service,No internet service,One year,No,Electronic check,78.71,3143.53,No
CUST-02068,Male,0,Yes,No,18,Yes,Yes,DSL,Yes,No,Month-to-month,No,Credit card (automatic),26.67,517.7,No
CUST-02069,Female,0,Yes,No,55,Yes,No,DSL,Yes,Yes,Month-to-month,No,Mailed check,102.97,5654.62,No
CUST-02070,Male,0,Yes,Yes,25,Yes,No,No,No internet service,No internet service,Month-to-month,Yes,Credit card (automatic),76.24,1855.31,No
CUST-02071,Female,0,No,Yes,59,Yes,No,Fiber optic,Yes,No,Month-to-month,No,Electronic check,87.08,5078.52,No
CUST-02072,Female,0,No,No,22,Yes,No,DSL,Yes,No,One year,Yes,Mailed check,90.31,1995.22,No
CUST-02073,Female,0,Yes,No,30,Yes,No,Fiber optic,Yes,No,Month-to-month,Yes,Credit card (automatic),49.15,1442.81,Yes
CUST-02074,Female,0,Yes,No,44,Yes,Yes,DSL,Yes,No,Month-to-month,No,Electronic check,67.04,2929.33,Yes
CUST-02075,Female,0,Yes,Yes,32,Yes,Yes,DSL,No,No,Two year,No,Credit card (automatic),115.62,3748.36,No
CUST-02076,Female,1,Yes,No,51,Yes,No,Fiber optic,No,Yes,Two year,No,Mailed check,96.67,4951.91,No
CUST-02077,Male,1,Yes,Yes,46,Yes,No,Fiber optic,Yes,No,One year,Yes,Credit card (automatic),116.96,5459.5,No
CUST-02078,Male,0,No,Yes,21,Yes,Yes,DSL,No,Yes,Month-to-month,No,Credit card (automatic),94.63,1936.32,No
CUST-02079,Female,0,Yes,Yes,32,Yes,Yes,No,No internet service,No internet service,Two year,No,Electronic check,37.56,1166.46,No
CUST-02080,Female,0,Yes,Yes,39,Yes,Yes,Fiber optic,No,Yes,One year,Yes,Credit card (automatic),26.45,1040.73,No
CUST-02081,Male,0,No,No,12,Yes,No,Fiber optic,No,No,One year,Yes,Bank transfer (automatic),77.77,1024.18,No
CUST-02082,Male,0,Yes,No,47,Yes,Yes,DSL,No,No,Two year,No,Mailed check,55.78,2581.92,No
CUST-02083,Male,0,No,Yes,18,Yes,No,Fiber optic,Yes,Yes,Month-to-month,Yes,Electronic check,47.55,857.82,Yes
CUST-02084,Male,1,No,Yes,21,Yes,No,No,No internet service,No internet service,Month-to-month,No,Bank transfer (automatic),100.72,2181.18,No
CUST-02085,Male,0,No,No,13,Yes,Yes,No,No internet service,No internet service,Two year,Yes,Bank transfer (automatic),56.7,739.6,No
CUST-02086,Female,0,Yes,No,21,Yes,Yes,DSL,Yes,No,Two year,Yes,Mailed check,51.7,1136.7,No
CUST-02087,Male,0,No,No,8,Yes,No,Fiber optic,Yes,No,Two year,No,Electronic check,105.0,937.87,No
CUST-02088,Male,0,No,No,46,Yes,No,DSL,No,No,Two year,No,Bank transfer (automatic),104.63,4827.74,Yes
CUST-02089,Male,0,No,Yes,7,Yes,Yes,No,No internet service,No internet service,Month-to-month,No,Credit card (automatic),55.64,412.4,No
CUST-02090,Female,0,Yes,No,23,Yes,Yes,Fiber optic,Yes,Yes,Two year,No,Bank transfer (automatic),103.25,2411.9,No
CUST-02091,Male,0,No,Yes,22,Yes,No,Fiber optic,Yes,No,Two year,Yes,Mailed check,105.08,2266.54,Yes
CUST-02092,Male,0,No,No,22,Yes,Yes,Fiber optic,Yes,No,Month-to-month,Yes,Bank transfer (automatic),62.39,1298.5,No
CUST-02093,Female,0,Yes,Yes,29,Yes,No,No,No internet service,No internet service,One year,No,Electronic check,26.65,780.77,No
CUST-02094,Female,0,Yes,No,13,Yes,Yes,DSL,Yes,Yes,One year,No,Bank transfer (automatic),20.16,230.82,No
CUST-02095,Male,0,No,No,2,Yes,Yes,DSL,No,Yes,Month-to-month,No,Bank transfer (automatic),72.33,197.3,No
CUST-02096,Female,0,No,No,29,Yes,No,DSL,No,Yes,Month-to-month,Yes,Mailed check,54.41,1593.6,Yes
CUST-02097,Male,1,No,No,52,Yes,Yes,DSL,Yes,No,Month-to-month,Yes,Bank transfer (automatic),119.71,6276.71,No
CUST-02098,Male,1,Yes,Yes,27,Yes,Yes,DSL,No,Yes,Month-to-month,No,Bank transfer (automatic),97.24,2565.4,No
CUST-02099,Female,0,Yes,No,50,Yes,No,Fiber optic,Yes,Yes,Month-to-month,Yes,Electronic check,96.13,4856.58,Yes
CUST-02100,Male,0,Yes,No,23,No,No phone service,No,No internet service,No internet service,Month-to-month,No,Mailed check,115.52,2542.02,No
CUST-02101,Female,0,Yes,Yes,44,Yes,Yes,Fiber optic,No,Yes,Month-to-month,No,Mailed check,108.77,4729.9,No
CUST-02102,Female,0,Yes,Yes,22,Yes,No,Fiber optic,No,No,Two year,Yes,Mailed check,51.82,1171.65,No
CUST-02103,Female,0,No,Yes,43,Yes,Yes,No,No internet service,No internet service,Month-to-month,Yes,Mailed check,36.6,1548.67,Yes
CUST-02104,Female,0,No,Yes,37,Yes,No,No,No internet service,No internet service,Month-to-month,No,Credit card (automatic),94.59,3479.51,No
CUST-02105,Male,0,Yes,No,61,Yes,No,Fiber optic,No,Yes,Two year,No,Credit card (automatic),57.83,3532.99,No
CUST-02106,Male,0,No,No,56,Yes,No,Fiber optic,No,No,Month-to-month,No,Credit card (automatic),67.32,3841.02,Yes
CUST-02107,Male,0,Yes,No,3,Yes,Yes,DSL,Yes,Yes,Month-to-month,Yes,Mailed check,83.04,153.03,No
CUST-02108,Female,0,No,No,63,Yes,Yes,Fiber optic,No,Yes,Month-to-month,No,Mailed check,110.79,7042.21,No
CUST-02109,Male,0,No,Yes,19,Yes,Yes,Fiber optic,Yes,Yes,Month-to-month,No,Credit card (automatic),61.91,1241.66,No
CUST-02110,Female,0,Yes,No,23,Yes,No,DSL,Yes,No,Month-to-month,Yes,Mailed check,98.33,2236.37,No
CUST-02111,Male,0,Yes,Yes,29,Yes,No,Fiber optic,Yes,Yes,Two year,No,Bank transfer (automatic),46.83,1323.33,No
CUST-02112,Female,1,No,No,30,Yes,Yes,Fiber optic,No,Yes,One year,Yes,Electronic check,89.8,2688.1,No
CUST-02113,Male,0,No,Yes,39,Yes,Yes,Fiber optic,Yes,Yes,Month-to-month,No,Mailed check,20.16,750.43,No
CUST-02114,Male,0,No,Yes,25,Yes,No,Fiber optic,Yes,Yes,Month-to-month,No,Bank transfer (automatic),107.15,2695.99,Yes
CUST-02115,Female,0,No,Yes,8,Yes,Yes,No,No internet service,No internet service,Month-to-month,No,Bank transfer (automatic),23.04,208.07,Yes
CUST-02116,Male,1,Yes,Yes,58,Yes,Yes,Fiber optic,No,Yes,Month-to-month,No,Credit card (automatic),91.28,5216.54,No
CUST-02117,Female,1,No,Yes,16,Yes,Yes,Fiber optic,No,No,Month-to-month,Yes,Electronic check,24.63,348.06,Yes
CUST-02118,Female,0,Yes,Yes,1,Yes,No,Fiber optic,Yes,Yes,Two year,Yes,Mailed check,46.62,0.0,No
CUST-02119,Male,1,No,Yes,5,Yes,Yes,DSL,Yes,No,Month-to-month,Yes,Mailed check,69.72,359.33,No
CUST-02120,Male,0,Yes,Yes,3,Yes,No,Fiber optic,No,No,Two year,Yes,Electronic check,61.99,229.59,No
CUST-02121,Male,0,Yes,No,65,Yes,Yes,No,No internet service,No internet service,Month-to-month,Yes,Bank transfer (automatic),39.18,2493.03,No
CUST-02122,Female,0,Yes,Yes,4,Yes,Yes,No,No internet service,No internet service,Month-to-month,Yes,Mailed check,53.38,256.78,No
CUST-02123,Female,0,No,No,64,Yes,No,Fiber optic,No,No,Two year,No,Mailed check,92.77,5891.04,No
CUST-02124,Female,0,No,Yes,10,Yes,No,Fiber optic,No,Yes,One year,Yes,Electronic check,86.93,905.23,No
CUST-02125,Female,1,Yes,No,21,Yes,No,Fiber optic,Yes,No,One year,No,Bank transfer (automatic),27.18,556.59,No
CUST-02126,Female,0,No,No,46,Yes,Yes,DSL,Yes,No,One year,No,Bank transfer (automatic),94.73,4335.49,No
CUST-02127,Female,0,Yes,Yes,27,Yes,Yes,DSL,Yes,Yes,Month-to-month,Yes,Bank transfer (automatic),25.3,740.22,No
CUST-02128,Female,0,Yes,No,66,Yes,Yes,DSL,Yes,No,Two year,Yes,Mailed check,74.29,4992.52,No
CUST-02129,Female,0,Yes,No,41,Yes,Yes,DSL,Yes,No,Two year,Yes,Bank transfer (automatic),46.01,1789.32,No
CUST-02130,Female,0,Yes,No,13,No,No phone service,DSL,Yes,Yes,One year,Yes,Electronic check,78.77,1053.98,No
CUST-02131,Male,0,Yes,Yes,9,Yes,Yes,Fiber optic,No,No,One year,No,Credit card (automatic),46.13,424.04,No
CUST-02132,Female,0,No,Yes,36,Yes,No,DSL,Yes,No,Month-to-month,Yes,Credit card (automatic),118.5,4298.89,Yes
CUST-02133,Female,0,Yes,Yes,58,Yes,No,Fiber optic,Yes,Yes,Month-to-month,Yes,Electronic check,50.97,2884.33,No
CUST-02134,Male,0,No,Yes,54,No,No phone service,No,No internet service,No internet service,Month-to-month,No,Electronic check,44.2,2332.58,No
CUST-02135,Male,0,No,No,12,Yes,No,Fiber optic,No,No,Month-to-month,No,Electronic check,47.85,540.63,No
CUST-02136,Female,0,No,No,14,Yes,No,Fiber optic,Yes,Yes,One year,Yes,Bank transfer (automatic),109.65,1545.75,No
CUST-02137,Male,0,Yes,No,34,Yes,Yes,DSL,Yes,Yes,Month-to-month,Yes,Electronic check,83.62,2806.45,No
CUST-02138,Male,0,No,No,53,Yes,No,No,No internet service,No internet service,Month-to-month,Yes,Mailed check,93.07,4916.56,No
CUST-02139,Female,0,No,Yes,20,Yes,Yes,DSL,Yes,No,Two year,No,Credit card (automatic),111.8,2277.53,No
CUST-02140,Female,0,No,Yes,16,Yes,No,Fiber optic,No,Yes,Month-to-month,No,Mailed check,111.19,1881.48,No
CUST-02141,Male,0,No,Yes,70,Yes,Yes,No,No internet service,No internet service,One year,Yes,Mailed check,93.89,6610.26,No
CUST-02142,Female,1,Yes,Yes,56,Yes,No,No,No internet service,No internet service,Month-to-month,No,Bank transfer (automatic),39.78,2270.65,No
CUST-02143,Male,0,No,No,58,Yes,No,No,No internet service,No internet service,Month-to-month,Yes,Bank transfer (automatic),104.34,6042.63,No
CUST-02144,Female,0,No,No,4,Yes,Yes,Fiber optic,No,No,One year,No,Credit card (automatic),40.38,116.99,No
CUST-02145,Female,0,Yes,No,4,Yes,Yes,DSL,Yes,No,Month-to-month,Yes,Bank transfer (automatic),94.29,360.86,No
CUST-02146,Male,1,No,Yes,20,Yes,No,DSL,No,Yes,Month-to-month,Yes,Bank transfer (automatic),88.56,1768.3,No
CUST-02147,Male,0,No,No,10,Yes,Yes,No,No internet service,No internet service,Month-to-month,Yes,Credit card (automatic),95.89,900.89,No
CUST-02148,Male,0,No,No,24,Yes,No,Fiber optic,Yes,Yes,One year,Yes,Electronic check,73.27,1799.24,No
CUST-02149,Male,0,No,No,26,Yes,Yes,DSL,No,No,One year,No,Credit card (automatic),83.87,2256.59,No
CUST-02150,Male,0,No,No,37,Yes,No,Fiber optic,Yes,No,Month-to-month,No,Credit card (automatic),115.33,4273.33,No
CUST-02151,Female,0,Yes,No,54,Yes,No,Fiber optic,No,Yes,Two year,Yes,Electronic check,30.11,1680.14,No
CUST-02152,Female,1,No,No,21,Yes,Yes,DSL,No,Yes,Month-to-month,No,Electronic check,50.88,1128.9,No
CUST-02153,Male,0,No,Yes,38,Yes,Yes,Fiber optic,No,Yes,One year,Yes,Credit card (automatic),81.14,3031.59,No
CUST-02154,Male,0,Yes,No,46,Yes,No,Fiber optic,No,Yes,One year,Yes,Electronic check,116.41,5267.97,No
CUST-02155,Male,0,No,Yes,4,Yes,Yes,DSL,Yes,Yes,Two year,No,Electronic check,29.56,93.29,No
CUST-02156,Female,0,No,Yes,60,Yes,No,DSL,Yes,No,Month-to-month,Yes,Credit card (automatic),22.25,1339.79,No
CUST-02157,Female,0,No,Yes,57,No,No phone service,No,No internet service,No internet service,Two year,No,Electronic check,25.57,1397.68,No
CUST-02158,Male,0,Yes,No,45,Yes,Yes,Fiber optic,No,Yes,Month-to-month,No,Mailed check,25.24,1206.91,No
CUST-02159,Female,0,No,No,20,Yes,Yes,DSL,Yes,No,Month-to-month,Yes,Bank transfer (automatic),110.78,2313.04,Yes
CUST-02160,Female,0,No,Yes,17,Yes,Yes,Fiber optic,Yes,Yes,Month-to-month,Yes,Bank transfer (automatic),92.13,1575.17,Yes
CUST-02161,Male,0,No,No,71,No,No phone service,Fiber optic,No,No,Month-to-month,Yes,Credit card (automatic),87.71,6178.32,No
CUST-02162,Male,0,No,No,4,Yes,Yes,Fiber optic,No,No,Month-to-month,No,Electronic check,72.26,313.35,Yes
CUST-02163,Female,0,No,No,14,No,No phone service,DSL,No,Yes,One year,No,Mailed check,98.2,1325.55,No
CUST-02164,Female,0,Yes,Yes,3,Yes,No,DSL,Yes,Yes,Month-to-month,No,Electronic check,35.56,163.83,Yes
CUST-02165,Female,1,No,No,58,Yes,No,DSL,No,Yes,Month-to-month,Yes,Electronic check,59.19,3421.45,Yes
CUST-02166,Female,0,Yes,No,55,Yes,Yes,DSL,Yes,No,Month-to-month,Yes,Electronic check,69.0,3831.36,No
CUST-02167,Female,1,No,Yes,4,Yes,No,DSL,No,Yes,Two year,No,Credit card (automatic),31.04,169.25,No
CUST-02168,Male,0,No,Yes,24,Yes,No,No,No internet service,No internet service,Month-to-month,No,Bank transfer (automatic),61.95,1513.7,No
CUST-02169,Female,0,No,No,34,Yes,Yes,DSL,Yes,Yes,Month-to-month,No,Bank transfer (automatic),51.65,1845.36,No
CUST-02170,Male,0,Yes,No,30,Yes,Yes,Fiber optic,Yes,Yes,Month-to-month,No,Mailed check,23.56,715.71,No
CUST-02171,Male,1,Yes,Yes,19,No,No phone service,No,No internet service,No internet service,Two year,Yes,Mailed check,33.67,614.57,No
CUST-02172,Female,0,No,Yes,31,Yes,Yes,No,No internet service,No internet service,One year,No,Electronic check,96.4,2883.29,No
CUST-02173,Male,0,No,Yes,60,Yes,No,Fiber optic,Yes,No,Two year,No,Mailed check,21.8,1193.8,No
CUST-02174,Female,0,Yes,No,60,Yes,No,Fiber optic,Yes,Yes,Two year,Yes,Mailed check,113.43,6838.4,No
CUST-02175,Male,0,Yes,No,19,Yes,No,No,No internet service,No internet service,Two year,No,Mailed check,28.64,534.97,No
CUST-02176,Female,1,Yes,No,49,Yes,No,Fiber optic,Yes,Yes,One year,Yes,Electronic check,99.92,4855.31,No
CUST-02177,Male,0,No,No,63,Yes,Yes,No,No internet service,No internet service,Two year,Yes,Electronic check,109.86,6865.48,No
CUST-02178,Female,0,Yes,No,22,Yes,No,Fiber optic,No,No,Month-to-month,No,Bank transfer (automatic),114.11,2547.47,No
CUST-02179,Female,1,Yes,No,24,Yes,Yes,DSL,No,Yes,One year,Yes,Credit card (automatic),106.75,2512.82,No
CUST-02180,Male,0,Yes,Yes,30,Yes,Yes,DSL,Yes,Yes,Month-to-month,No,Electronic check,48.76,1544.33,No
CUST-02181,Male,0,Yes,No,58,Yes,No,No,No internet service,No internet service,Month-to-month,No,Bank transfer (automatic),53.31,3209.53,No
CUST-02182,Male,0,No,No,31,Yes,No,No,No internet service,No internet service,Month-to-month,No,Mailed check,62.65,1897.15,No
CUST-02183,Female,0,Yes,Yes,64,Yes,No,Fiber optic,Yes,Yes,Month-to-month,Yes,Mailed check,33.93,2205.01,No
CUST-02184,Male,0,Yes,Yes,19,Yes,Yes,DSL,No,No,Month-to-month,Yes,Credit card (automatic),22.23,444.37,Yes
CUST-02185,Male,0,No,Yes,48,Yes,Yes,DSL,No,No,Month-to-month,No,Electronic check,106.91,5082.3,No
CUST-02186,Female,0,Yes,Yes,45,Yes,Yes,No,No internet service,No internet service,One year,No,Credit card (automatic),75.41,3344.35,No
CUST-02187,Female,0,No,Yes,55,No,No phone service,DSL,No,Yes,Month-to-month,No,Bank transfer (automatic),80.87,4441.72,No
CUST-02188,Male,1,Yes,Yes,55,Yes,No,Fiber optic,Yes,Yes,One year,No,Credit card (automatic),112.7,6141.58,No
CUST-02189,Male,0,No,Yes,18,Yes,No,No,No internet service,No internet service,Month-to-month,No,Credit card (automatic),86.51,1611.74,No
CUST-02190,Female,0,Yes,Yes,63,Yes,Yes,DSL,Yes,No,Two year,Yes,Mailed check,89.09,5600.36,No
CUST-02191,Female,0,No,Yes,47,Yes,Yes,Fiber optic,No,No,Month-to-month,Yes,Mailed check,98.7,4582.87,No
CUST-02192,Female,0,No,No,57,No,No phone service,Fiber optic,No,No,Month-to-month,No,Mailed check,31.63,1798.46,No
CUST-02193,Male,0,No,No,45,Yes,No,DSL,No,No,Month-to-month,No,Bank transfer (automatic),56.02,2544.22,No
CUST-02194,Male,0,No,No,33,Yes,Yes,Fiber optic,No,No,One year,Yes,Bank transfer (automatic),116.82,3818.84,No
CUST-02195,Female,0,No,Yes,17,Yes,No,Fiber optic,No,No,Month-to-month,Yes,Electronic check,112.29,1809.28,Yes
CUST-02196,Female,0,No,No,70,Yes,No,DSL,No,Yes,Month-to-month,Yes,Electronic check,108.41,7595.02,No
CUST-02197,Female,0,Yes,Yes,4,Yes,No,DSL,Yes,No,Two year,Yes,Mailed check,65.21,199.99,No
CUST-02198,Male,0,No,Yes,20,Yes,Yes,Fiber optic,Yes,Yes,Month-to-month,Yes,Mailed check,105.72,2074.71,No
CUST-02199,Male,0,No,Yes,47,Yes,Yes,Fiber optic,Yes,No,Month-to-month,Yes,Credit card (automatic),24.84,1190.94,Yes
CUST-02200,Male,0,No,Yes,15,Yes,No,Fiber optic,Yes,No,One year,Yes,Electronic check,34.85,493.36,No
CUST-02201,Male,0,No,No,70,Yes,Yes,DSL,Yes,Yes,Two year,Yes,Credit card (automatic),61.4,4290.94,No
CUST-02202,Female,0,Yes,No,47,No,No phone service,No,No internet service,No internet service,Month-to-month,Yes,Bank transfer (automatic),68.34,3284.63,No
CUST-02203,Female,0,No,Yes,9,Yes,No,DSL,Yes,No,Month-to-month,No,Bank transfer (automatic),46.35,399.55,No
CUST-02204,Male,0,Yes,No,16,No,No phone service,Fiber optic,Yes,Yes,Two year,Yes,Bank transfer (automatic),55.65,991.47,No
CUST-02205,Female,0,No,No,69,Yes,No,DSL,No,Yes,Month-to-month,No,Electronic check,36.28,2540.32,No
CUST-02206,Female,0,Yes,Yes,61,No,No phone service,DSL,No,No,Month-to-month,Yes,Bank transfer (automatic),68.91,4156.94,No
CUST-02207,Male,0,Yes,No,10,Yes,No,Fiber optic,No,No,One year,Yes,Electronic check,99.38,969.98,No
CUST-02208,Female,0,Yes,No,50,Yes,Yes,DSL,No,Yes,Month-to-month,Yes,Mailed check,86.14,4243.87,Yes
CUST-02209,Male,0,No,No,3,Yes,Yes,DSL,Yes,No,Two year,No,Credit card (automatic),30.78,124.21,No
CUST-02210,Male,0,Yes,Yes,70,Yes,Yes,DSL,Yes,No,One year,Yes,Credit card (automatic),68.76,4879.43,No
CUST-02211,Male,0,No,No,51,Yes,Yes,No,No internet service,No internet service,Month-to-month,No,Bank transfer (automatic),89.76,4559.84,No
CUST-02212,Female,1,No,No,19,Yes,Yes,Fiber optic,Yes,No,One year,Yes,Credit card (automatic),72.99,1293.74,No
CUST-02213,Male,0,No,Yes,42,Yes,No,No,No internet service,No internet service,Month-to-month,Yes,Bank transfer (automatic),59.17,2503.16,Yes
CUST-02214,Female,0,Yes,No,35,Yes,No,Fiber optic,Yes,Yes,Two year,No,Electronic check,82.19,2833.55,No
CUST-02215,Female,0,Yes,No,46,Yes,No,DSL,No,Yes,Month-to-month,Yes,Bank transfer (automatic),116.86,5340.03,No
CUST-02216,Male,1,No,Yes,26,Yes,No,Fiber optic,Yes,No,One year,No,Bank transfer (automatic),29.49,782.32,No
CUST-02217,Male,0,Yes,Yes,69,No,No phone service,Fiber optic,No,Yes,Month-to-month,Yes,Credit card (automatic),59.0,4132.6,No
CUST-02218,Male,0,No,No,64,Yes,No,Fiber optic,No,No,Month-to-month,No,Credit card (automatic),60.66,3919.22,No
CUST-02219,Male,1,Yes,Yes,37,Yes,No,DSL,Yes,No,Two year,Yes,Electronic check,77.7,2896.38,No
CUST-02220,Male,0,No,No,49,Yes,No,DSL,Yes,Yes,Month-to-month,Yes,Credit card (automatic),35.22,1717.92,No
CUST-02221,Female,0,No,Yes,21,Yes,No,DSL,Yes,No,Month-to-month,No,Electronic check,37.66,724.84,No
CUST-02222,Female,1,Yes,Yes,64,Yes,No,DSL,No,No,Two year,No,Credit card (automatic),48.54,3123.96,No
CUST-02223,Female,0,Yes,Yes,5,Yes,Yes,DSL,Yes,No,Month-to-month,No,Bank transfer (automatic),115.59,613.84,No
CUST-02224,Male,0,No,No,70,Yes,No,No,No internet service,No internet service,One year,Yes,Mailed check,93.41,6508.95,No
CUST-02225,Male,0,Yes,No,4,Yes,Yes,Fiber optic,Yes,No,Two year,Yes,Credit card (automatic),86.17,326.36,No
CUST-02226,Female,0,Yes,Yes,39,Yes,Yes,Fiber optic,Yes,No,Two year,No,Credit card (automatic),101.7,4021.8,No
CUST-02227,Male,0,Yes,Yes,35,Yes,No,DSL,No,No,Month-to-month,No,Credit card (automatic),32.76,1126.98,No
CUST-02228,Female,0,Yes,No,1,Yes,Yes,Fiber optic,Yes,No,Month-to-month,Yes,Electronic check,105.93,92.4,No
CUST-02229,Female,0,Yes,Yes,24,Yes,Yes,DSL,Yes,Yes,One year,Yes,Electronic check,79.48,1903.1,No
CUST-02230,Female,0,No,Yes,57,Yes,No,DSL,Yes,No,Month-to-month,No,Credit card (automatic),53.53,3084.49,No
CUST-02231,Male,0,Yes,Yes,70,Yes,Yes,Fiber optic,Yes,Yes,Two year,No,Electronic check,101.59,7125.97,No
CUST-02232,Male,0,Yes,No,41,Yes,Yes,DSL,Yes,No,Month-to-month,Yes,Electronic check,100.26,4121.62,Yes
CUST-02233,Female,0,Yes,No,54,Yes,No,Fiber optic,No,Yes,Month-to-month,Yes,Electronic check,104.57,5722.67,No
CUST-02234,Male,0,Yes,Yes,46,Yes,No,No,No internet service,No internet service,Two year,No,Electronic check,31.55,1430.82,No
CUST-02235,Male,0,No,Yes,60,Yes,No,DSL,Yes,No,Month-to-month,No,Electronic check,116.94,6968.87,No
CUST-02236,Male,0,Yes,No,60,Yes,Yes,Fiber optic,Yes,No,Month-to-month,Yes,Bank transfer (automatic),115.96,7008.7,Yes
CUST-02237,Female,1,No,No,57,Yes,Yes,DSL,No,No,Month-to-month,No,Credit card (automatic),55.75,3189.3,No
CUST-02238,Female,0,Yes,Yes,31,Yes,Yes,Fiber optic,No,Yes,One year,Yes,Mailed check,26.59,794.83,No
CUST-02239,Female,0,No,Yes,24,No,No phone service,Fiber optic,No,No,Month-to-month,No,Credit card (automatic),36.71,863.05,No
CUST-02240,Female,0,Yes,Yes,36,Yes,No,No,No internet service,No internet service,Two year,Yes,Mailed check,119.28,4230.38,No
CUST-02241,Female,0,Yes,No,30,Yes,No,Fiber optic,Yes,No,Month-to-month,No,Mailed check,76.3,2300.58,Yes
CUST-02242,Male,0,Yes,Yes,24,Yes,Yes,No,No internet service,No internet service,Month-to-month,Yes,Electronic check,55.66,1262.77,No
CUST-02243,Female,0,Yes,No,30,Yes,Yes,DSL,No,No,Month-to-month,No,Credit card (automatic),48.82,1498.7,Yes
CUST-02244,Male,0,No,Yes,7,Yes,Yes,DSL,Yes,No,Month-to-month,Yes,Credit card (automatic),45.7,293.78,No
CUST-02245,Female,0,Yes,Yes,35,Yes,Yes,No,No internet service,No internet service,Month-to-month,Yes,Electronic check,86.42,2955.0,Yes
CUST-02246,Male,0,No,Yes,55,No,No phone service,Fiber optic,Yes,Yes,Month-to-month,No,Mailed check,61.94,3461.56,No
CUST-02247,Male,0,No,No,14,Yes,Yes,No,No internet service,No internet service,Two year,Yes,Bank transfer (automatic),116.54,1744.38,No
CUST-02248,Female,0,Yes,No,10,No,No phone service,DSL,No,Yes,Two year,Yes,Electronic check,88.38,905.67,No
CUST-02249,Male,0,No,Yes,16,Yes,No,Fiber optic,No,No,Two year,No,Mailed check,99.2,1572.93,No
CUST-02250,Male,1,No,Yes,54,Yes,No,DSL,No,Yes,Two year,No,Mailed check,49.27,2612.58,No
CUST-02251,Male,0,Yes,Yes,70,No,No phone service,No,No internet service,No internet service,Month-to-month,Yes,Mailed check,27.92,1967.49,No
CUST-02252,Male,0,Yes,No,44,Yes,No,No,No internet service,No internet service,Month-to-month,No,Mailed check,68.78,3058.16,No
CUST-02253,Male,0,Yes,Yes,45,Yes,No,No,No internet service,No internet service,One year,No,Bank transfer (automatic),51.46,2316.04,No
CUST-02254,Male,0,Yes,Yes,56,Yes,Yes,Fiber optic,Yes,Yes,One year,Yes,Electronic check,40.21,2296.53,No
CUST-02255,Female,0,Yes,No,57,Yes,Yes,Fiber optic,No,No,Month-to-month,No,Bank transfer (automatic),115.26,6645.51,No
CUST-02256,Male,1,Yes,No,21,Yes,No,Fiber optic,No,Yes,Two year,Yes,Credit card (automatic),64.4,1289.42,No
CUST-02257,Female,1,Yes,Yes,68,Yes,Yes,Fiber optic,No,No,Month-to-month,Yes,Bank transfer (automatic),37.47,2562.66,No
CUST-02258,Male,0,No,No,50,Yes,Yes,Fiber optic,Yes,No,Two year,Yes,Credit card (automatic),39.87,1898.33,No
CUST-02259,Male,0,No,No,33,Yes,Yes,Fiber optic,No,No,Month-to-month,Yes,Electronic check,48.07,1545.61,No
CUST-02260,Male,0,Yes,No,7,Yes,Yes,Fiber optic,No,Yes,Month-to-month,No,Bank transfer (automatic),119.93,875.5,Yes
CUST-02261,Male,1,No,No,70,Yes,No,Fiber optic,No,Yes,Month-to-month,Yes,Credit card (automatic),46.8,3273.66,Yes
CUST-02262,Male,0,No,No,15,Yes,No,No,No internet service,No internet service,Month-to-month,Yes,Electronic check,52.88,712.66,No
CUST-02263,Male,0,No,No,32,Yes,Yes,No,No internet service,No internet service,Two year,Yes,Electronic check,85.93,2802.26,No
CUST-02264,Male,1,Yes,No,20,Yes,No,DSL,No,Yes,Two year,Yes,Mailed check,49.4,960.84,No
CUST-02265,Male,0,No,No,15,Yes,No,DSL,No,No,Month-to-month,No,Credit card (automatic),41.58,666.24,No
CUST-02266,Female,0,Yes,Yes,48,Yes,No,Fiber optic,Yes,Yes,Two year,No,Bank transfer (automatic),35.86,1746.91,No
CUST-02267,Female,1,No,Yes,71,Yes,No,Fiber optic,Yes,No,Month-to-month,Yes,Bank transfer (automatic),51.27,3598.51,No
CUST-02268,Female,0,Yes,No,21,Yes,Yes,Fiber optic,Yes,Yes,One year,No,Electronic check,30.59,685.84,No
CUST-02269,Female,0,No,No,42,Yes,Yes,Fiber optic,Yes,Yes,Month-to-month,No,Mailed check,21.86,934.05,No
CUST-02270,Male,0,No,Yes,26,Yes,Yes,No,No internet service,No internet service,Month-to-month,No,Mailed check,100.46,2620.71,No
CUST-02271,Male,0,Yes,Yes,14,Yes,No,Fiber optic,Yes,Yes,Month-to-month,Yes,Mailed check,33.79,449.65,No
CUST-02272,Male,1,No,Yes,57,Yes,Yes,Fiber optic,Yes,Yes,Month-to-month,No,Electronic check,97.6,5508.06,No
CUST-02273,Female,1,Yes,Yes,37,Yes,Yes,Fiber optic,Yes,No,Month-to-month,Yes,Electronic check,99.75,3669.82,No
CUST-02274,Female,0,Yes,Yes,58,Yes,Yes,No,No internet service,No internet service,Month-to-month,No,Credit card (automatic),73.79,4257.8,No
CUST-02275,Female,0,Yes,No,21,No,No phone service,Fiber optic,Yes,Yes,Month-to-month,Yes,Bank transfer (automatic),50.97,1112.95,Yes
CUST-02276,Male,0,No,No,69,Yes,No,Fiber optic,No,Yes,One year,No,Bank transfer (automatic),34.5,2298.05,No
CUST-02277,Male,0,No,Yes,3,Yes,No,Fiber optic,No,No,Month-to-month,No,Credit card (automatic),93.68,354.58,Yes
CUST-02278,Female,0,Yes,No,37,Yes,No,Fiber optic,Yes,Yes,Month-to-month,No,Credit card (automatic),80.14,3041.46,Yes
CUST-02279,Male,0,Yes,Yes,49,Yes,No,Fiber optic,No,Yes,One year,Yes,Electronic check,85.55,4159.9,Yes
CUST-02280,Male,0,Yes,Yes,19,Yes,Yes,DSL,Yes,Yes,Month-to-month,Yes,Bank transfer (automatic),20.87,466.61,No
CUST-02281,Male,0,No,No,12,Yes,Yes,Fiber optic,No,No,Month-to-month,No,Bank transfer (automatic),112.75,1302.72,No
CUST-02282,Female,1,No,No,61,Yes,No,No,No internet service,No internet service,Two year,Yes,Bank transfer (automatic),26.63,1680.79,No
CUST-02283,Male,0,Yes,No,41,Yes,Yes,DSL,No,Yes,Two year,Yes,Electronic check,56.68,2282.9,No
CUST-02284,Female,0,No,No,33,Yes,Yes,No,No internet service,No internet service,Month-to-month,Yes,Electronic check,60.27,2040.58,Yes
CUST-02285,Female,0,No,Yes,50,Yes,Yes,No,No internet service,No internet service,One year,No,Credit card (automatic),20.14,935.13,No
CUST-02286,Male,0,Yes,No,68,Yes,Yes,Fiber optic,Yes,No,Two year,Yes,Electronic check,69.71,4794.42,No
CUST-02287,Male,0,Yes,Yes,71,Yes,No,DSL,Yes,Yes,Two year,Yes,Electronic check,95.28,6829.31,No
CUST-02288,Male,0,No,No,33,No,No phone service,No,No internet service,No internet service,Two year,No,Bank transfer (automatic),102.33,3303.41,No
CUST-02289,Female,0,Yes,No,24,Yes,No,DSL,No,No,Two year,Yes,Bank transfer (automatic),107.94,2678.42,No
CUST-02290,Female,0,Yes,Yes,61,Yes,No,Fiber optic,No,No,Two year,Yes,Credit card (automatic),68.77,4245.89,No
CUST-02291,Male,0,No,Yes,61,Yes,No,No,No internet service,No internet service,Month-to-month,Yes,Electronic check,83.06,4966.76,No
CUST-02292,Male,0,Yes,Yes,28,Yes,No,Fiber optic,No,Yes,One year,No,Bank transfer (automatic),27.95,758.1,No
CUST-02293,Female,0,Yes,No,58,Yes,Yes,DSL,No,No,Two year,No,Bank transfer (automatic),68.8,4042.28,No
CUST-02294,Female,0,No,Yes,43,Yes,No,No,No internet service,No internet service,Month-to-month,Yes,Credit card (automatic),35.48,1561.8,No
CUST-02295,Female,0,Yes,No,41,No,No phone service,No,No internet service,No internet service,Month-to-month,Yes,Bank transfer (automatic),56.96,2340.95,No
CUST-02296,Female,0,No,Yes,39,Yes,Yes,Fiber optic,Yes,Yes,One year,No,Credit card (automatic),52.93,2110.67,No
CUST-02297,Female,0,Yes,Yes,49,No,No phone service,No,No internet service,No internet service,One year,No,Bank transfer (automatic),62.35,3011.45,No
CUST-02298,Male,0,No,No,17,Yes,No,Fiber optic,Yes,No,Two year,No,Credit card (automatic),77.16,1314.09,No
CUST-02299,Female,0,No,No,70,Yes,No,Fiber optic,No,No,Month-to-month,No,Credit card (automatic),110.29,7678.02,No
CUST-02300,Female,0,Yes,Yes,70,No,No phone service,DSL,Yes,No,Two year,No,Credit card (automatic),59.45,4168.24,No
CUST-02301,Male,0,Yes,Yes,65,Yes,No,Fiber optic,Yes,No,Month-to-month,Yes,Mailed check,118.11,7727.2,No
CUST-02302,Female,0,Yes,No,5,Yes,Yes,Fiber optic,Yes,No,Month-to-month,No,Mailed check,95.9,518.58,No
CUST-02303,Female,0,No,No,2,Yes,Yes,Fiber optic,Yes,No,Month-to-month,Yes,Electronic check,71.15,153.44,Yes
CUST-02304,Male,0,No,Yes,22,No,No phone service,Fiber optic,No,Yes,Two year,Yes,Electronic check,84.4,1906.28,No
CUST-02305,Female,0,Yes,Yes,57,Yes,No,No,No internet service,No internet service,Month-to-month,No,Bank transfer (automatic),30.22,1776.95,No
CUST-02306,Male,0,Yes,No,66,Yes,No,Fiber optic,No,No,Month-to-month,Yes,Mailed check,104.45,6983.57,No
CUST-02307,Female,0,No,Yes,16,Yes,No,No,No internet service,No internet service,Two year,No,Credit card (automatic),78.24,1310.21,No
CUST-02308,Female,0,Yes,Yes,51,Yes,No,DSL,Yes,Yes,Month-to-month,No,Electronic check,118.61,6081.93,Yes
CUST-02309,Male,0,No,No,39,Yes,No,No,No internet service,No internet service,Month-to-month,No,Electronic check,83.64,3308.66,Yes
CUST-02310,Female,0,Yes,Yes,40,No,No phone service,DSL,No,Yes,Month-to-month,Yes,Credit card (automatic),103.41,4148.58,No
CUST-02311,Female,0,Yes,No,38,Yes,Yes,DSL,No,Yes,Two year,Yes,Credit card (automatic),99.98,3785.24,No
CUST-02312,Male,0,Yes,No,60,Yes,No,Fiber optic,Yes,No,Two year,No,Mailed check,54.55,3316.38,Yes
CUST-02313,Female,0,No,Yes,59,Yes,No,Fiber optic,No,No,Month-to-month,Yes,Credit card (automatic),45.96,2749.5,No
CUST-02314,Female,1,Yes,No,10,Yes,No,No,No internet service,No internet service,Month-to-month,Yes,Electronic check,63.05,645.1,No
CUST-02315,Female,1,No,No,64,Yes,No,DSL,Yes,Yes,Two year,Yes,Electronic check,66.72,4260.35,No
CUST-02316,Female,0,No,No,63,Yes,Yes,DSL,Yes,No,Month-to-month,Yes,Mailed check,44.01,2760.13,No
CUST-02317,Female,0,Yes,Yes,49,Yes,Yes,Fiber optic,Yes,No,Month-to-month,No,Bank transfer (automatic),109.46,5343.1,No
CUST-02318,Male,0,Yes,Yes,64,Yes,No,Fiber optic,No,No,Month-to-month,No,Mailed check,74.25,4814.79,No
CUST-02319,Female,0,No,Yes,32,No,No phone service,Fiber optic,Yes,Yes,Two year,No,Electronic check,117.84,3829.8,No
CUST-02320,Female,0,Yes,No,7,Yes,No,No,No internet service,No internet service,One year,No,Mailed check,101.0,763.78,No
CUST-02321,Male,0,Yes,No,21,Yes,Yes,Fiber optic,Yes,Yes,Month-to-month,Yes,Bank transfer (automatic),75.57,1534.38,No
CUST-02322,Male,1,No,Yes,20,No,No phone service,Fiber optic,Yes,Yes,One year,No,Electronic check,114.7,2276.04,No
CUST-02323,Male,0,Yes,Yes,26,Yes,No,DSL,No,No,Two year,Yes,Credit card (automatic),70.49,1819.87,No
CUST-02324,Male,0,No,No,68,Yes,No,DSL,No,No,Two year,Yes,Electronic check,108.71,7361.97,No
CUST-02325,Female,0,No,Yes,15,Yes,Yes,Fiber optic,Yes,Yes,One year,Yes,Credit card (automatic),55.81,930.28,No
CUST-02326,Female,0,No,No,14,Yes,Yes,No,No internet service,No internet service,Two year,No,Electronic check,57.86,830.06,No
CUST-02327,Female,0,No,Yes,27,Yes,Yes,Fiber optic,No,No,Month-to-month,Yes,Bank transfer (automatic),61.81,1685.3,No
CUST-02328,Female,0,No,Yes,40,Yes,Yes,Fiber optic,Yes,Yes,One year,No,Credit card (automatic),74.66,2963.1,No
CUST-02329,Female,0,Yes,Yes,58,Yes,Yes,Fiber optic,No,Yes,Month-to-month,No,Electronic check,75.35,4413.4,No
CUST-02330,Female,1,No,Yes,28,Yes,No,No,No internet service,No internet service,One year,Yes,Credit card (automatic),69.64,2059.5,No
CUST-02331,Female,1,No,No,26,Yes,No,Fiber optic,Yes,Yes,Month-to-month,Yes,Electronic check,50.6,1319.65,No
CUST-02332,Male,0,Yes,Yes,63,Yes,Yes,No,No internet service,No internet service,Month-to-month,Yes,Bank transfer (automatic),112.72,7089.68,No
CUST-02333,Female,0,No,No,66,Yes,Yes,Fiber optic,Yes,Yes,Month-to-month,No,Mailed check,78.86,5200.23,No
CUST-02334,Male,0,No,No,25,Yes,Yes,DSL,No,Yes,Month-to-month,Yes,Bank transfer (automatic),60.77,1503.15,No
CUST-02335,Male,1,Yes,Yes,3,Yes,No,DSL,No,Yes,Two year,Yes,Mailed check,85.12,255.22,No
CUST-02336,Male,0,Yes,No,44,Yes,No,DSL,Yes,No,Month-to-month,Yes,Electronic check,96.8,4228.63,No
CUST-02337,Female,0,Yes,No,42,Yes,No,DSL,No,Yes,Month-to-month,No,Bank transfer (automatic),116.07,4830.61,No
CUST-02338,Female,0,No,Yes,6,Yes,Yes,Fiber optic,No,No,Month-to-month,No,Bank transfer (automatic),69.95,418.64,No
CUST-02339,Male,0,No,Yes,39,Yes,Yes,DSL,No,Yes,One year,Yes,Mailed check,31.21,1221.24,No
CUST-02340,Female,0,No,Yes,52,Yes,No,Fiber optic,Yes,Yes,One year,No,Bank transfer (automatic),64.08,3318.5,No
CUST-02341,Female,0,Yes,Yes,23,Yes,No,Fiber optic,No,Yes,Month-to-month,No,Mailed check,67.9,1634.55,No
CUST-02342,Male,0,No,Yes,50,Yes,No,DSL,No,Yes,Month-to-month,Yes,Mailed check,109.7,5505.77,No
CUST-02343,Male,0,No,Yes,43,Yes,No,Fiber optic,Yes,Yes,Month-to-month,Yes,Mailed check,59.48,2594.76,No
CUST-02344,Female,0,No,No,19,Yes,Yes,Fiber optic,No,Yes,One year,Yes,Bank transfer (automatic),115.33,2229.72,No
CUST-02345,Male,0,Yes,No,69,Yes,No,No,No internet service,No internet service,Month-to-month,Yes,Credit card (automatic),68.51,4732.42,Yes
CUST-02346,Male,0,Yes,Yes,51,Yes,Yes,DSL,No,Yes,Month-to-month,No,Electronic check,117.38,5997.31,No
CUST-02347,Male,0,Yes,No,11,No,No phone service,Fiber optic,No,Yes,One year,No,Bank transfer (automatic),20.82,186.01,No
CUST-02348,Female,0,Yes,No,12,Yes,Yes,Fiber optic,No,No,Month-to-month,No,Credit card (automatic),109.88,1351.36,No
CUST-02349,Female,0,No,No,8,Yes,Yes,Fiber optic,Yes,No,One year,No,Mailed check,113.11,888.21,No
CUST-02350,Male,0,No,Yes,24,Yes,Yes,No,No internet service,No internet service,Two year,Yes,Credit card (automatic),116.1,2754.41,No
CUST-02351,Male,0,No,Yes,41,Yes,Yes,DSL,Yes,No,Month-to-month,No,Credit card (automatic),21.31,938.81,No
CUST-02352,Female,0,Yes,Yes,36,Yes,Yes,DSL,Yes,No,One year,No,Electronic check,37.17,1271.51,No
CUST-02353,Female,1,No,Yes,55,Yes,No,DSL,Yes,Yes,One year,No,Credit card (automatic),85.38,4781.85,No
CUST-02354,Female,0,No,No,9,Yes,No,DSL,No,No,Month-to-month,No,Bank transfer (automatic),22.55,284.95,No
CUST-02355,Female,0,No,Yes,47,No,No phone service,Fiber optic,No,No,One year,Yes,Electronic check,26.36,1227.81,No
CUST-02356,Female,1,No,Yes,15,Yes,No,Fiber optic,Yes,Yes,Two year,Yes,Electronic check,42.11,720.91,Yes
CUST-02357,Female,0,Yes,Yes,48,No,No phone service,DSL,No,Yes,Two year,Yes,Electronic check,71.24,3375.1,No
CUST-02358,Male,0,No,No,42,Yes,Yes,Fiber optic,No,No,Month-to-month,Yes,Mailed check,74.59,3182.48,Yes
CUST-02359,Male,0,Yes,No,60,Yes,Yes,No,No internet service,No internet service,Two year,No,Mailed check,23.43,1406.64,No
CUST-02360,Male,1,No,No,70,Yes,Yes,Fiber optic,Yes,No,Two year,Yes,Electronic check,37.04,2502.48,No
CUST-02361,Female,0,Yes,Yes,12,Yes,No,DSL,No,No,Two year,No,Electronic check,69.97,808.09,No
CUST-02362,Male,0,Yes,Yes,2,Yes,Yes,DSL,Yes,No,Month-to-month,No,Mailed check,79.39,150.05,No
CUST-02363,Male,0,Yes,No,7,Yes,No,Fiber optic,No,Yes,Month-to-month,Yes,Mailed check,34.84,282.83,No
CUST-02364,Male,1,No,No,3,Yes,Yes,Fiber optic,Yes,No,Month-to-month,No,Mailed check,59.88,155.79,Yes
CUST-02365,Male,0,Yes,No,3,Yes,No,No,No internet service,No internet service,Month-to-month,Yes,Mailed check,110.44,317.66,Yes
CUST-02366,Male,0,Yes,Yes,27,Yes,No,No,No internet service,No internet service,Month-to-month,Yes,Mailed check,119.89,3264.08,No
CUST-02367,Male,0,No,Yes,40,Yes,No,No,No internet service,No internet service,Two year,Yes,Mailed check,118.72,4773.2,No
CUST-02368,Male,0,No,No,33,Yes,Yes,Fiber optic,Yes,Yes,One year,No,Bank transfer (automatic),108.17,3565.02,Yes
CUST-02369,Female,0,No,No,1,Yes,No,DSL,No,No,Month-to-month,No,Mailed check,59.47,44.33,Yes
CUST-02370,Male,0,No,No,8,No,No phone service,DSL,No,Yes,Month-to-month,Yes,Credit card (automatic),88.66,756.25,No
CUST-02371,Male,0,Yes,Yes,32,Yes,Yes,Fiber optic,No,Yes,Month-to-month,No,Credit card (automatic),61.66,1957.7,No
CUST-02372,Female,0,Yes,Yes,48,Yes,Yes,No,No internet service,No internet service,Month-to-month,No,Electronic check,84.85,4013.33,No
CUST-02373,Male,0,No,No,4,Yes,No,DSL,Yes,Yes,Month-to-month,No,Credit card (automatic),50.94,184.04,No
CUST-02374,Female,0,Yes,No,70,Yes,Yes,Fiber optic,Yes,No,Month-to-month,No,Credit card (automatic),80.62,5670.74,No
CUST-02375,Male,0,Yes,Yes,19,Yes,No,Fiber optic,Yes,No,Month-to-month,No,Bank transfer (automatic),72.38,1367.76,No
CUST-02376,Female,1,Yes,No,32,No,No phone service,DSL,Yes,No,Two year,No,Mailed check,22.45,693.26,No
CUST-02377,Male,0,Yes,Yes,9,Yes,No,DSL,No,Yes,Two year,Yes,Mailed check,99.07,828.89,No
CUST-02378,Male,0,Yes,Yes,12,Yes,Yes,Fiber optic,Yes,No,Two year,Yes,Credit card (automatic),21.19,247.08,No
CUST-02379,Male,0,No,No,11,Yes,Yes,DSL,Yes,No,Month-to-month,No,Mailed check,49.32,553.92,No
CUST-02380,Male,0,No,Yes,46,Yes,No,Fiber optic,Yes,No,One year,Yes,Mailed check,20.59,896.77,No
CUST-02381,Male,0,No,Yes,16,Yes,No,DSL,Yes,Yes,Two year,Yes,Electronic check,57.62,912.46,No
CUST-02382,Female,0,No,Yes,1,Yes,Yes,DSL,No,No,Month-to-month,Yes,Electronic check,26.32,0.0,No
CUST-02383,Male,0,No,Yes,63,Yes,Yes,DSL,No,No,One year,No,Bank transfer (automatic),111.35,7008.61,No
CUST-02384,Female,0,No,Yes,21,Yes,No,Fiber optic,Yes,Yes,Month-to-month,No,Electronic check,61.57,1379.24,No
CUST-02385,Male,0,No,Yes,30,No,No phone service,Fiber optic,No,No,Month-to-month,Yes,Mailed check,65.95,1987.09,Yes
CUST-02386,Male,0,Yes,No,13,Yes,Yes,Fiber optic,No,Yes,Two year,No,Mailed check,54.99,635.79,No
CUST-02387,Male,0,No,Yes,34,Yes,No,Fiber optic,No,No,One year,Yes,Bank transfer (automatic),82.75,2830.06,No
CUST-02388,Female,0,Yes,Yes,4,Yes,Yes,Fiber optic,No,Yes,One year,No,Credit card (automatic),98.44,459.35,No
CUST-02389,Female,1,Yes,Yes,28,Yes,Yes,Fiber optic,Yes,Yes,Month-to-month,No,Bank transfer (automatic),84.81,2305.48,Yes
CUST-02390,Female,0,Yes,Yes,59,Yes,No,DSL,No,No,Month-to-month,Yes,Mailed check,94.82,5542.11,No
CUST-02391,Female,0,Yes,Yes,27,Yes,No,DSL,No,Yes,Two year,Yes,Credit card (automatic),110.6,2999.12,No
CUST-02392,Female,1,Yes,No,69,Yes,Yes,No,No internet service,No internet service,Month-to-month,Yes,Electronic check,106.35,7333.79,No
CUST-02393,Male,0,No,Yes,25,No,No phone service,Fiber optic,Yes,No,Two year,No,Bank transfer (automatic),87.41,2245.81,No
CUST-02394,Male,0,Yes,Yes,3,Yes,No,No,No internet service,No internet service,Two year,No,Credit card (automatic),41.46,115.35,No
CUST-02395,Female,0,No,No,68,Yes,No,No,No internet service,No internet service,Month-to-month,Yes,Bank transfer (automatic),83.77,5737.63,No
CUST-02396,Female,0,No,Yes,25,No,No phone service,Fiber optic,Yes,No,Month-to-month,Yes,Electronic check,70.61,1841.66,No
CUST-02397,Male,0,No,No,20,Yes,No,DSL,No,No,Month-to-month,Yes,Credit card (automatic),91.72,1791.02,No
CUST-02398,Male,0,Yes,No,34,Yes,No,Fiber optic,Yes,No,Month-to-month,Yes,Bank transfer (automatic),103.29,3549.24,Yes
CUST-02399,Female,0,Yes,Yes,26,Yes,Yes,Fiber optic,No,No,Month-to-month,Yes,Electronic check,94.27,2430.98,Yes
CUST-02400,Female,0,No,No,5,Yes,Yes,No,No internet service,No internet service,Month-to-month,Yes,Mailed check,104.66,412.54,No
CUST-02401,Male,0,No,No,61,Yes,Yes,No,No internet service,No internet service,One year,Yes,Credit card (automatic),26.39,1633.61,No
CUST-02402,Female,0,No,Yes,9,Yes,No,No,No internet service,No internet service,Two year,No,Electronic check,23.16,238.41,No
CUST-02403,Male,0,No,Yes,50,Yes,No,Fiber optic,No,No,Month-to-month,No,Bank transfer (automatic),45.85,2215.04,No
CUST-02404,Female,0,No,No,6,Yes,No,DSL,No,No,Month-to-month,No,Mailed check,110.07,637.72,No
CUST-02405,Female,0,Yes,No,60,Yes,Yes,No,No internet service,No internet service,Two year,No,Bank transfer (automatic),102.37,6111.05,No
CUST-02406,Male,0,No,Yes,44,Yes,Yes,DSL,Yes,No,Month-to-month,No,Credit card (automatic),88.27,3924.38,No
CUST-02407,Male,0,No,Yes,11,Yes,No,DSL,No,No,Month-to-month,No,Electronic check,90.08,913.42,Yes
CUST-02408,Female,0,No,Yes,66,Yes,Yes,No,No internet service,No internet service,Month-to-month,No,Bank transfer (automatic),92.67,6121.56,Yes
CUST-02409,Male,0,No,Yes,47,Yes,No,DSL,Yes,Yes,Month-to-month,No,Bank transfer (automatic),114.26,5253.24,No
CUST-02410,Female,1,Yes,Yes,3,Yes,Yes,No,No internet service,No internet service,One year,No,Electronic check,103.22,328.64,No
CUST-02411,Female,1,No,No,30,Yes,Yes,DSL,Yes,No,Month-to-month,No,Credit card (automatic),82.34,2476.46,Yes
CUST-02412,Male,0,No,No,21,Yes,No,Fiber optic,Yes,Yes,Month-to-month,No,Credit card (automatic),86.57,1792.42,Yes
CUST-02413,Male,0,Yes,No,28,Yes,No,Fiber optic,Yes,No,Month-to-month,No,Credit card (automatic),41.37,1229.77,No
CUST-02414,Male,0,No,No,62,Yes,No,Fiber optic,No,Yes,Two year,Yes,Mailed check,85.73,5184.1,No
CUST-02415,Female,1,Yes,Yes,33,Yes,No,No,No internet service,No internet service,Month-to-month,Yes,Mailed check,62.47,2060.6,Yes
CUST-02416,Male,1,Yes,No,35,Yes,No,No,No internet service,No internet service,Month-to-month,Yes,Credit card (automatic),35.3,1295.38,No
CUST-02417,Male,0,No,No,52,Yes,Yes,DSL,Yes,Yes,Month-to-month,Yes,Bank transfer (automatic),100.64,5239.72,Yes
CUST-02418,Male,0,No,No,34,No,No phone service,Fiber optic,Yes,Yes,Two year,Yes,Electronic check,71.02,2482.98,No
CUST-02419,Female,1,Yes,Yes,41,Yes,Yes,No,No internet service,No internet service,Month-to-month,Yes,Bank transfer (automatic),117.74,4804.81,No
CUST-02420,Male,0,Yes,Yes,51,No,No phone service,Fiber optic,Yes,Yes,Month-to-month,No,Mailed check,48.17,2448.31,Yes
CUST-02421,Male,0,No,Yes,47,Yes,No,DSL,Yes,Yes,Two year,No,Electronic check,68.07,3260.95,No
CUST-02422,Male,0,No,Yes,58,Yes,No,Fiber optic,No,No,Two year,Yes,Bank transfer (automatic),64.8,3803.13,No
CUST-02423,Male,0,Yes,No,57,Yes,Yes,Fiber optic,Yes,No,Month-to-month,Yes,Credit card (automatic),32.08,1948.52,No
CUST-02424,Female,1,No,No,23,Yes,No,DSL,Yes,Yes,One year,Yes,Bank transfer (automatic),62.61,1445.17,No
CUST-02425,Female,1,Yes,No,48,Yes,No,DSL,Yes,No,Month-to-month,Yes,Electronic check,48.76,2350.49,Yes
CUST-02426,Female,0,No,No,22,Yes,Yes,DSL,No,Yes,Month-to-month,Yes,Bank transfer (automatic),36.03,769.59,No
CUST-02427,Female,0,No,No,17,Yes,Yes,Fiber optic,No,Yes,Two year,No,Mailed check,48.22,809.54,No
CUST-02428,Male,0,Yes,No,69,Yes,No,No,No internet service,No internet service,Two year,Yes,Electronic check,43.33,3043.67,No
CUST-02429,Female,0,Yes,No,11,Yes,Yes,No,No internet service,No internet service,Month-to-month,Yes,Bank transfer (automatic),93.41,1027.5,No
CUST-02430,Male,0,No,No,15,No,No phone service,Fiber optic,No,No,Month-to-month,No,Mailed check,23.08,305.84,Yes
CUST-02431,Female,0,Yes,Yes,35,Yes,No,Fiber optic,Yes,Yes,Month-to-month,Yes,Mailed check,81.75,2842.45,No
CUST-02432,Male,0,No,No,33,Yes,Yes,Fiber optic,Yes,Yes,One year,Yes,Mailed check,96.07,3165.79,No
CUST-02433,Male,0,No,No,16,Yes,Yes,Fiber optic,Yes,Yes,Month-to-month,Yes,Bank transfer (automatic),68.07,1051.99,No
CUST-02434,Male,0,Yes,Yes,34,Yes,No,No,No internet service,No internet service,Two year,No,Bank transfer (automatic),113.16,3824.54,No
CUST-02435,Female,1,No,No,66,Yes,Yes,No,No internet service,No internet service,One year,Yes,Electronic check,90.79,5942.15,No
CUST-02436,Female,0,No,No,40,Yes,Yes,DSL,No,No,Month-to-month,Yes,Credit card (automatic),94.79,3770.47,No
CUST-02437,Female,0,Yes,Yes,28,Yes,Yes,No,No internet service,No internet service,One year,No,Credit card (automatic),39.69,1169.63,No
CUST-02438,Male,0,Yes,Yes,47,Yes,No,DSL,Yes,Yes,Month-to-month,No,Electronic check,97.73,4595.73,Yes
CUST-02439,Female,0,Yes,No,39,Yes,No,Fiber optic,No,No,Month-to-month,Yes,Credit card (automatic),103.21,4148.26,No
CUST-02440,Male,0,No,Yes,70,Yes,Yes,DSL,No,Yes,Month-to-month,No,Credit card (automatic),56.13,3890.91,No
CUST-02441,Female,0,Yes,Yes,20,Yes,No,Fiber optic,No,Yes,Month-to-month,No,Electronic check,41.34,851.07,No
CUST-02442,Female,1,No,Yes,1,Yes,Yes,DSL,Yes,Yes,Month-to-month,No,Electronic check,58.51,69.62,No
CUST-02443,Female,0,Yes,Yes,63,Yes,Yes,Fiber optic,No,Yes,Month-to-month,No,Electronic check,93.96,5952.0,No
CUST-02444,Female,0,No,No,67,Yes,No,DSL,No,No,Month-to-month,No,Mailed check,61.76,4107.62,No
CUST-02445,Female,0,No,Yes,4,Yes,No,No,No internet service,No internet service,Month-to-month,Yes,Electronic check,93.67,356.26,No
CUST-02446,Male,0,Yes,Yes,58,Yes,No,DSL,Yes,No,Month-to-month,Yes,Mailed check,31.36,1839.24,No
CUST-02447,Female,0,No,No,25,Yes,No,DSL,Yes,Yes,One year,Yes,Bank transfer (automatic),100.6,2489.77,No
CUST-02448,Female,0,No,Yes,47,Yes,Yes,Fiber optic,Yes,Yes,Month-to-month,No,Electronic check,45.32,2041.37,No
CUST-02449,Female,0,Yes,Yes,38,Yes,Yes,Fiber optic,Yes,No,One year,Yes,Credit card (automatic),44.89,1771.34,No
CUST-02450,Male,0,No,Yes,15,Yes,Yes,Fiber optic,Yes,Yes,Two year,Yes,Credit card (automatic),79.04,1230.0,No
CUST-02451,Female,0,No,No,63,Yes,No,DSL,Yes,No,Month-to-month,Yes,Credit card (automatic),27.01,1680.77,No
CUST-02452,Female,1,No,Yes,21,Yes,No,DSL,Yes,Yes,Month-to-month,Yes,Credit card (automatic),22.63,486.15,Yes
CUST-02453,Male,0,No,Yes,57,Yes,No,DSL,Yes,No,One year,No,Mailed check,46.1,2678.04,No
CUST-02454,Female,0,No,Yes,53,Yes,No,DSL,Yes,Yes,Month-to-month,Yes,Bank transfer (automatic),73.81,3979.14,No
CUST-02455,Male,0,No,Yes,46,Yes,Yes,No,No internet service,No internet service,Month-to-month,Yes,Electronic check,110.76,5100.17,No
CUST-02456,Male,0,Yes,Yes,14,Yes,Yes,No,No internet service,No internet service,One year,Yes,Electronic check,104.64,1435.69,No
CUST-02457,Female,0,Yes,Yes,17,Yes,No,Fiber optic,No,No,Month-to-month,Yes,Bank transfer (automatic),69.04,1246.89,Yes
CUST-02458,Male,0,Yes,No,39,Yes,No,DSL,Yes,Yes,Two year,Yes,Credit card (automatic),23.71,929.43,No
CUST-02459,Female,0,No,Yes,9,Yes,Yes,DSL,Yes,Yes,Month-to-month,No,Electronic check,73.53,654.41,No
CUST-02460,Male,0,Yes,No,6,Yes,No,DSL,Yes,Yes,Month-to-month,No,Bank transfer (automatic),90.48,556.04,No
CUST-02461,Female,0,Yes,No,23,Yes,No,DSL,No,No,One year,Yes,Credit card (automatic),53.92,1297.9,No
CUST-02462,Male,0,No,No,59,Yes,Yes,Fiber optic,Yes,Yes,One year,No,Electronic check,31.11,1833.55,No
CUST-02463,Male,0,Yes,No,46,Yes,Yes,Fiber optic,No,Yes,Month-to-month,Yes,Credit card (automatic),47.86,2250.86,No
CUST-02464,Male,0,Yes,Yes,38,Yes,Yes,DSL,No,No,Month-to-month,Yes,Bank transfer (automatic),97.16,3681.65,Yes
CUST-02465,Female,0,No,Yes,14,Yes,No,Fiber optic,Yes,No,Month-to-month,No,Mailed check,55.12,802.13,No
CUST-02466,Male,0,Yes,Yes,62,No,No phone service,Fiber optic,No,Yes,One year,Yes,Credit card (automatic),101.2,6227.0,No
CUST-02467,Female,0,Yes,Yes,35,Yes,No,DSL,Yes,No,One year,Yes,Credit card (automatic),51.95,1871.73,No
CUST-02468,Female,0,Yes,Yes,19,Yes,No,No,No internet service,No internet service,Month-to-month,Yes,Mailed check,36.36,657.04,No
CUST-02469,Male,0,Yes,Yes,30,Yes,No,Fiber optic,No,Yes,Two year,No,Bank transfer (automatic),63.58,1930.36,No
CUST-02470,Female,0,Yes,No,25,Yes,Yes,Fiber optic,No,Yes,Month-to-month,Yes,Bank transfer (automatic),65.23,1556.42,No
CUST-02471,Female,0,Yes,Yes,40,Yes,Yes,DSL,No,Yes,Month-to-month,Yes,Mailed check,21.61,865.64,No
CUST-02472,Male,0,No,Yes,14,Yes,Yes,Fiber optic,No,Yes,Month-to-month,Yes,Credit card (automatic),31.7,453.21,No
CUST-02473,Female,0,No,No,26,Yes,Yes,DSL,Yes,No,Month-to-month,Yes,Mailed check,38.49,966.67,Yes
CUST-02474,Female,0,Yes,Yes,22,Yes,No,No,No internet service,No internet service,One year,Yes,Mailed check,31.36,684.43,No
CUST-02475,Male,0,Yes,No,48,Yes,Yes,Fiber optic,No,No,Month-to-month,Yes,Mailed check,54.15,2612.31,Yes
CUST-02476,Male,0,Yes,Yes,51,Yes,Yes,No,No internet service,No internet service,Two year,Yes,Electronic check,116.46,5967.62,No
CUST-02477,Male,0,No,Yes,3,Yes,Yes,Fiber optic,No,No,Month-to-month,Yes,Mailed check,70.92,217.77,No
CUST-02478,Male,0,Yes,No,42,Yes,Yes,DSL,No,Yes,Month-to-month,Yes,Credit card (automatic),82.76,3542.54,No
CUST-02479,Female,1,No,Yes,19,Yes,No,No,No internet service,No internet service,Month-to-month,No,Credit card (automatic),55.64,1115.07,Yes
CUST-02480,Female,0,No,Yes,28,Yes,No,DSL,Yes,Yes,Month-to-month,Yes,Credit card (automatic),52.35,1464.27,No
CUST-02481,Female,0,Yes,No,45,Yes,Yes,Fiber optic,No,Yes,Month-to-month,Yes,Mailed check,22.31,937.43,No
CUST-02482,Male,0,No,Yes,71,Yes,No,No,No internet service,No internet service,Month-to-month,No,Electronic check,70.03,4947.78,No
CUST-02483,Female,1,Yes,Yes,63,Yes,Yes,No,No internet service,No internet service,Month-to-month,No,Electronic check,68.36,4195.22,Yes
CUST-02484,Male,0,No,Yes,19,Yes,Yes,Fiber optic,No,No,One year,Yes,Electronic check,35.78,670.66,No
CUST-02485,Female,0,Yes,Yes,47,Yes,Yes,DSL,No,Yes,Month-to-month,No,Mailed check,96.43,4602.3,No
CUST-02486,Male,0,Yes,No,14,Yes,No,Fiber optic,No,Yes,One year,Yes,Bank transfer (automatic),69.27,1009.33,No
CUST-02487,Female,1,No,No,38,Yes,Yes,Fiber optic,No,No,One year,No,Mailed check,53.9,2052.38,No
CUST-02488,Female,1,Yes,No,53,Yes,No,No,No internet service,No internet service,Month-to-month,No,Bank transfer (automatic),34.69,1802.2,No
CUST-02489,Male,0,No,No,61,Yes,No,No,No internet service,No internet service,Month-to-month,Yes,Electronic check,75.22,4594.54,No
CUST-02490,Female,0,Yes,No,36,Yes,No,No,No internet service,No internet service,Month-to-month,Yes,Credit card (automatic),95.28,3536.64,No
CUST-02491,Female,0,No,Yes,40,Yes,No,No,No internet service,No internet service,Month-to-month,No,Electronic check,48.2,2002.38,No
CUST-02492,Female,0,Yes,Yes,30,Yes,Yes,Fiber optic,Yes,Yes,One year,Yes,Credit card (automatic),41.88,1248.89,No
CUST-02493,Female,0,Yes,No,9,No,No phone service,Fiber optic,No,Yes,Month-to-month,Yes,Credit card (automatic),72.19,575.61,Yes
CUST-02494,Male,1,Yes,No,64,Yes,Yes,Fiber optic,Yes,No,Month-to-month,No,Electronic check,35.53,2384.32,No
CUST-02495,Female,0,No,Yes,33,Yes,Yes,DSL,Yes,Yes,Month-to-month,Yes,Mailed check,86.66,2823.34,No
CUST-02496,Male,0,No,No,52,Yes,No,Fiber optic,No,Yes,Month-to-month,No,Bank transfer (automatic),80.53,4214.06,No
CUST-02497,Male,0,Yes,No,14,Yes,Yes,Fiber optic,No,Yes,One year,Yes,Credit card (automatic),28.71,324.0,No
CUST-02498,Male,0,Yes,Yes,53,No,No phone service,DSL,Yes,Yes,One year,Yes,Mailed check,23.65,1237.3,No
CUST-02499,Female,0,Yes,Yes,59,No,No phone service,No,No internet service,No internet service,Month-to-month,Yes,Mailed check,82.03,4761.63,No
CUST-02500,Male,0,No,No,41,Yes,No,DSL,Yes,No,One year,Yes,Electronic check,49.43,1968.54,No
CUST-02501,Male,0,Yes,No,68,Yes,No,Fiber optic,Yes,No,Two year,No,Electronic check,28.64,1901.28,No
CUST-02502,Male,0,Yes,Yes,68,Yes,No,Fiber optic,No,No,One year,Yes,Electronic check,95.94,6547.77,No
CUST-02503,Female,0,Yes,No,8,Yes,Yes,DSL,No,Yes,Two year,Yes,Electronic check,51.4,406.4,No
CUST-02504,Female,0,No,No,2,Yes,Yes,No,No internet service,No internet service,Month-to-month,No,Credit card (automatic),65.96,267.53,No
CUST-02505,Male,1,Yes,Yes,41,Yes,No,DSL,No,Yes,Two year,No,Electronic check,43.68,1847.57,No
CUST-02506,Male,0,Yes,No,55,Yes,No,Fiber optic,No,Yes,Month-to-month,Yes,Electronic check,82.73,4607.92,No
CUST-02507,Female,0,No,No,16,Yes,Yes,DSL,Yes,No,Two year,Yes,Mailed check,50.15,827.58,No
CUST-02508,Male,0,Yes,No,62,Yes,Yes,Fiber optic,No,Yes,One year,Yes,Mailed check,116.8,7255.4,No
CUST-02509,Female,0,No,Yes,48,Yes,No,Fiber optic,No,No,Month-to-month,Yes,Bank transfer (automatic),90.29,4393.37,No
CUST-02510,Male,0,No,Yes,30,Yes,No,DSL,Yes,No,Two year,Yes,Mailed check,33.67,891.04,No
CUST-02511,Female,0,No,Yes,12,Yes,No,Fiber optic,No,Yes,Month-to-month,Yes,Electronic check,61.67,708.93,No
CUST-02512,Female,1,No,No,35,Yes,No,Fiber optic,No,Yes,Month-to-month,Yes,Electronic check,58.54,1980.88,Yes
CUST-02513,Female,0,No,No,11,Yes,No,Fiber optic,Yes,Yes,Month-to-month,No,Bank transfer (automatic),73.42,713.41,No
CUST-02514,Male,0,Yes,No,64,Yes,No,Fiber optic,No,Yes,One year,No,Electronic check,104.19,6629.73,No
CUST-02515,Male,0,Yes,Yes,50,Yes,No,No,No internet service,No internet service,Month-to-month,No,Bank transfer (automatic),78.34,3859.61,No
CUST-02516,Female,0,Yes,No,21,Yes,Yes,Fiber optic,Yes,Yes,Two year,No,Bank transfer (automatic),26.16,609.07,No
CUST-02517,Female,0,Yes,Yes,69,Yes,Yes,No,No internet service,No internet service,Month-to-month,No,Electronic check,85.54,5906.84,No
CUST-02518,Male,0,Yes,No,48,Yes,Yes,Fiber optic,No,Yes,Month-to-month,Yes,Mailed check,20.83,899.34,No
CUST-02519,Female,0,Yes,No,20,Yes,Yes,DSL,No,No,Month-to-month,No,Mailed check,98.0,1975.7,No
CUST-02520,Male,0,Yes,Yes,67,No,No phone service,DSL,No,No,Two year,No,Mailed check,86.66,5755.61,No
CUST-02521,Female,0,Yes,No,44,Yes,Yes,DSL,Yes,No,Month-to-month,No,Bank transfer (automatic),50.88,2241.83,No
CUST-02522,Female,0,No,No,33,Yes,No,DSL,No,No,Month-to-month,Yes,Mailed check,49.24,1644.61,No
CUST-02523,Male,0,Yes,Yes,61,Yes,No,Fiber optic,No,No,Two year,Yes,Bank transfer (automatic),99.83,6052.11,No
CUST-02524,Male,0,Yes,No,9,Yes,No,DSL,Yes,Yes,Month-to-month,Yes,Credit card (automatic),98.33,895.84,Yes
CUST-02525,Female,0,No,No,68,No,No phone service,Fiber optic,No,Yes,Month-to-month,No,Bank transfer (automatic),55.23,3775.74,No
CUST-02526,Male,0,Yes,No,35,Yes,No,Fiber optic,Yes,Yes,One year,Yes,Electronic check,49.89,1737.94,No
CUST-02527,Female,0,No,No,65,Yes,Yes,Fiber optic,Yes,No,Month-to-month,Yes,Electronic check,75.98,4902.72,No
CUST-02528,Male,1,Yes,Yes,8,Yes,Yes,Fiber optic,No,No,Month-to-month,Yes,Mailed check,20.84,166.88,No
CUST-02529,Female,0,Yes,No,45,Yes,Yes,Fiber optic,Yes,No,Month-to-month,Yes,Electronic check,28.27,1265.18,No
CUST-02530,Male,0,No,Yes,47,Yes,Yes,Fiber optic,Yes,Yes,One year,Yes,Mailed check,32.62,1548.97,No
CUST-02531,Male,0,Yes,No,40,Yes,Yes,No,No internet service,No internet service,One year,Yes,Credit card (automatic),38.54,1528.41,No
CUST-02532,Female,0,No,No,54,Yes,Yes,Fiber optic,Yes,Yes,One year,Yes,Bank transfer (automatic),71.2,3785.2,No
CUST-02533,Female,0,No,No,46,No,No phone service,Fiber optic,Yes,Yes,Month-to-month,Yes,Electronic check,119.22,5475.67,No
CUST-02534,Female,0,No,Yes,47,Yes,Yes,Fiber optic,No,Yes,Month-to-month,Yes,Mailed check,85.26,4023.55,Yes
CUST-02535,Female,0,Yes,No,15,Yes,No,DSL,Yes,Yes,Month-to-month,No,Credit card (automatic),26.13,401.21,No
CUST-02536,Female,0,No,No,19,Yes,Yes,No,No internet service,No internet service,One year,No,Electronic check,72.56,1373.09,No
CUST-02537,Female,0,No,Yes,26,Yes,No,Fiber optic,No,Yes,Month-to-month,Yes,Electronic check,69.66,1786.83,Yes
CUST-02538,Male,0,Yes,Yes,52,Yes,No,Fiber optic,Yes,Yes,Month-to-month,Yes,Credit card (automatic),34.42,1762.92,Yes
CUST-02539,Female,0,No,No,22,Yes,No,DSL,No,Yes,Month-to-month,No,Bank transfer (automatic),112.03,2442.93,No
CUST-02540,Female,0,No,Yes,21,Yes,Yes,DSL,Yes,No,Month-to-month,No,Electronic check,64.08,1399.49,No
CUST-02541,Female,0,Yes,Yes,51,Yes,Yes,DSL,No,No,Month-to-month,Yes,Credit card (automatic),119.46,6045.07,Yes
CUST-02542,Female,0,Yes,No,38,Yes,Yes,Fiber optic,No,No,Month-to-month,Yes,Mailed check,62.01,2360.93,No
CUST-02543,Male,0,Yes,Yes,20,Yes,Yes,No,No internet service,No internet service,Two year,No,Electronic check,80.8,1553.1,No
CUST-02544,Female,0,No,No,29,Yes,Yes,No,No internet service,No internet service,Two year,No,Bank transfer (automatic),30.48,922.16,No
CUST-02545,Female,0,No,Yes,51,Yes,Yes,Fiber optic,Yes,Yes,One year,No,Bank transfer (automatic),65.42,3309.61,No
CUST-02546,Male,0,Yes,Yes,4,Yes,No,Fiber optic,Yes,Yes,One year,Yes,Credit card (automatic),43.88,134.24,No
CUST-02547,Male,0,No,No,55,Yes,Yes,DSL,Yes,No,Two year,No,Bank transfer (automatic),103.56,5706.57,No
CUST-02548,Female,1,No,No,71,Yes,Yes,Fiber optic,Yes,Yes,Month-to-month,No,Mailed check,98.39,6862.65,Yes
CUST-02549,Male,0,Yes,No,28,Yes,Yes,Fiber optic,No,Yes,Month-to-month,Yes,Credit card (automatic),102.42,2802.79,No
CUST-02550,Female,0,Yes,Yes,4,Yes,Yes,Fiber optic,Yes,No,Two year,No,Credit card (automatic),92.36,387.49,No
CUST-02551,Male,0,Yes,No,22,Yes,Yes,Fiber optic,No,No,One year,Yes,Bank transfer (automatic),103.27,2322.67,No
CUST-02552,Male,0,No,No,45,Yes,Yes,Fiber optic,Yes,Yes,Month-to-month,Yes,Bank transfer (automatic),40.08,1826.15,No
CUST-02553,Male,0,Yes,No,67,Yes,No,Fiber optic,No,Yes,Month-to-month,Yes,Credit card (automatic),65.2,4375.37,No
CUST-02554,Male,0,No,Yes,66,Yes,Yes,No,No internet service,No internet service,Month-to-month,No,Mailed check,89.18,6006.4,No
CUST-02555,Male,0,Yes,No,34,Yes,Yes,Fiber optic,Yes,No,Month-to-month,Yes,Mailed check,83.74,2871.73,No
CUST-02556,Female,0,No,No,55,Yes,Yes,No,No internet service,No internet service,One year,No,Mailed check,91.64,4987.97,No
CUST-02557,Female,0,Yes,Yes,1,Yes,No,Fiber optic,Yes,No,Month-to-month,No,Mailed check,42.43,93.66,No
CUST-02558,Male,0,No,No,38,Yes,No,Fiber optic,Yes,Yes,One year,No,Mailed check,29.84,1101.87,No
CUST-02559,Male,0,No,No,6,Yes,No,Fiber optic,Yes,Yes,Two year,No,Credit card (automatic),111.68,634.67,No
CUST-02560,Male,0,No,No,25,Yes,No,Fiber optic,Yes,Yes,Month-to-month,Yes,Credit card (automatic),76.02,1831.45,Yes
CUST-02561,Female,0,No,No,17,Yes,Yes,Fiber optic,No,No,Month-to-month,Yes,Electronic check,35.38,580.89,No
CUST-02562,Female,0,No,Yes,61,Yes,Yes,No,No internet service,No internet service,One year,No,Bank transfer (automatic),99.34,5998.27,No
CUST-02563,Female,0,No,No,12,Yes,Yes,DSL,No,Yes,Month-to-month,Yes,Mailed check,111.49,1365.75,No
CUST-02564,Male,1,No,No,6,No,No phone service,DSL,No,No,Month-to-month,Yes,Bank transfer (automatic),36.96,215.49,Yes
CUST-02565,Female,0,Yes,No,27,Yes,Yes,Fiber optic,No,Yes,Month-to-month,No,Credit card (automatic),101.74,2678.93,Yes
CUST-02566,Male,0,No,No,8,Yes,Yes,DSL,No,No,Month-to-month,Yes,Electronic check,113.32,902.51,No
CUST-02567,Male,1,No,No,65,Yes,No,DSL,Yes,No,Two year,Yes,Credit card (automatic),113.84,7449.29,No
CUST-02568,Male,0,No,Yes,57,Yes,Yes,No,No internet service,No internet service,Two year,No,Electronic check,111.42,6432.05,No
CUST-02569,Male,1,No,No,40,Yes,No,DSL,No,Yes,Month-to-month,No,Credit card (automatic),74.64,2896.12,No
CUST-02570,Female,0,No,No,14,Yes,Yes,DSL,No,Yes,One year,Yes,Mailed check,55.62,739.76,No
CUST-02571,Female,0,Yes,No,35,No,No phone service,DSL,No,No,Month-to-month,Yes,Bank transfer (automatic),20.73,661.08,No
CUST-02572,Male,0,Yes,Yes,48,Yes,Yes,Fiber optic,Yes,No,Month-to-month,No,Bank transfer (automatic),26.09,1270.0,No
CUST-02573,Male,0,Yes,No,56,Yes,No,Fiber optic,Yes,No,Two year,No,Electronic check,62.88,3450.83,No
CUST-02574,Male,1,No,Yes,49,Yes,No,Fiber optic,Yes,Yes,Month-to-month,Yes,Electronic check,59.93,2989.53,No
CUST-02575,Male,0,No,No,13,Yes,No,DSL,No,No,One year,Yes,Credit card (automatic),38.47,560.29,Yes
CUST-02576,Male,0,No,No,61,Yes,No,Fiber optic,No,No,Month-to-month,No,Electronic check,59.55,3673.46,Yes
CUST-02577,Male,0,Yes,Yes,49,Yes,No,Fiber optic,Yes,No,Month-to-month,No,Mailed check,37.47,1800.17,No
CUST-02578,Female,0,Yes,No,46,Yes,Yes,DSL,Yes,Yes,Month-to-month,No,Credit card (automatic),104.88,4791.76,No
CUST-02579,Female,0,Yes,No,62,Yes,Yes,Fiber optic,No,No,Month-to-month,No,Mailed check,49.82,3066.01,No
CUST-02580,Female,0,No,Yes,8,Yes,Yes,Fiber optic,No,No,Month-to-month,No,Electronic check,79.86,694.13,No
CUST-02581,Male,0,No,No,43,Yes,No,Fiber optic,No,No,Month-to-month,No,Bank transfer (automatic),70.28,2937.14,No
CUST-02582,Female,0,No,No,20,Yes,No,No,No internet service,No internet service,Month-to-month,Yes,Mailed check,25.19,523.11,No
CUST-02583,Female,0,No,No,39,Yes,Yes,Fiber optic,Yes,Yes,Two year,Yes,Credit card (automatic),114.22,4407.91,No
CUST-02584,Female,0,Yes,Yes,49,Yes,No,No,No internet service,No internet service,Month-to-month,Yes,Bank transfer (automatic),72.72,3542.31,No
CUST-02585,Female,0,Yes,Yes,64,Yes,Yes,DSL,Yes,No,Two year,No,Electronic check,52.51,3397.45,No
CUST-02586,Female,1,Yes,No,62,No,No phone service,DSL,Yes,Yes,Month-to-month,No,Mailed check,35.81,2144.45,No
CUST-02587,Male,0,Yes,No,54,No,No phone service,Fiber optic,Yes,Yes,One year,No,Electronic check,53.85,2894.01,No
CUST-02588,Male,0,Yes,Yes,9,Yes,Yes,DSL,No,Yes,Two year,Yes,Mailed check,22.05,192.01,No
CUST-02589,Male,0,No,No,37,Yes,No,Fiber optic,Yes,No,One year,Yes,Bank transfer (automatic),56.36,2083.45,Yes
CUST-02590,Female,1,Yes,No,49,Yes,No,DSL,No,Yes,Month-to-month,No,Credit card (automatic),73.15,3579.19,No
CUST-02591,Male,0,No,Yes,41,Yes,No,Fiber optic,No,Yes,Month-to-month,No,Electronic check,107.19,4422.62,Yes
CUST-02592,Female,0,No,Yes,17,Yes,Yes,No,No internet service,No internet service,Two year,No,Bank transfer (automatic),88.74,1485.98,No
CUST-02593,Male,1,Yes,Yes,21,Yes,Yes,DSL,Yes,No,Month-to-month,Yes,Bank transfer (automatic),31.16,672.63,Yes
CUST-02594,Female,0,Yes,No,51,Yes,No,Fiber optic,Yes,Yes,One year,No,Credit card (automatic),34.77,1789.76,Yes
CUST-02595,Female,0,No,No,59,Yes,Yes,Fiber optic,Yes,No,Month-to-month,No,Credit card (automatic),62.81,3720.09,Yes
CUST-02596,Male,0,No,Yes,39,Yes,No,Fiber optic,No,No,Month-to-month,No,Bank transfer (automatic),39.57,1569.62,No
CUST-02597,Male,0,No,No,55,Yes,Yes,DSL,Yes,No,Month-to-month,No,Mailed check,22.78,1267.0,No
CUST-02598,Female,0,No,No,41,Yes,No,Fiber optic,Yes,No,One year,Yes,Bank transfer (automatic),100.5,4116.02,Yes
CUST-02599,Female,0,Yes,No,39,Yes,No,DSL,No,Yes,Month-to-month,No,Bank transfer (automatic),21.95,792.6,No
CUST-02600,Male,0,No,No,13,No,No phone service,Fiber optic,Yes,No,One year,No,Mailed check,103.07,1407.77,No
CUST-02601,Male,0,Yes,Yes,64,Yes,Yes,No,No internet service,No internet service,One year,Yes,Electronic check,34.41,2286.97,No
CUST-02602,Female,1,Yes,No,11,No,No phone service,Fiber optic,Yes,Yes,Month-to-month,No,Bank transfer (automatic),117.47,1274.2,No
CUST-02603,Male,0,Yes,Yes,19,Yes,Yes,No,No internet service,No internet service,Month-to-month,Yes,Mailed check,80.39,1550.23,No
CUST-02604,Male,0,Yes,No,11,Yes,No,No,No internet service,No internet service,Month-to-month,No,Electronic check,93.5,1001.12,No
CUST-02605,Male,1,No,Yes,46,Yes,Yes,DSL,No,No,Month-to-month,No,Mailed check,31.05,1392.29,No
CUST-02606,Male,0,No,Yes,45,Yes,Yes,Fiber optic,No,Yes,One year,Yes,Mailed check,106.21,4782.22,No
CUST-02607,Female,0,Yes,No,1,Yes,No,No,No internet service,No internet service,Month-to-month,No,Mailed check,103.92,244.29,No
CUST-02608,Female,0,No,Yes,40,No,No phone service,Fiber optic,Yes,No,Month-to-month,Yes,Electronic check,85.3,3491.77,Yes
CUST-02609,Female,0,Yes,No,19,Yes,Yes,No,No internet service,No internet service,Two year,Yes,Electronic check,70.23,1406.65,No
CUST-02610,Male,0,Yes,No,61,Yes,Yes,Fiber optic,Yes,No,Month-to-month,Yes,Bank transfer (automatic),92.15,5647.09,No
CUST-02611,Female,0,No,Yes,12,Yes,Yes,Fiber optic,Yes,No,One year,Yes,Bank transfer (automatic),20.59,201.2,No
CUST-02612,Female,0,No,Yes,61,Yes,Yes,DSL,No,Yes,Two year,No,Bank transfer (automatic),79.24,4885.48,No
CUST-02613,Male,0,No,Yes,33,No,No phone service,No,No internet service,No internet service,One year,No,Bank transfer (automatic),104.74,3314.31,No
CUST-02614,Male,0,No,Yes,45,Yes,No,Fiber optic,No,No,Month-to-month,No,Bank transfer (automatic),55.69,2525.59,No
CUST-02615,Female,0,Yes,No,69,Yes,Yes,Fiber optic,Yes,No,Month-to-month,Yes,Electronic check,30.83,2182.16,No
CUST-02616,Female,0,Yes,No,8,Yes,Yes,Fiber optic,Yes,Yes,Two year,Yes,Credit card (automatic),62.09,504.29,No
CUST-02617,Male,0,Yes,Yes,25,Yes,No,DSL,Yes,Yes,Month-to-month,Yes,Mailed check,92.71,2400.72,No
CUST-02618,Male,0,No,Yes,46,Yes,Yes,Fiber optic,No,No,One year,Yes,Bank transfer (automatic),30.73,1342.29,No
CUST-02619,Male,1,No,Yes,30,Yes,No,DSL,Yes,No,One year,Yes,Mailed check,40.6,1298.03,No
CUST-02620,Male,1,Yes,No,47,Yes,Yes,No,No internet service,No internet service,Month-to-month,Yes,Mailed check,34.76,1625.83,No
CUST-02621,Male,0,No,Yes,49,Yes,Yes,Fiber optic,No,Yes,Two year,Yes,Bank transfer (automatic),99.69,4957.35,No
CUST-02622,Female,1,Yes,No,47,Yes,Yes,DSL,Yes,Yes,Two year,Yes,Mailed check,26.29,1286.64,No
CUST-02623,Female,1,Yes,No,18,Yes,No,Fiber optic,No,No,Month-to-month,Yes,Mailed check,88.66,1671.58,No
CUST-02624,Female,0,Yes,Yes,66,Yes,Yes,No,No internet service,No internet service,Month-to-month,Yes,Credit card (automatic),56.65,3787.67,No
CUST-02625,Female,0,No,No,68,Yes,No,DSL,Yes,Yes,One year,Yes,Mailed check,95.58,6534.04,No
CUST-02626,Male,1,No,No,33,Yes,Yes,DSL,Yes,Yes,Two year,Yes,Mailed check,116.44,3910.83,No
CUST-02627,Male,0,Yes,No,36,Yes,Yes,Fiber optic,No,No,Month-to-month,No,Credit card (automatic),31.45,1134.97,No
CUST-02628,Female,0,No,Yes,19,Yes,No,Fiber optic,Yes,Yes,Two year,No,Mailed check,51.44,1007.48,No
CUST-02629,Male,0,No,Yes,28,No,No phone service,Fiber optic,No,Yes,One year,Yes,Mailed check,101.01,2828.1,No
CUST-02630,Female,0,No,No,40,Yes,No,Fiber optic,Yes,No,One year,No,Mailed check,46.62,1830.51,No
CUST-02631,Female,0,Yes,Yes,15,Yes,Yes,No,No internet service,No internet service,Month-to-month,No,Mailed check,41.51,649.0,No
CUST-02632,Female,0,No,No,41,Yes,No,DSL,No,No,One year,No,Mailed check,102.54,4213.98,No
CUST-02633,Female,0,No,Yes,39,Yes,No,No,No internet service,No internet service,Month-to-month,No,Mailed check,118.71,4692.54,No
CUST-02634,Female,0,No,No,2,Yes,No,DSL,Yes,No,One year,No,Electronic check,75.69,141.77,No
CUST-02635,Female,1,Yes,Yes,63,Yes,Yes,DSL,Yes,Yes,Two year,Yes,Credit card (automatic),47.8,2973.37,No
CUST-02636,Male,0,Yes,Yes,29,Yes,No,DSL,Yes,Yes,Two year,No,Electronic check,59.86,1798.09,No
CUST-02637,Male,0,Yes,No,66,No,No phone service,No,No internet service,No internet service,Month-to-month,Yes,Electronic check,37.01,2445.83,Yes
CUST-02638,Female,0,No,Yes,51,Yes,Yes,Fiber optic,No,No,Month-to-month,Yes,Credit card (automatic),96.19,4866.13,Yes
CUST-02639,Female,0,Yes,No,10,Yes,No,Fiber optic,No,Yes,Month-to-month,No,Credit card (automatic),97.35,1042.95,No
CUST-02640,Female,1,No,Yes,14,Yes,Yes,Fiber optic,No,No,Month-to-month,Yes,Mailed check,107.51,1551.48,No
CUST-02641,Male,0,Yes,Yes,51,Yes,No,Fiber optic,No,No,Month-to-month,No,Bank transfer (automatic),22.66,1248.1,No
CUST-02642,Male,0,No,Yes,39,No,No phone service,Fiber optic,Yes,Yes,Month-to-month,Yes,Bank transfer (automatic),76.2,2954.75,Yes
CUST-02643,Male,0,Yes,Yes,28,No,No phone service,No,No internet service,No internet service,Month-to-month,Yes,Electronic check,41.43,1136.0,No
CUST-02644,Female,0,Yes,No,3,Yes,No,DSL,No,Yes,Month-to-month,Yes,Mailed check,54.09,107.94,No
CUST-02645,Male,0,No,No,70,Yes,No,Fiber optic,Yes,Yes,Month-to-month,No,Bank transfer (automatic),98.5,6866.65,No
CUST-02646,Female,0,Yes,No,27,Yes,No,Fiber optic,No,Yes,Month-to-month,No,Credit card (automatic),39.2,1039.08,No
CUST-02647,Male,0,No,No,2,Yes,Yes,Fiber optic,No,Yes,One year,No,Credit card (automatic),83.83,201.81,No
CUST-02648,Female,0,No,Yes,38,Yes,Yes,No,No internet service,No internet service,One year,Yes,Bank transfer (automatic),85.46,3201.01,No
CUST-02649,Female,1,No,Yes,3,Yes,Yes,DSL,No,Yes,Month-to-month,No,Mailed check,115.41,313.06,Yes
CUST-02650,Female,0,No,No,16,Yes,Yes,No,No internet service,No internet service,One year,Yes,Mailed check,97.52,1645.15,No
CUST-02651,Male,0,No,No,40,Yes,Yes,No,No internet service,No internet service,Two year,Yes,Electronic check,100.36,3867.85,No
CUST-02652,Male,0,No,No,2,Yes,Yes,No,No internet service,No internet service,Month-to-month,No,Credit card (automatic),73.16,170.33,Yes
CUST-02653,Male,0,Yes,No,41,Yes,No,DSL,Yes,Yes,One year,Yes,Mailed check,38.68,1521.36,No
CUST-02654,Female,0,Yes,Yes,12,Yes,No,No,No internet service,No internet service,One year,No,Credit card (automatic),62.56,710.46,No
CUST-02655,Female,1,Yes,No,35,Yes,No,No,No internet service,No internet service,One year,No,Electronic check,74.95,2694.42,No
CUST-02656,Male,0,Yes,Yes,65,Yes,Yes,Fiber optic,No,Yes,One year,Yes,Mailed check,87.84,5713.18,No
CUST-02657,Male,0,Yes,Yes,55,Yes,Yes,DSL,No,No,One year,No,Mailed check,80.77,4575.2,No
CUST-02658,Female,0,Yes,Yes,45,Yes,No,Fiber optic,Yes,Yes,Two year,No,Bank transfer (automatic),59.4,2704.34,No
CUST-02659,Female,0,No,Yes,62,No,No phone service,No,No internet service,No internet service,Month-to-month,No,Credit card (automatic),46.53,2843.38,No
CUST-02660,Male,0,No,Yes,49,Yes,Yes,Fiber optic,Yes,Yes,One year,Yes,Mailed check,36.82,1832.07,No
CUST-02661,Female,0,No,Yes,25,Yes,Yes,Fiber optic,Yes,No,Month-to-month,Yes,Electronic check,89.38,2291.0,No
CUST-02662,Male,0,Yes,Yes,23,Yes,No,DSL,Yes,No,One year,Yes,Credit card (automatic),84.54,1970.52,No
CUST-02663,Male,0,No,No,24,Yes,Yes,DSL,No,No,Two year,Yes,Mailed check,88.74,2118.99,No
CUST-02664,Female,0,No,No,38,Yes,Yes,Fiber optic,Yes,Yes,Two year,Yes,Credit card (automatic),57.25,2090.95,No
CUST-02665,Male,0,No,Yes,28,Yes,Yes,Fiber optic,No,Yes,Month-to-month,No,Electronic check,46.24,1278.6,No
CUST-02666,Male,0,No,No,21,Yes,No,DSL,No,No,Month-to-month,No,Bank transfer (automatic),95.97,2098.75,No
CUST-02667,Female,0,Yes,Yes,54,Yes,Yes,No,No internet service,No internet service,Two year,No,Bank transfer (automatic),97.36,5217.6,No
CUST-02668,Male,0,No,No,18,Yes,No,Fiber optic,No,Yes,Two year,No,Electronic check,65.56,1159.49,No
CUST-02669,Male,0,No,No,36,Yes,No,No,No internet service,No internet service,One year,No,Credit card (automatic),81.19,2972.5,No
CUST-02670,Female,0,No,No,45,No,No phone service,Fiber optic,No,Yes,Two year,No,Electronic check,57.35,2611.74,No
CUST-02671,Female,0,Yes,No,53,No,No phone service,DSL,No,No,Month-to-month,Yes,Bank transfer (automatic),90.19,4714.58,No
CUST-02672,Male,0,Yes,No,30,No,No phone service,No,No internet service,No internet service,Two year,Yes,Credit card (automatic),103.57,3101.67,No
CUST-02673,Male,0,No,No,60,No,No phone service,Fiber optic,Yes,No,Two year,No,Credit card (automatic),88.82,5399.55,No
CUST-02674,Female,0,No,No,32,Yes,No,DSL,Yes,No,Month-to-month,Yes,Mailed check,71.26,2281.64,Yes
CUST-02675,Female,0,Yes,No,67,Yes,No,Fiber optic,No,No,Month-to-month,Yes,Mailed check,65.87,4484.85,No
CUST-02676,Male,1,Yes,Yes,67,Yes,No,Fiber optic,Yes,Yes,Month-to-month,Yes,Mailed check,84.23,5717.8,No
CUST-02677,Male,0,No,Yes,28,Yes,Yes,No,No internet service,No internet service,Month-to-month,Yes,Mailed check,87.98,2417.06,No
CUST-02678,Male,1,Yes,Yes,44,Yes,Yes,DSL,Yes,Yes,Month-to-month,No,Mailed check,75.87,3323.53,No
CUST-02679,Male,0,Yes,No,41,Yes,Yes,Fiber optic,No,No,Month-to-month,Yes,Electronic check,82.49,3414.97,No
CUST-02680,Female,0,Yes,Yes,63,Yes,No,DSL,Yes,No,Two year,Yes,Electronic check,29.66,1791.7,No
CUST-02681,Female,0,No,Yes,23,Yes,Yes,DSL,Yes,No,Month-to-month,Yes,Credit card (automatic),115.18,2637.99,No
CUST-02682,Female,0,Yes,No,48,Yes,Yes,DSL,No,No,Month-to-month,No,Credit card (automatic),99.08,4783.15,Yes
CUST-02683,Female,0,Yes,Yes,32,No,No phone service,DSL,No,No,Two year,Yes,Mailed check,57.39,1805.37,No
CUST-02684,Male,1,No,Yes,57,Yes,No,Fiber optic,No,Yes,Month-to-month,Yes,Bank transfer (automatic),76.28,4377.37,Yes
CUST-02685,Female,0,No,No,33,Yes,Yes,Fiber optic,Yes,No,Month-to-month,Yes,Bank transfer (automatic),24.73,786.08,No
CUST-02686,Male,0,No,No,24,Yes,Yes,Fiber optic,No,No,Month-to-month,Yes,Credit card (automatic),24.12,548.32,Yes
CUST-02687,Male,1,Yes,Yes,39,Yes,Yes,Fiber optic,Yes,Yes,Month-to-month,No,Credit card (automatic),45.08,1795.33,No
CUST-02688,Female,0,Yes,No,34,No,No phone service,DSL,No,No,Month-to-month,No,Credit card (automatic),88.97,3093.38,No
CUST-02689,Female,0,No,No,56,No,No phone service,Fiber optic,No,No,Month-to-month,No,Mailed check,105.21,5856.22,No
CUST-02690,Male,1,No,Yes,28,Yes,Yes,DSL,Yes,Yes,Month-to-month,Yes,Credit card (automatic),75.92,2065.19,Yes
CUST-02691,Female,0,No,No,37,Yes,No,No,No internet service,No internet service,Two year,Yes,Mailed check,73.21,2706.91,No
CUST-02692,Male,0,No,Yes,7,Yes,No,DSL,No,No,Month-to-month,No,Electronic check,60.23,444.96,Yes
CUST-02693,Male,0,No,No,68,Yes,No,DSL,No,Yes,Month-to-month,Yes,Credit card (automatic),36.16,2422.84,Yes
CUST-02694,Female,0,Yes,No,37,No,No phone service,Fiber optic,Yes,Yes,One year,No,Bank transfer (automatic),31.84,1261.11,No
CUST-02695,Male,0,Yes,Yes,56,Yes,No,No,No internet service,No internet service,Two year,No,Mailed check,96.07,5372.58,No
CUST-02696,Female,0,No,No,65,Yes,No,DSL,No,Yes,Month-to-month,No,Electronic check,112.75,7292.28,Yes
CUST-02697,Female,0,Yes,No,65,Yes,No,Fiber optic,Yes,No,Month-to-month,Yes,Electronic check,65.83,4375.54,No
CUST-02698,Female,1,No,Yes,47,Yes,No,No,No internet service,No internet service,Month-to-month,No,Mailed check,85.94,4102.51,No
CUST-02699,Male,0,Yes,No,20,Yes,No,Fiber optic,Yes,Yes,One year,No,Mailed check,111.45,2192.63,No
CUST-02700,Female,0,Yes,No,19,Yes,Yes,Fiber optic,Yes,Yes,Month-to-month,Yes,Electronic check,29.01,604.55,Yes
CUST-02701,Male,0,No,No,29,Yes,Yes,No,No internet service,No internet service,Month-to-month,Yes,Electronic check,97.05,2781.66,No
CUST-02702,Female,0,No,No,60,Yes,Yes,Fiber optic,Yes,Yes,Two year,Yes,Electronic check,81.68,4939.18,No
CUST-02703,Male,0,No,Yes,18,Yes,Yes,DSL,Yes,No,Two year,No,Mailed check,79.86,1526.35,No
CUST-02704,Male,0,No,No,35,Yes,Yes,DSL,No,No,Month-to-month,No,Credit card (automatic),49.25,1663.31,Yes
CUST-02705,Male,0,Yes,No,43,Yes,No,Fiber optic,No,Yes,Month-to-month,Yes,Electronic check,88.39,3773.88,No
CUST-02706,Male,0,Yes,No,11,Yes,Yes,DSL,Yes,Yes,One year,Yes,Electronic check,99.48,1068.49,No
CUST-02707,Male,1,No,No,49,Yes,No,Fiber optic,Yes,Yes,Month-to-month,Yes,Bank transfer (automatic),31.29,1546.49,Yes
CUST-02708,Female,0,Yes,No,38,No,No phone service,Fiber optic,Yes,No,Month-to-month,No,Credit card (automatic),73.35,2810.97,No
CUST-02709,Male,0,No,Yes,64,No,No phone service,Fiber optic,Yes,Yes,Month-to-month,No,Mailed check,30.13,1923.86,No
CUST-02710,Female,1,No,No,69,Yes,Yes,DSL,Yes,Yes,Month-to-month,Yes,Electronic check,107.26,7316.85,No
CUST-02711,Female,0,No,Yes,8,Yes,No,Fiber optic,Yes,Yes,Month-to-month,No,Mailed check,70.76,504.53,No
CUST-02712,Female,0,No,Yes,34,Yes,Yes,No,No internet service,No internet service,One year,Yes,Credit card (automatic),100.8,3383.02,No
CUST-02713,Female,0,No,Yes,48,No,No phone service,DSL,Yes,Yes,Month-to-month,No,Credit card (automatic),56.81,2754.87,No
CUST-02714,Male,0,Yes,Yes,56,Yes,Yes,Fiber optic,Yes,Yes,Two year,No,Credit card (automatic),32.51,1750.8,No
CUST-02715,Female,0,Yes,No,65,Yes,No,Fiber optic,Yes,No,One year,Yes,Bank transfer (automatic),24.15,1524.07,No
CUST-02716,Female,0,Yes,Yes,31,Yes,Yes,DSL,Yes,No,Month-to-month,Yes,Electronic check,48.15,1435.97,No
CUST-02717,Female,0,No,No,4,Yes,No,Fiber optic,Yes,Yes,Month-to-month,No,Credit card (automatic),44.42,194.75,No
CUST-02718,Female,0,No,No,50,Yes,No,Fiber optic,Yes,No,Two year,No,Mailed check,76.04,3858.59,No
CUST-02719,Female,0,Yes,Yes,69,Yes,Yes,No,No internet service,No internet service,Month-to-month,Yes,Bank transfer (automatic),22.17,1537.44,No
CUST-02720,Female,0,Yes,Yes,30,Yes,Yes,Fiber optic,Yes,Yes,One year,No,Credit card (automatic),72.06,2261.48,No
CUST-02721,Male,0,No,No,59,Yes,Yes,Fiber optic,Yes,Yes,Month-to-month,Yes,Credit card (automatic),59.18,3499.32,No
CUST-02722,Male,0,Yes,Yes,67,Yes,Yes,DSL,No,Yes,Month-to-month,Yes,Mailed check,77.71,5201.86,No
CUST-02723,Male,0,No,No,45,Yes,Yes,DSL,Yes,Yes,Two year,Yes,Bank transfer (automatic),90.24,4021.59,No
CUST-02724,Female,1,No,Yes,4,No,No phone service,DSL,No,Yes,Month-to-month,Yes,Mailed check,83.41,343.79,No
CUST-02725,Female,0,No,No,26,Yes,Yes,DSL,Yes,No,Month-to-month,Yes,Electronic check,118.46,3038.62,Yes
CUST-02726,Female,0,Yes,No,27,No,No phone service,Fiber optic,Yes,Yes,Month-to-month,No,Credit card (automatic),33.83,864.46,No
CUST-02727,Male,0,No,Yes,46,Yes,Yes,Fiber optic,No,No,Month-to-month,Yes,Mailed check,62.97,2846.24,No
CUST-02728,Female,0,No,Yes,64,Yes,Yes,Fiber optic,No,No,One year,No,Bank transfer (automatic),62.48,3987.51,No
CUST-02729,Female,0,Yes,Yes,51,Yes,No,Fiber optic,No,Yes,Month-to-month,Yes,Electronic check,61.71,3122.2,No
CUST-02730,Male,0,No,Yes,50,Yes,No,DSL,Yes,Yes,Month-to-month,Yes,Credit card (automatic),86.38,4451.74,No
CUST-02731,Female,0,No,No,6,Yes,No,Fiber optic,Yes,Yes,Month-to-month,No,Credit card (automatic),68.98,424.35,No
CUST-02732,Male,0,Yes,Yes,59,Yes,No,Fiber optic,Yes,Yes,Month-to-month,Yes,Bank transfer (automatic),71.74,4242.31,No
CUST-02733,Female,1,Yes,No,15,Yes,No,No,No internet service,No internet service,Two year,Yes,Mailed check,63.24,921.0,No
CUST-02734,Female,0,No,No,30,No,No phone service,Fiber optic,No,Yes,Month-to-month,Yes,Mailed check,119.17,3728.37,Yes
CUST-02735,Female,0,Yes,No,42,No,No phone service,Fiber optic,No,Yes,Month-to-month,Yes,Credit card (automatic),112.76,4689.72,No
CUST-02736,Male,0,Yes,No,37,Yes,No,DSL,No,No,Two year,No,Electronic check,50.77,1854.8,No
CUST-02737,Female,0,No,Yes,42,Yes,Yes,DSL,No,Yes,One year,No,Mailed check,31.16,1358.68,No
CUST-02738,Male,0,No,Yes,35,No,No phone service,DSL,Yes,Yes,Month-to-month,No,Bank transfer (automatic),103.98,3649.42,No
CUST-02739,Female,0,No,No,6,No,No phone service,Fiber optic,Yes,Yes,Month-to-month,No,Credit card (automatic),119.72,654.67,Yes
CUST-02740,Male,0,No,No,68,Yes,No,DSL,No,No,Month-to-month,No,Electronic check,49.26,3351.04,No
CUST-02741,Female,0,No,Yes,18,Yes,No,No,No internet service,No internet service,Month-to-month,No,Bank transfer (automatic),55.78,1038.02,No
CUST-02742,Male,0,No,Yes,29,Yes,Yes,No,No internet service,No internet service,One year,No,Electronic check,114.16,3336.24,No
CUST-02743,Male,0,Yes,No,59,Yes,Yes,Fiber optic,No,Yes,Two year,Yes,Electronic check,91.11,5408.55,No
CUST-02744,Female,0,No,No,47,Yes,Yes,DSL,No,Yes,Month-to-month,Yes,Credit card (automatic),49.56,2438.6,Yes
CUST-02745,Male,0,Yes,No,17,Yes,No,DSL,Yes,No,Two year,Yes,Electronic check,78.1,1341.28,No
CUST-02746,Male,1,Yes,Yes,22,Yes,No,Fiber optic,Yes,Yes,Month-to-month,No,Mailed check,114.42,2557.02,No
CUST-02747,Male,0,No,Yes,68,Yes,No,Fiber optic,Yes,Yes,Month-to-month,No,Mailed check,101.18,6759.03,No
CUST-02748,Female,0,Yes,Yes,69,Yes,No,DSL,Yes,Yes,Month-to-month,Yes,Electronic check,94.18,6591.7,No
CUST-02749,Male,0,No,No,37,Yes,No,DSL,No,No,Month-to-month,No,Credit card (automatic),93.7,3470.15,No
CUST-02750,Female,0,Yes,Yes,49,Yes,Yes,DSL,No,No,Two year,Yes,Credit card (automatic),37.8,1808.8,No
CUST-02751,Male,0,Yes,No,13,Yes,No,DSL,Yes,Yes,One year,No,Electronic check,102.47,1322.35,No
CUST-02752,Male,0,Yes,Yes,34,Yes,No,Fiber optic,No,Yes,Month-to-month,No,Mailed check,47.61,1651.87,No
CUST-02753,Male,0,Yes,No,53,No,No phone service,DSL,Yes,No,Month-to-month,Yes,Mailed check,113.04,6042.86,No
CUST-02754,Male,0,Yes,Yes,51,Yes,No,DSL,No,Yes,One year,No,Credit card (automatic),56.46,2874.7,No
CUST-02755,Female,1,Yes,No,3,Yes,Yes,Fiber optic,Yes,No,One year,Yes,Credit card (automatic),105.77,347.38,No
CUST-02756,Female,0,No,No,42,Yes,No,Fiber optic,No,Yes,Month-to-month,Yes,Bank transfer (automatic),46.62,1944.88,No
CUST-02757,Male,0,Yes,No,32,No,No phone service,No,No internet service,No internet service,Two year,No,Bank transfer (automatic),71.45,2310.98,No
CUST-02758,Female,0,No,Yes,51,Yes,Yes,DSL,Yes,Yes,Month-to-month,Yes,Electronic check,30.69,1575.5,No
CUST-02759,Female,0,No,Yes,46,No,No phone service,Fiber optic,No,No,One year,No,Electronic check,86.01,3971.5,No
CUST-02760,Male,0,Yes,No,21,Yes,No,No,No internet service,No internet service,Month-to-month,No,Credit card (automatic),103.61,2160.26,No
CUST-02761,Male,0,Yes,No,44,Yes,Yes,No,No internet service,No internet service,Two year,Yes,Credit card (automatic),91.84,4061.14,No
CUST-02762,Male,0,Yes,No,11,Yes,Yes,Fiber optic,No,No,Month-to-month,Yes,Bank transfer (automatic),72.33,754.3,No
CUST-02763,Male,0,No,No,68,Yes,No,Fiber optic,Yes,No,Month-to-month,No,Electronic check,24.51,1676.41,No
CUST-02764,Male,0,Yes,No,1,Yes,Yes,Fiber optic,No,Yes,One year,No,Bank transfer (automatic),113.34,81.62,No
CUST-02765,Male,0,No,No,63,Yes,No,No,No internet service,No internet service,Two year,Yes,Bank transfer (automatic),90.55,5654.97,No
CUST-02766,Female,0,Yes,No,24,Yes,Yes,Fiber optic,No,No,Two year,No,Bank transfer (automatic),94.59,2234.88,No
CUST-02767,Male,0,Yes,No,13,Yes,Yes,Fiber optic,No,Yes,Month-to-month,Yes,Mailed check,99.47,1282.71,No
CUST-02768,Male,0,No,No,11,Yes,No,Fiber optic,No,Yes,Two year,No,Electronic check,94.77,1016.05,No
CUST-02769,Male,0,Yes,Yes,51,Yes,No,Fiber optic,Yes,Yes,One year,Yes,Bank transfer (automatic),64.11,3289.42,No
CUST-02770,Female,0,No,No,17,Yes,No,Fiber optic,No,No,Month-to-month,Yes,Mailed check,93.36,1591.1,No
CUST-02771,Male,0,Yes,No,24,No,No phone service,DSL,Yes,No,Month-to-month,No,Mailed check,82.5,2030.73,No
CUST-02772,Female,0,Yes,No,19,Yes,Yes,Fiber optic,Yes,No,Two year,Yes,Electronic check,105.4,1998.38,No
CUST-02773,Female,0,Yes,No,37,Yes,Yes,No,No internet service,No internet service,One year,No,Bank transfer (automatic),100.25,3718.28,No
CUST-02774,Female,0,Yes,Yes,8,Yes,Yes,DSL,Yes,No,Month-to-month,No,Credit card (automatic),24.14,286.42,No
CUST-02775,Male,1,Yes,No,28,Yes,No,No,No internet service,No internet service,Month-to-month,Yes,Electronic check,57.89,1598.98,No
CUST-02776,Female,0,No,No,5,Yes,No,No,No internet service,No internet service,Month-to-month,Yes,Bank transfer (automatic),23.47,103.09,Yes
CUST-02777,Male,0,No,No,17,No,No phone service,DSL,Yes,Yes,Month-to-month,No,Bank transfer (automatic),30.21,573.74,No
CUST-02778,Male,0,No,No,36,Yes,Yes,Fiber optic,Yes,No,Two year,Yes,Mailed check,80.14,2837.2,No
CUST-02779,Male,0,No,No,19,Yes,Yes,DSL,Yes,Yes,Month-to-month,Yes,Bank transfer (automatic),107.38,2105.99,No
CUST-02780,Male,0,No,Yes,64,Yes,No,DSL,No,No,One year,No,Mailed check,31.98,2034.88,No
CUST-02781,Female,0,Yes,No,11,Yes,Yes,Fiber optic,Yes,Yes,Month-to-month,Yes,Bank transfer (automatic),65.11,674.54,No
CUST-02782,Male,0,Yes,No,54,No,No phone service,DSL,No,Yes,Month-to-month,No,Credit card (automatic),111.09,6044.12,No
CUST-02783,Female,0,Yes,No,45,Yes,No,Fiber optic,Yes,Yes,Month-to-month,Yes,Electronic check,101.43,4551.79,No
CUST-02784,Female,0,Yes,Yes,47,Yes,No,Fiber optic,No,No,Month-to-month,Yes,Bank transfer (automatic),71.97,3473.8,No
CUST-02785,Male,1,Yes,Yes,12,No,No phone service,Fiber optic,Yes,No,Two year,Yes,Mailed check,97.16,1169.98,Yes
CUST-02786,Male,0,No,Yes,21,No,No phone service,Fiber optic,No,Yes,Two year,No,Mailed check,72.27,1521.36,No
CUST-02787,Female,0,No,Yes,11,Yes,Yes,DSL,No,No,Month-to-month,Yes,Mailed check,35.81,364.6,No
CUST-02788,Female,0,No,No,5,Yes,No,Fiber optic,No,No,One year,Yes,Mailed check,32.47,155.01,No
CUST-02789,Male,1,No,No,56,Yes,Yes,Fiber optic,No,Yes,Month-to-month,No,Mailed check,38.84,2161.41,No
CUST-02790,Male,0,No,Yes,20,Yes,Yes,No,No internet service,No internet service,Month-to-month,No,Mailed check,55.09,1168.37,Yes
CUST-02791,Male,0,Yes,Yes,41,Yes,No,Fiber optic,No,No,Month-to-month,No,Electronic check,113.05,4649.53,Yes
CUST-02792,Female,0,Yes,No,46,No,No phone service,Fiber optic,Yes,Yes,One year,Yes,Bank transfer (automatic),99.97,4633.9,No
CUST-02793,Male,0,Yes,Yes,12,Yes,Yes,No,No internet service,No internet service,Month-to-month,No,Electronic check,63.28,764.28,No
CUST-02794,Male,0,Yes,No,70,Yes,No,Fiber optic,No,Yes,Two year,No,Electronic check,69.31,4831.15,No
CUST-02795,Male,0,No,Yes,17,Yes,Yes,DSL,No,Yes,One year,No,Electronic check,46.56,810.07,No
CUST-02796,Male,0,No,Yes,19,Yes,Yes,DSL,Yes,No,Month-to-month,Yes,Credit card (automatic),90.44,1797.9,No
CUST-02797,Female,0,Yes,Yes,26,Yes,No,Fiber optic,No,Yes,One year,No,Bank transfer (automatic),100.28,2554.86,No
CUST-02798,Female,0,Yes,Yes,48,Yes,Yes,Fiber optic,Yes,Yes,Month-to-month,No,Electronic check,43.89,2127.69,No
CUST-02799,Male,0,Yes,Yes,52,Yes,Yes,Fiber optic,No,Yes,Month-to-month,No,Mailed check,24.18,1332.19,No
CUST-02800,Female,0,Yes,Yes,70,Yes,No,Fiber optic,No,No,Month-to-month,No,Bank transfer (automatic),82.39,5726.56,No
CUST-02801,Male,0,Yes,No,55,Yes,Yes,Fiber optic,Yes,Yes,Month-to-month,Yes,Electronic check,76.25,4239.85,No
CUST-02802,Female,0,Yes,No,33,Yes,Yes,Fiber optic,No,Yes,Month-to-month,No,Electronic check,60.21,2033.09,No
CUST-02803,Female,0,No,No,62,Yes,Yes,Fiber optic,Yes,No,Month-to-month,No,Credit card (automatic),84.39,5167.47,No
CUST-02804,Male,0,No,No,23,No,No phone service,DSL,No,Yes,Two year,Yes,Bank transfer (automatic),75.06,1781.9,No
CUST-02805,Male,0,No,Yes,15,Yes,Yes,Fiber optic,No,Yes,Month-to-month,No,Bank transfer (automatic),45.06,646.19,No
CUST-02806,Male,0,No,No,27,Yes,Yes,Fiber optic,No,No,One year,No,Mailed check,59.77,1631.73,No
CUST-02807,Male,0,Yes,Yes,64,Yes,No,Fiber optic,Yes,Yes,Two year,No,Mailed check,62.81,4071.05,No
CUST-02808,Female,1,Yes,Yes,51,Yes,No,Fiber optic,No,No,One year,No,Bank transfer (automatic),108.02,5569.02,No
CUST-02809,Male,0,Yes,Yes,53,Yes,Yes,DSL,Yes,Yes,One year,No,Mailed check,116.09,6075.98,No
CUST-02810,Male,0,Yes,No,51,Yes,Yes,DSL,Yes,No,Two year,Yes,Mailed check,109.3,5663.73,No
CUST-02811,Male,0,No,Yes,47,Yes,Yes,Fiber optic,Yes,Yes,Month-to-month,No,Electronic check,91.92,4391.14,Yes
CUST-02812,Male,0,Yes,Yes,4,Yes,No,Fiber optic,Yes,No,Month-to-month,No,Mailed check,78.5,366.6,No
CUST-02813,Male,0,Yes,Yes,7,Yes,Yes,DSL,No,No,One year,Yes,Credit card (automatic),88.93,640.58,No
CUST-02814,Male,0,No,Yes,35,Yes,No,No,No internet service,No internet service,Month-to-month,Yes,Electronic check,113.91,3965.07,No
CUST-02815,Female,0,Yes,No,48,Yes,Yes,Fiber optic,Yes,Yes,Month-to-month,Yes,Mailed check,45.0,2105.84,No
CUST-02816,Male,0,No,Yes,45,Yes,No,Fiber optic,No,No,Month-to-month,No,Electronic check,73.51,3226.76,Yes
CUST-02817,Female,0,Yes,No,19,Yes,Yes,Fiber optic,No,No,Two year,No,Mailed check,88.96,1722.47,No
CUST-02818,Male,0,No,Yes,63,Yes,No,No,No internet service,No internet service,Month-to-month,Yes,Mailed check,87.92,5591.53,No
CUST-02819,Female,0,No,No,38,Yes,Yes,DSL,No,Yes,One year,No,Mailed check,45.23,1714.51,No
CUST-02820,Female,0,Yes,No,67,Yes,No,DSL,Yes,No,Month-to-month,Yes,Electronic check,78.67,5247.84,No
CUST-02821,Female,0,Yes,No,59,Yes,Yes,Fiber optic,Yes,Yes,Two year,Yes,Bank transfer (automatic),99.59,5879.31,No
CUST-02822,Male,0,No,No,69,Yes,Yes,DSL,Yes,No,Month-to-month,No,Mailed check,67.51,4626.17,Yes
CUST-02823,Female,0,Yes,No,13,Yes,Yes,Fiber optic,No,No,Two year,Yes,Credit card (automatic),99.33,1292.37,No
CUST-02824,Male,0,No,No,47,No,No phone service,Fiber optic,No,No,Month-to-month,No,Mailed check,55.99,2596.64,No
CUST-02825,Female,1,Yes,No,61,Yes,No,DSL,Yes,No,Month-to-month,Yes,Bank transfer (automatic),113.88,6977.28,No
CUST-02826,Male,0,No,Yes,31,Yes,Yes,Fiber optic,No,No,One year,No,Electronic check,73.39,2337.28,No
CUST-02827,Male,0,Yes,Yes,22,Yes,No,No,No internet service,No internet service,Month-to-month,Yes,Mailed check,79.59,1776.41,No
CUST-02828,Female,0,No,No,43,Yes,No,DSL,No,No,Month-to-month,No,Credit card (automatic),23.14,991.0,No
CUST-02829,Male,0,No,No,67,Yes,No,DSL,No,Yes,Month-to-month,Yes,Electronic check,37.03,2530.47,Yes
CUST-02830,Female,0,Yes,No,54,Yes,Yes,Fiber optic,No,No,Month-to-month,No,Mailed check,83.29,4498.61,No
CUST-02831,Female,0,Yes,Yes,10,Yes,Yes,No,No internet service,No internet service,Two year,No,Electronic check,61.99,667.77,No
CUST-02832,Male,0,No,Yes,42,Yes,No,Fiber optic,No,No,Two year,No,Electronic check,70.82,2942.63,No
CUST-02833,Female,0,No,Yes,64,Yes,Yes,No,No internet service,No internet service,Two year,No,Bank transfer (automatic),26.3,1657.86,No
CUST-02834,Male,0,No,No,21,Yes,No,No,No internet service,No internet service,Two year,No,Electronic check,103.41,2122.17,No
CUST-02835,Female,0,Yes,No,66,Yes,No,Fiber optic,Yes,No,Two year,No,Mailed check,98.45,6474.43,No
CUST-02836,Male,0,No,No,41,Yes,No,No,No internet service,No internet service,Two year,Yes,Bank transfer (automatic),38.54,1629.21,No
CUST-02837,Male,0,No,Yes,24,Yes,No,Fiber optic,No,Yes,Month-to-month,No,Bank transfer (automatic),83.43,1958.73,No
CUST-02838,Male,0,Yes,No,35,Yes,No,Fiber optic,No,Yes,Month-to-month,No,Electronic check,101.83,3448.82,No
CUST-02839,Female,0,No,No,56,Yes,Yes,No,No internet service,No internet service,Month-to-month,No,Electronic check,84.09,4688.31,No
CUST-02840,Male,0,Yes,No,30,No,No phone service,Fiber optic,No,Yes,Month-to-month,Yes,Mailed check,51.04,1472.51,No
CUST-02841,Male,1,No,Yes,57,Yes,Yes,Fiber optic,Yes,Yes,Two year,Yes,Credit card (automatic),85.61,4854.55,No
CUST-02842,Male,0,Yes,No,47,Yes,No,No,No internet service,No internet service,Two year,Yes,Bank transfer (automatic),41.05,2034.69,No
CUST-02843,Male,0,Yes,No,35,Yes,Yes,DSL,No,No,Month-to-month,No,Bank transfer (automatic),51.83,1769.6,No
CUST-02844,Male,0,Yes,Yes,19,Yes,No,Fiber optic,No,No,Month-to-month,Yes,Bank transfer (automatic),44.01,867.87,No
CUST-02845,Male,0,Yes,Yes,8,Yes,Yes,Fiber optic,Yes,No,Month-to-month,Yes,Electronic check,75.69,601.51,No
CUST-02846,Male,0,Yes,Yes,26,Yes,Yes,Fiber optic,Yes,No,One year,No,Credit card (automatic),30.82,819.94,No
CUST-02847,Male,1,Yes,Yes,71,Yes,Yes,Fiber optic,No,No,Two year,No,Mailed check,113.33,8020.97,Yes
CUST-02848,Male,1,No,No,30,Yes,No,DSL,Yes,Yes,Month-to-month,No,Mailed check,53.35,1658.57,Yes
CUST-02849,Female,0,Yes,No,7,Yes,No,Fiber optic,Yes,Yes,Month-to-month,Yes,Bank transfer (automatic),41.9,314.64,No
CUST-02850,Male,0,No,No,67,Yes,No,Fiber optic,No,Yes,One year,Yes,Electronic check,69.65,4689.28,No
CUST-02851,Male,0,Yes,Yes,65,Yes,Yes,DSL,No,No,Month-to-month,Yes,Credit card (automatic),47.7,3105.44,No
CUST-02852,Male,0,Yes,Yes,36,Yes,Yes,DSL,Yes,Yes,Two year,Yes,Mailed check,73.49,2708.44,No
CUST-02853,Female,0,No,Yes,25,Yes,Yes,Fiber optic,Yes,Yes,Month-to-month,Yes,Mailed check,54.85,1399.26,No
CUST-02854,Male,0,Yes,Yes,37,Yes,No,No,No internet service,No internet service,Two year,Yes,Electronic check,33.21,1247.32,No
CUST-02855,Male,0,No,No,1,Yes,No,DSL,No,No,Two year,Yes,Mailed check,46.59,79.22,No
CUST-02856,Female,1,No,No,15,Yes,No,DSL,No,No,One year,Yes,Bank transfer (automatic),63.84,869.6,Yes
CUST-02857,Female,0,No,Yes,37,Yes,No,DSL,No,No,One year,Yes,Electronic check,23.03,861.5,No
CUST-02858,Female,0,Yes,No,13,Yes,No,Fiber optic,No,Yes,Month-to-month,Yes,Bank transfer (automatic),97.06,1258.58,No
CUST-02859,Male,0,No,No,8,Yes,No,Fiber optic,Yes,No,Month-to-month,No,Bank transfer (automatic),82.18,715.87,No
CUST-02860,Male,0,No,Yes,5,Yes,No,Fiber optic,Yes,Yes,Two year,Yes,Credit card (automatic),80.14,365.65,No
CUST-02861,Male,0,No,No,60,Yes,No,DSL,Yes,Yes,Month-to-month,No,Electronic check,74.6,4486.06,No
CUST-02862,Male,0,Yes,No,1,Yes,No,Fiber optic,Yes,Yes,Month-to-month,No,Mailed check,79.03,175.22,No
CUST-02863,Female,0,Yes,No,36,Yes,Yes,No,No internet service,No internet service,Two year,Yes,Bank transfer (automatic),113.47,4083.63,No
CUST-02864,Female,0,Yes,Yes,35,Yes,Yes,DSL,No,Yes,Month-to-month,Yes,Credit card (automatic),20.86,663.59,No
CUST-02865,Male,0,Yes,Yes,66,Yes,No,DSL,No,Yes,Two year,Yes,Mailed check,24.78,1744.18,No
CUST-02866,Female,0,Yes,Yes,63,Yes,No,DSL,No,Yes,Month-to-month,Yes,Mailed check,39.15,2430.67,No
CUST-02867,Male,0,No,Yes,23,Yes,Yes,Fiber optic,No,No,One year,Yes,Mailed check,36.73,792.8,No
CUST-02868,Male,0,No,No,9,No,No phone service,Fiber optic,Yes,Yes,Month-to-month,No,Mailed check,38.12,293.06,Yes
CUST-02869,Male,0,No,Yes,34,Yes,Yes,DSL,Yes,Yes,Two year,No,Credit card (automatic),87.19,3000.84,No
CUST-02870,Male,0,No,No,46,Yes,Yes,Fiber optic,Yes,No,One year,No,Credit card (automatic),65.95,3098.59,No
CUST-02871,Female,1,Yes,No,4,Yes,Yes,Fiber optic,No,Yes,One year,No,Mailed check,119.18,564.74,No
CUST-02872,Female,0,Yes,Yes,30,Yes,Yes,Fiber optic,Yes,Yes,Month-to-month,No,Electronic check,42.69,1281.47,No
CUST-02873,Male,0,Yes,Yes,3,Yes,No,DSL,No,Yes,Two year,No,Credit card (automatic),51.08,103.9,No
CUST-02874,Male,0,Yes,Yes,14,Yes,No,Fiber optic,No,No,Month-to-month,Yes,Mailed check,118.42,1629.38,No
CUST-02875,Female,0,No,Yes,60,Yes,No,Fiber optic,Yes,Yes,Month-to-month,No,Credit card (automatic),103.18,6192.48,No
CUST-02876,Female,0,No,No,45,Yes,No,Fiber optic,No,No,Two year,Yes,Credit card (automatic),66.98,3013.04,No
CUST-02877,Male,0,No,No,34,Yes,No,Fiber optic,Yes,No,Two year,No,Mailed check,75.46,2631.05,No
CUST-02878,Female,0,Yes,No,45,Yes,No,No,No internet service,No internet service,Month-to-month,No,Bank transfer (automatic),104.32,4628.52,No
CUST-02879,Female,0,No,Yes,61,Yes,No,Fiber optic,No,No,One year,No,Electronic check,68.1,4098.33,No
CUST-02880,Female,0,No,Yes,16,Yes,Yes,DSL,No,Yes,One year,No,Credit card (automatic),40.6,634.11,No
CUST-02881,Male,0,Yes,Yes,66,Yes,Yes,Fiber optic,No,No,One year,Yes,Mailed check,102.84,6805.9,No
CUST-02882,Female,0,Yes,Yes,40,Yes,Yes,Fiber optic,Yes,Yes,One year,Yes,Mailed check,73.78,2929.07,No
CUST-02883,Female,0,No,No,17,Yes,No,DSL,Yes,No,Month-to-month,No,Bank transfer (automatic),35.3,573.9,No
CUST-02884,Female,1,Yes,Yes,34,Yes,Yes,Fiber optic,Yes,No,Month-to-month,Yes,Credit card (automatic),70.56,2457.73,Yes
CUST-02885,Female,0,No,No,16,No,No phone service,DSL,Yes,Yes,Two year,No,Electronic check,61.32,1004.72,No
CUST-02886,Female,0,No,No,60,Yes,No,Fiber optic,No,No,Month-to-month,No,Electronic check,107.68,6411.56,No
CUST-02887,Male,0,No,No,66,Yes,No,Fiber optic,No,No,One year,Yes,Bank transfer (automatic),32.61,2126.77,No
CUST-02888,Female,0,No,Yes,66,Yes,Yes,Fiber optic,No,Yes,Two year,No,Electronic check,107.52,7122.16,No
CUST-02889,Female,1,No,Yes,13,Yes,Yes,Fiber optic,Yes,Yes,Month-to-month,No,Electronic check,71.22,862.81,No
CUST-02890,Female,0,Yes,No,56,Yes,No,DSL,Yes,No,Two year,No,Mailed check,60.44,3410.18,No
CUST-02891,Female,0,Yes,Yes,31,Yes,Yes,Fiber optic,Yes,No,Month-to-month,Yes,Bank transfer (automatic),36.2,1105.01,No
CUST-02892,Male,0,Yes,Yes,34,Yes,Yes,DSL,No,No,Month-to-month,Yes,Credit card (automatic),90.08,3080.86,No
CUST-02893,Male,0,No,Yes,39,Yes,Yes,No,No internet service,No internet service,Month-to-month,Yes,Bank transfer (automatic),112.68,4400.51,No
CUST-02894,Male,0,No,No,67,Yes,Yes,DSL,Yes,No,One year,Yes,Electronic check,57.54,3799.31,No
CUST-02895,Female,0,Yes,No,8,Yes,No,DSL,No,Yes,Month-to-month,No,Mailed check,44.16,321.45,No
CUST-02896,Female,0,Yes,No,55,Yes,No,Fiber optic,Yes,No,Month-to-month,Yes,Credit card (automatic),75.49,4224.32,No
CUST-02897,Male,1,Yes,No,27,Yes,Yes,Fiber optic,Yes,Yes,One year,No,Electronic check,99.62,2808.31,No
CUST-02898,Male,0,No,No,53,Yes,No,Fiber optic,No,Yes,Month-to-month,Yes,Mailed check,20.38,992.78,No
CUST-02899,Male,0,Yes,Yes,39,Yes,No,No,No internet service,No internet service,Month-to-month,No,Electronic check,83.14,3294.62,No
CUST-02900,Male,0,Yes,Yes,65,Yes,No,DSL,Yes,No,One year,Yes,Electronic check,79.65,5192.03,No
CUST-02901,Male,0,No,No,17,Yes,No,Fiber optic,No,Yes,One year,Yes,Bank transfer (automatic),51.82,985.05,No
CUST-02902,Male,0,Yes,No,30,Yes,No,DSL,No,Yes,Two year,Yes,Electronic check,65.14,1926.27,No
CUST-02903,Female,1,Yes,No,53,Yes,No,No,No internet service,No internet service,Month-to-month,Yes,Credit card (automatic),44.7,2414.01,No
CUST-02904,Female,0,No,No,13,Yes,Yes,No,No internet service,No internet service,Month-to-month,Yes,Electronic check,98.99,1271.74,Yes
CUST-02905,Male,1,No,Yes,21,Yes,No,Fiber optic,No,No,One year,Yes,Bank transfer (automatic),83.45,1816.52,No
CUST-02906,Female,0,Yes,No,19,Yes,No,DSL,No,No,Two year,No,Mailed check,73.27,1507.69,No
CUST-02907,Female,0,No,Yes,53,No,No phone service,No,No internet service,No internet service,One year,Yes,Electronic check,59.25,3150.9,No
CUST-02908,Male,0,Yes,No,19,Yes,Yes,No,No internet service,No internet service,Month-to-month,Yes,Electronic check,49.14,876.71,Yes
CUST-02909,Male,0,Yes,Yes,57,Yes,Yes,DSL,No,No,Two year,No,Bank transfer (automatic),102.27,5900.08,No
CUST-02910,Female,1,Yes,Yes,25,Yes,No,Fiber optic,Yes,Yes,One year,Yes,Mailed check,65.14,1656.77,No
CUST-02911,Female,0,Yes,Yes,31,Yes,Yes,No,No internet service,No internet service,Month-to-month,No,Electronic check,70.14,2193.24,No
CUST-02912,Female,0,No,No,55,No,No phone service,Fiber optic,No,Yes,Two year,Yes,Electronic check,72.08,4043.56,No
CUST-02913,Male,0,No,No,23,Yes,No,No,No internet service,No internet service,Month-to-month,No,Credit card (automatic),64.84,1434.44,No
CUST-02914,Female,0,No,No,32,Yes,No,DSL,No,No,Two year,Yes,Bank transfer (automatic),45.61,1423.71,Yes
CUST-02915,Male,0,Yes,No,62,Yes,Yes,DSL,No,No,One year,No,Mailed check,32.03,2015.57,No
CUST-02916,Male,0,Yes,Yes,10,Yes,No,Fiber optic,Yes,Yes,Month-to-month,No,Electronic check,29.85,261.58,No
CUST-02917,Female,1,Yes,No,54,Yes,Yes,Fiber optic,No,Yes,Month-to-month,No,Bank transfer (automatic),95.75,5154.7,No
CUST-02918,Male,0,No,No,52,Yes,No,No,No internet service,No internet service,Month-to-month,Yes,Bank transfer (automatic),42.35,2265.94,No
CUST-02919,Male,0,Yes,No,20,Yes,No,Fiber optic,No,No,Month-to-month,No,Bank transfer (automatic),25.57,533.05,Yes
CUST-02920,Male,0,Yes,No,32,Yes,Yes,DSL,Yes,Yes,Month-to-month,No,Mailed check,99.75,3133.06,No
CUST-02921,Female,1,Yes,No,14,Yes,No,No,No internet service,No internet service,Month-to-month,No,Bank transfer (automatic),35.41,516.14,No
CUST-02922,Female,0,No,Yes,50,Yes,No,No,No internet service,No internet service,Month-to-month,Yes,Electronic check,82.51,4187.45,No
CUST-02923,Female,0,Yes,Yes,28,Yes,No,Fiber optic,No,No,One year,Yes,Electronic check,53.86,1516.66,No
CUST-02924,Male,0,Yes,Yes,53,Yes,No,DSL,No,No,Month-to-month,Yes,Mailed check,32.65,1774.04,No
CUST-02925,Female,0,No,No,24,Yes,Yes,DSL,No,No,Month-to-month,Yes,Electronic check,61.45,1448.95,No
CUST-02926,Male,0,No,No,22,Yes,No,Fiber optic,No,No,Month-to-month,No,Mailed check,21.48,485.55,No
CUST-02927,Female,0,Yes,Yes,30,Yes,Yes,Fiber optic,No,No,Month-to-month,Yes,Electronic check,104.1,3044.16,No
CUST-02928,Male,0,Yes,No,63,Yes,No,DSL,Yes,Yes,Two year,Yes,Bank transfer (automatic),71.35,4526.54,No
CUST-02929,Female,0,No,Yes,4,Yes,No,DSL,Yes,Yes,Month-to-month,Yes,Electronic check,33.92,153.69,No
CUST-02930,Female,0,No,Yes,59,Yes,Yes,Fiber optic,No,Yes,One year,No,Bank transfer (automatic),43.7,2513.79,No
CUST-02931,Male,0,No,Yes,8,No,No phone service,Fiber optic,No,No,Month-to-month,Yes,Mailed check,64.8,594.44,Yes
CUST-02932,Male,0,Yes,Yes,12,Yes,No,DSL,Yes,Yes,Month-to-month,No,Credit card (automatic),38.89,495.24,No
CUST-02933,Female,0,No,Yes,31,Yes,Yes,Fiber optic,No,No,Two year,Yes,Bank transfer (automatic),46.86,1418.03,No
CUST-02934,Female,0,Yes,No,34,Yes,Yes,DSL,No,No,Two year,Yes,Bank transfer (automatic),73.44,2529.77,No
CUST-02935,Male,0,No,No,49,Yes,No,DSL,Yes,No,Two year,No,Credit card (automatic),103.26,5010.52,No
CUST-02936,Female,0,Yes,No,57,Yes,No,DSL,No,Yes,Two year,Yes,Credit card (automatic),60.18,3387.95,No
CUST-02937,Male,0,Yes,No,26,Yes,Yes,Fiber optic,Yes,Yes,Two year,Yes,Electronic check,91.7,2335.24,No
CUST-02938,Male,0,No,Yes,18,Yes,Yes,Fiber optic,No,Yes,One year,Yes,Mailed check,107.67,1887.65,No
CUST-02939,Male,0,No,Yes,38,Yes,Yes,No,No internet service,No internet service,Two year,Yes,Electronic check,41.63,1603.82,No
CUST-02940,Male,1,Yes,Yes,50,Yes,Yes,DSL,Yes,Yes,Month-to-month,Yes,Mailed check,100.72,5040.73,No
CUST-02941,Male,1,No,Yes,8,Yes,No,DSL,Yes,No,Month-to-month,Yes,Credit card (automatic),95.74,803.33,No
CUST-02942,Male,0,Yes,No,41,Yes,No,No,No internet service,No internet service,One year,No,Bank transfer (automatic),55.69,2142.31,No
CUST-02943,Male,0,Yes,Yes,6,Yes,No,Fiber optic,No,No,Month-to-month,Yes,Mailed check,118.95,694.12,No
CUST-02944,Male,0,No,Yes,69,Yes,No,DSL,No,Yes,Month-to-month,Yes,Mailed check,46.26,3173.07,No
CUST-02945,Male,0,Yes,Yes,44,Yes,No,Fiber optic,Yes,No,Month-to-month,Yes,Mailed check,45.48,2003.75,No
CUST-02946,Male,0,No,No,64,No,No phone service,Fiber optic,No,No,One year,No,Credit card (automatic),97.23,6224.06,No
CUST-02947,Male,0,Yes,Yes,29,Yes,Yes,Fiber optic,No,No,Month-to-month,Yes,Credit card (automatic),63.47,1852.03,No
CUST-02948,Male,0,Yes,Yes,28,Yes,Yes,DSL,No,No,Month-to-month,No,Electronic check,53.08,1490.68,No
CUST-02949,Male,0,No,Yes,11,No,No phone service,DSL,No,Yes,Month-to-month,Yes,Bank transfer (automatic),37.87,393.63,Yes
CUST-02950,Male,0,Yes,No,65,Yes,No,Fiber optic,Yes,Yes,Month-to-month,Yes,Bank transfer (automatic),96.53,6254.47,Yes
CUST-02951,Male,0,Yes,No,19,Yes,No,Fiber optic,No,No,Month-to-month,Yes,Electronic check,98.63,1871.33,Yes
CUST-02952,Male,0,Yes,Yes,9,No,No phone service,DSL,No,No,One year,No,Mailed check,76.66,715.17,No
CUST-02953,Female,0,No,No,27,No,No phone service,DSL,No,No,One year,No,Credit card (automatic),115.73,3128.96,No
CUST-02954,Female,0,No,No,34,Yes,Yes,Fiber optic,No,Yes,Month-to-month,Yes,Bank transfer (automatic),51.82,1722.62,Yes
CUST-02955,Male,0,Yes,Yes,44,Yes,Yes,No,No internet service,No internet service,Month-to-month,No,Bank transfer (automatic),41.96,1804.33,No
CUST-02956,Female,0,Yes,No,68,Yes,Yes,DSL,Yes,No,Month-to-month,Yes,Bank transfer (automatic),87.75,5992.49,No
CUST-02957,Female,0,Yes,No,15,Yes,No,No,No internet service,No internet service,Two year,Yes,Mailed check,95.84,1475.47,No
CUST-02958,Female,0,No,Yes,51,Yes,No,Fiber optic,No,No,Month-to-month,No,Electronic check,42.49,2220.54,No
CUST-02959,Male,0,Yes,Yes,13,Yes,No,Fiber optic,No,No,Month-to-month,No,Electronic check,27.66,335.03,No
CUST-02960,Male,1,Yes,No,49,Yes,Yes,Fiber optic,No,No,Month-to-month,No,Bank transfer (automatic),101.05,4857.57,No
CUST-02961,Male,0,No,Yes,70,Yes,Yes,Fiber optic,Yes,Yes,Month-to-month,No,Mailed check,117.65,8254.58,No
CUST-02962,Female,0,No,No,56,Yes,Yes,Fiber optic,No,Yes,Two year,Yes,Credit card (automatic),84.47,4694.54,No
CUST-02963,Female,0,Yes,Yes,51,Yes,Yes,Fiber optic,No,No,Month-to-month,Yes,Bank transfer (automatic),47.79,2432.12,No
CUST-02964,Male,0,No,No,37,Yes,Yes,Fiber optic,Yes,No,Month-to-month,Yes,Electronic check,119.67,4435.2,Yes
CUST-02965,Female,0,Yes,Yes,17,Yes,No,Fiber optic,No,No,Month-to-month,No,Mailed check,109.33,1886.29,No
CUST-02966,Female,0,No,No,58,Yes,No,Fiber optic,Yes,Yes,Two year,Yes,Electronic check,71.34,4182.38,No
CUST-02967,Male,0,No,No,29,Yes,Yes,DSL,No,Yes,Month-to-month,No,Bank transfer (automatic),102.53,3031.85,Yes
CUST-02968,Female,0,No,No,33,Yes,No,DSL,No,Yes,Two year,No,Credit card (automatic),101.58,3418.11,No
CUST-02969,Female,0,No,No,60,Yes,Yes,Fiber optic,Yes,No,Two year,No,Electronic check,113.48,6814.0,No
CUST-02970,Male,0,Yes,No,55,Yes,Yes,Fiber optic,Yes,No,One year,Yes,Mailed check,104.09,5640.52,No
CUST-02971,Female,0,Yes,No,10,Yes,Yes,No,No internet service,No internet service,Month-to-month,Yes,Credit card (automatic),84.37,813.22,No
CUST-02972,Male,0,No,No,47,Yes,Yes,DSL,No,No,Month-to-month,No,Mailed check,80.93,3874.12,No
CUST-02973,Male,0,Yes,No,23,No,No phone service,DSL,No,Yes,Month-to-month,No,Mailed check,66.74,1542.46,No
CUST-02974,Male,0,Yes,Yes,21,Yes,No,DSL,No,No,One year,Yes,Electronic check,82.65,1844.57,No
CUST-02975,Male,0,Yes,No,13,Yes,No,Fiber optic,Yes,Yes,One year,No,Mailed check,99.52,1274.81,No
CUST-02976,Male,0,No,Yes,33,Yes,No,DSL,Yes,No,Two year,No,Electronic check,116.9,3973.34,No
CUST-02977,Male,0,No,Yes,24,Yes,No,Fiber optic,No,No,Month-to-month,No,Mailed check,66.73,1601.44,No
CUST-02978,Male,0,Yes,No,11,Yes,Yes,DSL,No,Yes,Month-to-month,No,Electronic check,77.37,830.08,Yes
CUST-02979,Female,0,Yes,Yes,17,Yes,No,No,No internet service,No internet service,Two year,No,Electronic check,64.48,1060.58,No
CUST-02980,Male,0,Yes,Yes,68,Yes,Yes,No,No internet service,No internet service,One year,No,Credit card (automatic),86.85,5938.79,No
CUST-02981,Female,0,Yes,Yes,47,Yes,Yes,Fiber optic,No,Yes,One year,No,Electronic check,82.99,3829.88,No
CUST-02982,Female,0,No,Yes,25,Yes,Yes,No,No internet service,No internet service,Month-to-month,No,Mailed check,21.78,517.01,Yes
CUST-02983,Male,0,Yes,Yes,21,Yes,No,DSL,No,Yes,Month-to-month,Yes,Electronic check,74.12,1553.89,No
CUST-02984,Female,0,Yes,Yes,12,Yes,Yes,DSL,No,No,Month-to-month,No,Credit card (automatic),28.85,233.31,No
CUST-02985,Male,0,Yes,No,37,Yes,No,DSL,Yes,Yes,One year,No,Mailed check,22.64,832.81,No
CUST-02986,Male,1,Yes,No,42,Yes,Yes,DSL,No,No,Month-to-month,No,Credit card (automatic),99.12,4249.06,No
CUST-02987,Male,0,Yes,Yes,17,Yes,Yes,Fiber optic,Yes,No,Month-to-month,Yes,Bank transfer (automatic),45.86,801.22,Yes
CUST-02988,Male,0,No,No,48,Yes,Yes,Fiber optic,No,Yes,Two year,No,Mailed check,54.07,2562.46,No
CUST-02989,Male,0,No,Yes,28,Yes,No,No,No internet service,No internet service,One year,No,Bank transfer (automatic),26.41,715.59,No
CUST-02990,Male,0,No,Yes,41,Yes,Yes,No,No internet service,No internet service,Two year,Yes,Mailed check,37.95,1572.81,No
CUST-02991,Female,0,No,Yes,47,Yes,No,DSL,Yes,No,Month-to-month,Yes,Bank transfer (automatic),96.56,4512.78,No
CUST-02992,Female,0,No,No,18,Yes,No,DSL,No,No,One year,Yes,Electronic check,69.35,1271.73,No
CUST-02993,Female,0,Yes,No,71,Yes,Yes,DSL,Yes,No,One year,No,Bank transfer (automatic),108.07,7646.02,No
CUST-02994,Female,0,No,No,13,Yes,Yes,Fiber optic,No,Yes,Month-to-month,No,Credit card (automatic),59.72,725.15,Yes
CUST-02995,Female,1,No,Yes,13,Yes,No,DSL,No,No,Two year,Yes,Credit card (automatic),46.87,668.35,No
CUST-02996,Male,0,No,No,31,Yes,No,DSL,Yes,Yes,Month-to-month,No,Bank transfer (automatic),54.76,1733.01,No
CUST-02997,Female,0,Yes,No,2,Yes,Yes,Fiber optic,No,Yes,One year,Yes,Electronic check,91.28,88.14,No
CUST-02998,Male,0,Yes,Yes,16,No,No phone service,No,No internet service,No internet service,Month-to-month,No,Bank transfer (automatic),75.5,1191.16,No
CUST-02999,Male,0,Yes,No,9,Yes,Yes,DSL,Yes,Yes,One year,No,Mailed check,110.42,1045.93,No
CUST-03000,Male,0,Yes,No,38,Yes,Yes,Fiber optic,Yes,No,Month-to-month,Yes,Mailed check,80.22,3040.05,No
CUST-03001,Male,0,No,No,54,Yes,Yes,DSL,No,Yes,Month-to-month,Yes,Bank transfer (automatic),69.3,3713.17,No
CUST-03002,Male,0,No,No,56,No,No phone service,Fiber optic,No,No,Month-to-month,Yes,Bank transfer (automatic),98.58,5507.85,Yes
CUST-03003,Male,0,No,Yes,45,Yes,Yes,Fiber optic,Yes,Yes,Month-to-month,No,Mailed check,114.75,5169.3,No
CUST-03004,Male,0,Yes,Yes,34,Yes,No,No,No internet service,No internet service,Month-to-month,No,Mailed check,55.58,1880.74,No
CUST-03005,Female,1,No,Yes,9,Yes,Yes,No,No internet service,No internet service,Month-to-month,Yes,Bank transfer (automatic),44.99,400.78,Yes
CUST-03006,Male,0,No,Yes,8,Yes,No,Fiber optic,No,Yes,Two year,Yes,Electronic check,81.62,645.46,Yes
CUST-03007,Male,0,Yes,Yes,7,Yes,Yes,No,No internet service,No internet service,Two year,No,Electronic check,69.89,440.55,No
CUST-03008,Female,0,Yes,Yes,36,Yes,Yes,DSL,Yes,Yes,Month-to-month,No,Mailed check,118.92,4229.86,Yes
CUST-03009,Female,0,No,No,18,Yes,No,Fiber optic,No,Yes,Two year,No,Credit card (automatic),66.24,1137.82,No
CUST-03010,Male,0,No,Yes,3,Yes,No,Fiber optic,Yes,No,One year,No,Electronic check,27.43,86.86,No
CUST-03011,Female,0,No,Yes,28,Yes,No,Fiber optic,No,Yes,Two year,Yes,Bank transfer (automatic),117.74,3325.86,No
CUST-03012,Male,0,No,No,70,Yes,Yes,DSL,No,Yes,Month-to-month,Yes,Mailed check,104.36,7258.13,No
CUST-03013,Male,1,No,No,44,Yes,No,Fiber optic,No,No,Month-to-month,Yes,Electronic check,37.83,1589.51,No
CUST-03014,Male,0,No,Yes,21,Yes,No,Fiber optic,No,Yes,Month-to-month,Yes,Electronic check,110.46,2276.09,Yes
CUST-03015,Male,0,Yes,No,28,Yes,No,DSL,No,No,Month-to-month,No,Electronic check,54.07,1584.08,No
CUST-03016,Female,0,Yes,No,54,Yes,No,No,No internet service,No internet service,One year,Yes,Credit card (automatic),57.71,3100.68,No
CUST-03017,Female,0,No,Yes,54,Yes,No,No,No internet service,No internet service,Two year,No,Mailed check,110.64,5963.86,No
CUST-03018,Female,0,Yes,No,65,Yes,Yes,Fiber optic,No,No,Two year,Yes,Bank transfer (automatic),73.01,4705.76,No
CUST-03019,Male,0,No,No,21,Yes,No,DSL,Yes,Yes,Month-to-month,No,Bank transfer (automatic),33.78,737.97,Yes
CUST-03020,Male,0,No,Yes,13,Yes,Yes,Fiber optic,Yes,No,Month-to-month,Yes,Mailed check,56.91,733.66,Yes
CUST-03021,Female,1,Yes,Yes,57,Yes,Yes,DSL,No,No,Month-to-month,No,Credit card (automatic),92.21,5219.64,No
CUST-03022,Female,0,Yes,No,49,Yes,No,Fiber optic,Yes,Yes,Month-to-month,Yes,Electronic check,37.42,1782.03,No
CUST-03023,Male,0,No,No,54,Yes,No,Fiber optic,No,Yes,One year,Yes,Credit card (automatic),79.02,4285.97,No
CUST-03024,Female,1,Yes,Yes,10,Yes,Yes,Fiber optic,Yes,No,One year,No,Bank transfer (automatic),89.53,908.5,No
CUST-03025,Female,0,No,Yes,53,No,No phone service,No,No internet service,No internet service,One year,Yes,Electronic check,54.39,2820.76,No
CUST-03026,Male,0,Yes,No,44,Yes,No,Fiber optic,No,No,Month-to-month,No,Bank transfer (automatic),89.39,3994.53,No
CUST-03027,Female,0,No,No,47,Yes,Yes,No,No internet service,No internet service,Two year,Yes,Bank transfer (automatic),108.42,5063.65,No
CUST-03028,Male,0,Yes,Yes,53,Yes,Yes,No,No internet service,No internet service,One year,No,Bank transfer (automatic),67.21,3450.89,No
CUST-03029,Female,0,No,Yes,46,Yes,Yes,DSL,No,Yes,One year,No,Credit card (automatic),58.29,2757.77,No
CUST-03030,Female,1,Yes,Yes,13,No,No phone service,Fiber optic,Yes,Yes,Two year,No,Electronic check,45.12,581.43,No
CUST-03031,Male,0,Yes,No,37,Yes,Yes,Fiber optic,No,Yes,Month-to-month,Yes,Electronic check,80.42,2997.26,No
CUST-03032,Male,1,Yes,Yes,24,Yes,No,DSL,Yes,No,Month-to-month,No,Credit card (automatic),107.99,2675.37,No
CUST-03033,Male,0,No,Yes,2,Yes,Yes,DSL,No,Yes,One year,No,Electronic check,52.47,54.81,No
CUST-03034,Male,0,Yes,Yes,14,Yes,Yes,Fiber optic,No,Yes,One year,Yes,Electronic check,59.62,858.65,No
CUST-03035,Male,0,Yes,No,10,Yes,No,Fiber optic,Yes,Yes,Month-to-month,Yes,Electronic check,60.66,665.37,No
CUST-03036,Male,0,No,No,35,Yes,No,No,No internet service,No internet service,Two year,No,Credit card (automatic),76.08,2616.07,No
CUST-03037,Female,0,No,No,25,Yes,Yes,Fiber optic,Yes,Yes,Month-to-month,No,Mailed check,42.84,1144.03,No
CUST-03038,Female,0,Yes,Yes,3,Yes,Yes,Fiber optic,Yes,No,Month-to-month,Yes,Bank transfer (automatic),102.22,236.2,No
CUST-03039,Male,0,Yes,Yes,17,Yes,Yes,Fiber optic,Yes,No,Month-to-month,No,Bank transfer (automatic),49.56,837.75,No
CUST-03040,Male,1,Yes,Yes,12,Yes,No,Fiber optic,No,No,Two year,Yes,Credit card (automatic),90.54,1032.71,No
CUST-03041,Male,0,Yes,Yes,54,Yes,Yes,No,No internet service,No internet service,Two year,No,Mailed check,71.32,3886.07,No
CUST-03042,Female,0,No,No,24,No,No phone service,No,No internet service,No internet service,Month-to-month,Yes,Bank transfer (automatic),78.59,1837.89,Yes
CUST-03043,Female,0,Yes,No,29,Yes,Yes,Fiber optic,No,Yes,Month-to-month,No,Mailed check,37.96,1069.97,No
CUST-03044,Female,0,No,Yes,43,Yes,No,Fiber optic,Yes,No,Two year,No,Mailed check,93.5,3976.55,No
CUST-03045,Female,0,No,Yes,25,Yes,No,Fiber optic,No,Yes,Month-to-month,No,Credit card (automatic),38.86,911.4,No
CUST-03046,Male,0,Yes,Yes,60,Yes,No,Fiber optic,Yes,No,One year,No,Mailed check,31.35,1842.65,No
CUST-03047,Female,1,No,Yes,65,Yes,No,Fiber optic,No,No,Month-to-month,Yes,Bank transfer (automatic),74.67,4851.28,No
CUST-03048,Female,0,Yes,Yes,28,Yes,No,Fiber optic,No,Yes,Month-to-month,Yes,Mailed check,90.93,2541.03,No
CUST-03049,Female,0,No,No,16,Yes,Yes,Fiber optic,No,Yes,Month-to-month,No,Bank transfer (automatic),25.0,389.18,Yes
CUST-03050,Male,1,No,Yes,47,Yes,No,DSL,No,No,One year,No,Electronic check,26.94,1232.85,No
CUST-03051,Female,1,No,No,58,Yes,No,No,No internet service,No internet service,Month-to-month,Yes,Credit card (automatic),100.27,5797.86,No
CUST-03052,Male,1,Yes,No,27,Yes,Yes,DSL,No,Yes,Month-to-month,Yes,Electronic check,100.9,2645.02,No
CUST-03053,Female,0,No,Yes,53,Yes,Yes,No,No internet service,No internet service,Two year,No,Mailed check,44.53,2325.14,No
CUST-03054,Female,0,No,No,42,Yes,Yes,DSL,Yes,Yes,Two year,No,Mailed check,81.52,3412.75,No
CUST-03055,Female,0,No,No,59,Yes,Yes,DSL,No,No,Month-to-month,No,Credit card (automatic),64.32,3809.6,No
CUST-03056,Male,0,No,Yes,47,Yes,Yes,DSL,Yes,Yes,Month-to-month,Yes,Electronic check,83.27,3922.3,No
CUST-03057,Female,1,No,Yes,34,Yes,Yes,DSL,No,No,Month-to-month,No,Electronic check,106.29,3552.46,No
CUST-03058,Female,0,No,Yes,37,Yes,No,DSL,Yes,Yes,Month-to-month,No,Electronic check,27.99,1057.02,No
CUST-03059,Male,0,Yes,Yes,6,Yes,No,Fiber optic,No,No,Month-to-month,No,Credit card (automatic),97.8,592.91,Yes
CUST-03060,Female,0,No,No,7,Yes,No,Fiber optic,Yes,Yes,Month-to-month,Yes,Mailed check,69.3,557.11,No
CUST-03061,Female,0,No,Yes,25,Yes,Yes,Fiber optic,Yes,No,Month-to-month,No,Electronic check,76.41,1835.53,No
CUST-03062,Female,0,Yes,No,33,Yes,Yes,DSL,No,Yes,Month-to-month,Yes,Mailed check,85.39,2811.05,No
CUST-03063,Female,0,No,No,55,Yes,No,Fiber optic,Yes,No,One year,Yes,Mailed check,112.26,6225.87,No
CUST-03064,Female,1,No,No,58,Yes,No,Fiber optic,No,No,Two year,No,Mailed check,25.67,1474.04,No
CUST-03065,Male,0,Yes,Yes,7,Yes,Yes,DSL,No,Yes,Month-to-month,No,Credit card (automatic),22.95,114.98,Yes
CUST-03066,Female,0,Yes,No,57,Yes,No,Fiber optic,Yes,No,One year,Yes,Bank transfer (automatic),37.83,2115.51,No
CUST-03067,Female,0,No,No,12,Yes,Yes,Fiber optic,Yes,No,Month-to-month,No,Credit card (automatic),118.64,1462.92,No
CUST-03068,Male,0,No,Yes,16,Yes,Yes,Fiber optic,Yes,No,Two year,No,Mailed check,91.51,1386.76,No
CUST-03069,Male,0,No,No,43,Yes,Yes,Fiber optic,No,No,Month-to-month,No,Credit card (automatic),81.46,3486.12,Yes
CUST-03070,Female,1,No,No,7,Yes,Yes,No,No internet service,No internet service,One year,Yes,Electronic check,24.7,129.1,No
CUST-03071,Female,0,Yes,Yes,51,Yes,No,DSL,Yes,No,One year,Yes,Electronic check,107.91,5463.36,No
CUST-03072,Female,0,No,No,32,Yes,No,Fiber optic,Yes,Yes,Two year,No,Credit card (automatic),101.28,3263.04,No
CUST-03073,Male,0,Yes,No,8,Yes,No,Fiber optic,Yes,Yes,Month-to-month,Yes,Mailed check,86.48,672.08,No
CUST-03074,Female,0,No,No,45,Yes,No,No,No internet service,No internet service,Two year,Yes,Bank transfer (automatic),53.91,2437.6,No
CUST-03075,Male,0,Yes,Yes,59,Yes,Yes,Fiber optic,Yes,Yes,One year,No,Bank transfer (automatic),27.05,1533.85,No
CUST-03076,Male,0,No,No,4,Yes,No,Fiber optic,No,No,Month-to-month,Yes,Mailed check,78.0,353.49,Yes
CUST-03077,Male,0,Yes,Yes,67,Yes,No,No,No internet service,No internet service,Month-to-month,No,Bank transfer (automatic),91.97,6172.62,No
CUST-03078,Female,0,Yes,Yes,29,Yes,Yes,Fiber optic,No,No,One year,Yes,Mailed check,29.42,915.08,No
CUST-03079,Female,0,Yes,Yes,29,Yes,Yes,No,No internet service,No internet service,Month-to-month,No,Credit card (automatic),83.38,2397.67,No
CUST-03080,Female,0,Yes,No,28,Yes,No,Fiber optic,Yes,Yes,Two year,Yes,Electronic check,48.64,1384.4,No
CUST-03081,Male,0,Yes,No,44,Yes,Yes,DSL,No,Yes,Month-to-month,No,Credit card (automatic),96.42,4281.65,No
CUST-03082,Female,0,No,No,4,Yes,Yes,DSL,Yes,Yes,Two year,Yes,Bank transfer (automatic),73.96,317.33,No
CUST-03083,Female,0,No,No,9,Yes,Yes,DSL,No,No,Month-to-month,Yes,Mailed check,32.9,380.99,Yes
CUST-03084,Male,0,No,Yes,5,Yes,Yes,DSL,Yes,Yes,Month-to-month,No,Bank transfer (automatic),72.65,280.09,No
CUST-03085,Male,0,Yes,No,56,Yes,Yes,Fiber optic,No,No,Two year,Yes,Bank transfer (automatic),59.57,3344.65,No
CUST-03086,Male,0,Yes,No,50,Yes,Yes,No,No internet service,No internet service,Two year,Yes,Bank transfer (automatic),38.04,1881.71,No
CUST-03087,Male,0,No,Yes,15,Yes,Yes,Fiber optic,Yes,Yes,Month-to-month,No,Credit card (automatic),104.15,1538.37,No
CUST-03088,Male,0,Yes,No,32,Yes,Yes,Fiber optic,Yes,Yes,Two year,No,Credit card (automatic),21.1,749.88,No
CUST-03089,Female,1,Yes,Yes,28,Yes,No,No,No internet service,No internet service,Month-to-month,No,Electronic check,51.21,1402.87,No
CUST-03090,Male,0,Yes,Yes,22,Yes,No,DSL,Yes,Yes,Month-to-month,No,Credit card (automatic),21.26,510.36,No
CUST-03091,Female,0,Yes,Yes,17,Yes,Yes,Fiber optic,No,No,Month-to-month,Yes,Electronic check,29.6,450.5,No
CUST-03092,Male,0,No,Yes,59,Yes,No,DSL,Yes,Yes,Month-to-month,Yes,Bank transfer (automatic),49.71,2983.87,No
CUST-03093,Female,0,No,No,71,Yes,Yes,DSL,Yes,No,Month-to-month,Yes,Electronic check,25.43,1804.41,No
CUST-03094,Female,0,No,Yes,57,Yes,Yes,Fiber optic,No,Yes,One year,No,Electronic check,79.66,4526.48,No
CUST-03095,Male,0,Yes,Yes,26,Yes,No,Fiber optic,Yes,Yes,Month-to-month,No,Credit card (automatic),28.69,669.1,No
CUST-03096,Male,0,No,No,25,Yes,No,No,No internet service,No internet service,Month-to-month,Yes,Credit card (automatic),90.17,2240.22,Yes
CUST-03097,Female,0,Yes,Yes,10,Yes,Yes,Fiber optic,Yes,Yes,Month-to-month,Yes,Bank transfer (automatic),25.26,218.26,No
CUST-03098,Male,0,No,Yes,45,Yes,Yes,Fiber optic,No,Yes,One year,Yes,Credit card (automatic),25.93,1254.23,No
CUST-03099,Male,0,No,No,11,No,No phone service,Fiber optic,No,Yes,Two year,No,Credit card (automatic),50.53,558.41,No
CUST-03100,Male,0,Yes,Yes,53,No,No phone service,DSL,Yes,No,Month-to-month,No,Credit card (automatic),109.66,5782.16,No
CUST-03101,Male,0,No,No,68,Yes,No,Fiber optic,Yes,No,Month-to-month,No,Bank transfer (automatic),84.14,5689.58,No
CUST-03102,Male,0,Yes,No,28,No,No phone service,Fiber optic,No,No,One year,No,Credit card (automatic),97.01,2648.29,Yes
CUST-03103,Male,0,No,Yes,65,Yes,No,No,No internet service,No internet service,Two year,No,Bank transfer (automatic),34.16,2296.51,No
CUST-03104,Male,0,No,No,49,Yes,No,No,No internet service,No internet service,One year,No,Mailed check,103.41,5129.9,No
CUST-03105,Male,0,No,Yes,47,Yes,Yes,No,No internet service,No internet service,Month-to-month,Yes,Electronic check,20.81,974.72,No
CUST-03106,Female,0,No,No,52,Yes,No,DSL,Yes,Yes,Month-to-month,No,Mailed check,41.31,2257.09,No
CUST-03107,Female,0,No,No,54,Yes,No,Fiber optic,No,Yes,Month-to-month,Yes,Mailed check,81.61,4406.28,No
CUST-03108,Male,0,No,Yes,60,Yes,No,No,No internet service,No internet service,Month-to-month,No,Mailed check,57.52,3506.02,No
CUST-03109,Male,0,Yes,Yes,57,No,No phone service,Fiber optic,No,Yes,Month-to-month,No,Electronic check,118.42,6778.25,No
CUST-03110,Female,1,No,No,47,Yes,Yes,Fiber optic,Yes,No,Month-to-month,Yes,Credit card (automatic),23.03,1053.69,No
CUST-03111,Male,0,No,Yes,31,Yes,Yes,Fiber optic,Yes,No,Month-to-month,No,Bank transfer (automatic),119.86,3724.78,No
CUST-03112,Male,1,Yes,Yes,46,Yes,Yes,Fiber optic,Yes,Yes,Month-to-month,No,Credit card (automatic),82.36,3807.2,No
CUST-03113,Male,1,Yes,Yes,26,Yes,Yes,Fiber optic,Yes,Yes,Month-to-month,Yes,Electronic check,75.87,1907.41,Yes
CUST-03114,Male,0,No,No,5,Yes,No,No,No internet service,No internet service,Two year,No,Bank transfer (automatic),25.95,144.15,No
CUST-03115,Female,0,No,Yes,52,Yes,No,No,No internet service,No internet service,Two year,No,Mailed check,47.33,2518.21,No
CUST-03116,Male,0,Yes,No,54,No,No phone service,Fiber optic,Yes,No,Month-to-month,Yes,Mailed check,112.47,6038.8,No
CUST-03117,Female,0,No,No,33,No,No phone service,DSL,Yes,No,Month-to-month,No,Mailed check,55.42,1818.34,No
CUST-03118,Male,0,No,No,50,Yes,Yes,No,No internet service,No internet service,One year,Yes,Credit card (automatic),86.17,4253.02,No
CUST-03119,Female,0,No,Yes,38,Yes,Yes,DSL,Yes,No,Month-to-month,Yes,Credit card (automatic),119.95,4533.96,No
CUST-03120,Female,0,Yes,Yes,27,Yes,Yes,Fiber optic,No,Yes,Two year,No,Mailed check,46.31,1230.11,No
CUST-03121,Female,0,No,Yes,15,Yes,Yes,Fiber optic,Yes,No,Two year,No,Mailed check,77.61,1243.06,No
CUST-03122,Male,0,Yes,Yes,61,Yes,No,Fiber optic,Yes,Yes,Month-to-month,Yes,Bank transfer (automatic),89.64,5452.18,No
CUST-03123,Male,0,No,Yes,21,Yes,Yes,Fiber optic,Yes,No,Two year,Yes,Mailed check,36.46,739.14,No
CUST-03124,Male,0,Yes,Yes,46,Yes,No,No,No internet service,No internet service,One year,Yes,Mailed check,34.87,1599.32,No
CUST-03125,Female,1,Yes,No,69,Yes,Yes,DSL,No,No,Month-to-month,Yes,Bank transfer (automatic),65.63,4443.09,Yes
CUST-03126,Male,1,No,No,6,Yes,No,Fiber optic,Yes,No,Month-to-month,No,Electronic check,58.58,233.54,No
CUST-03127,Male,0,Yes,Yes,38,Yes,Yes,DSL,No,No,Month-to-month,No,Credit card (automatic),91.42,3404.85,No
CUST-03128,Female,0,Yes,No,62,Yes,No,Fiber optic,Yes,No,Two year,No,Mailed check,26.95,1687.11,No
CUST-03129,Male,1,No,No,62,Yes,No,DSL,No,No,Two year,Yes,Bank transfer (automatic),117.22,7267.51,No
CUST-03130,Female,0,Yes,No,46,Yes,No,No,No internet service,No internet service,Month-to-month,No,Credit card (automatic),21.43,1029.24,No
CUST-03131,Male,1,Yes,Yes,13,Yes,Yes,No,No internet service,No internet service,One year,No,Mailed check,80.13,965.67,No
CUST-03132,Female,0,Yes,No,3,Yes,Yes,DSL,No,Yes,Month-to-month,No,Bank transfer (automatic),76.26,218.58,No
CUST-03133,Female,0,Yes,No,6,Yes,Yes,Fiber optic,Yes,Yes,Two year,No,Electronic check,33.47,121.23,No
CUST-03134,Female,0,No,No,8,Yes,No,Fiber optic,No,Yes,Two year,No,Credit card (automatic),35.09,294.09,No
CUST-03135,Female,0,No,Yes,44,Yes,No,Fiber optic,No,Yes,Month-to-month,No,Mailed check,99.27,4298.99,No
CUST-03136,Female,0,No,No,33,Yes,No,DSL,Yes,No,Month-to-month,Yes,Mailed check,108.76,3576.91,No
CUST-03137,Female,0,Yes,Yes,50,Yes,No,Fiber optic,No,No,Month-to-month,Yes,Electronic check,48.3,2425.32,No
CUST-03138,Female,0,No,Yes,11,Yes,Yes,DSL,Yes,No,Two year,Yes,Credit card (automatic),63.8,682.24,No
CUST-03139,Male,0,Yes,Yes,28,Yes,No,DSL,No,No,Month-to-month,No,Credit card (automatic),55.5,1440.9,No
CUST-03140,Female,0,No,Yes,70,Yes,Yes,No,No internet service,No internet service,Month-to-month,No,Electronic check,27.25,1990.62,No
CUST-03141,Male,0,Yes,No,41,Yes,No,Fiber optic,No,No,One year,No,Electronic check,87.32,3555.25,No
CUST-03142,Male,0,No,No,16,Yes,Yes,No,No internet service,No internet service,Month-to-month,No,Credit card (automatic),102.52,1559.84,Yes
CUST-03143,Male,0,Yes,No,68,Yes,No,Fiber optic,No,Yes,One year,Yes,Bank transfer (automatic),50.49,3471.38,No
CUST-03144,Female,0,Yes,No,48,Yes,No,Fiber optic,No,Yes,Month-to-month,Yes,Mailed check,119.02,5752.89,No
CUST-03145,Male,0,Yes,No,56,Yes,Yes,DSL,No,Yes,One year,No,Credit card (automatic),27.59,1529.93,No
CUST-03146,Female,0,Yes,No,64,Yes,Yes,DSL,Yes,Yes,One year,No,Bank transfer (automatic),86.18,5592.33,No
CUST-03147,Male,0,No,No,59,Yes,No,No,No internet service,No internet service,Month-to-month,Yes,Electronic check,64.82,3787.35,No
CUST-03148,Female,0,Yes,No,62,Yes,No,DSL,No,Yes,Two year,No,Mailed check,64.66,4017.7,No
CUST-03149,Female,1,Yes,Yes,11,Yes,No,Fiber optic,No,Yes,Month-to-month,Yes,Electronic check,65.76,748.9,No
CUST-03150,Male,0,Yes,Yes,18,Yes,Yes,Fiber optic,No,No,One year,No,Electronic check,45.87,901.36,No
CUST-03151,Female,0,No,No,19,Yes,Yes,DSL,No,Yes,Month-to-month,Yes,Bank transfer (automatic),91.56,1642.47,No
CUST-03152,Male,0,No,Yes,55,Yes,Yes,Fiber optic,No,No,Two year,Yes,Bank transfer (automatic),92.16,5183.39,No
CUST-03153,Female,0,No,Yes,26,Yes,Yes,DSL,No,No,Month-to-month,No,Credit card (automatic),48.24,1312.93,No
CUST-03154,Female,0,Yes,Yes,6,Yes,Yes,Fiber optic,No,Yes,One year,Yes,Credit card (automatic),103.53,643.65,Yes
CUST-03155,Male,0,Yes,No,4,Yes,No,Fiber optic,Yes,Yes,Month-to-month,No,Mailed check,51.68,166.74,No
CUST-03156,Female,1,No,Yes,29,Yes,No,No,No internet service,No internet service,Month-to-month,No,Bank transfer (automatic),92.51,2638.61,No
CUST-03157,Male,0,Yes,Yes,59,Yes,Yes,No,No internet service,No internet service,Two year,No,Mailed check,32.1,1908.29,No
CUST-03158,Male,0,No,No,17,Yes,No,DSL,Yes,Yes,Two year,Yes,Credit card (automatic),36.87,651.48,No
CUST-03159,Male,0,Yes,No,43,Yes,Yes,Fiber optic,Yes,Yes,Month-to-month,Yes,Electronic check,51.58,2236.18,No
CUST-03160,Female,0,Yes,No,66,Yes,Yes,Fiber optic,Yes,Yes,One year,Yes,Mailed check,79.39,5247.73,No
CUST-03161,Male,0,No,Yes,34,Yes,Yes,DSL,Yes,No,Two year,Yes,Credit card (automatic),84.55,2896.3,No
CUST-03162,Male,0,Yes,Yes,8,No,No phone service,Fiber optic,No,No,Month-to-month,No,Electronic check,59.64,367.84,Yes
CUST-03163,Male,0,Yes,No,13,Yes,Yes,DSL,No,Yes,Two year,No,Credit card (automatic),27.78,347.83,No
CUST-03164,Male,0,Yes,No,8,Yes,No,DSL,Yes,No,Two year,No,Credit card (automatic),57.36,389.72,No
CUST-03165,Female,0,No,No,65,Yes,No,No,No internet service,No internet service,One year,Yes,Bank transfer (automatic),88.88,5775.17,No
CUST-03166,Female,0,Yes,No,43,Yes,No,Fiber optic,No,Yes,Month-to-month,No,Electronic check,87.1,3810.62,No
CUST-03167,Male,0,Yes,No,39,Yes,No,DSL,Yes,Yes,Two year,No,Bank transfer (automatic),36.02,1359.35,No
CUST-03168,Male,0,Yes,Yes,59,Yes,Yes,Fiber optic,No,No,One year,Yes,Credit card (automatic),20.78,1190.56,No
CUST-03169,Male,0,Yes,No,44,Yes,No,Fiber optic,No,No,One year,Yes,Credit card (automatic),95.3,4150.72,No
CUST-03170,Male,0,No,Yes,9,Yes,No,Fiber optic,No,No,Two year,Yes,Mailed check,30.64,239.96,No
CUST-03171,Male,1,No,No,37,Yes,Yes,No,No internet service,No internet service,Month-to-month,Yes,Credit card (automatic),28.23,1072.21,Yes
CUST-03172,Male,0,No,Yes,36,No,No phone service,Fiber optic,Yes,No,Month-to-month,No,Mailed check,20.27,769.08,Yes
CUST-03173,Female,0,Yes,Yes,28,No,No phone service,DSL,Yes,Yes,Two year,Yes,Mailed check,63.26,1844.74,No
CUST-03174,Male,0,No,No,42,Yes,No,Fiber optic,No,No,Month-to-month,No,Electronic check,70.33,2903.6,No
CUST-03175,Male,0,No,Yes,43,Yes,No,No,No internet service,No internet service,Month-to-month,Yes,Bank transfer (automatic),83.77,3636.31,No
CUST-03176,Male,0,Yes,Yes,42,Yes,Yes,DSL,No,No,Two year,Yes,Mailed check,49.61,2126.14,No
CUST-03177,Male,0,Yes,No,66,Yes,Yes,No,No internet service,No internet service,Month-to-month,Yes,Credit card (automatic),91.04,6091.3,No
CUST-03178,Male,0,Yes,Yes,55,Yes,No,Fiber optic,Yes,Yes,Two year,No,Credit card (automatic),36.93,1984.63,No
CUST-03179,Male,0,No,Yes,48,Yes,Yes,No,No internet service,No internet service,Month-to-month,Yes,Electronic check,103.2,4853.42,No
CUST-03180,Female,0,Yes,Yes,22,Yes,No,Fiber optic,Yes,No,Month-to-month,No,Electronic check,77.18,1684.09,No
CUST-03181,Female,0,No,No,27,Yes,No,No,No internet service,No internet service,Two year,No,Electronic check,78.39,2256.96,No
CUST-03182,Male,0,Yes,No,67,Yes,No,Fiber optic,No,No,One year,No,Mailed check,40.98,2690.9,No
CUST-03183,Female,0,No,Yes,13,Yes,Yes,DSL,No,No,One year,Yes,Electronic check,27.41,380.68,No
CUST-03184,Male,0,Yes,Yes,45,Yes,Yes,DSL,Yes,No,Two year,No,Credit card (automatic),66.47,2880.32,No
CUST-03185,Female,0,Yes,No,10,Yes,No,Fiber optic,Yes,Yes,Month-to-month,Yes,Bank transfer (automatic),81.56,906.34,Yes
CUST-03186,Male,0,No,No,9,Yes,Yes,Fiber optic,No,No,Month-to-month,No,Credit card (automatic),29.5,171.59,Yes
CUST-03187,Male,0,Yes,Yes,54,Yes,Yes,DSL,No,No,One year,No,Bank transfer (automatic),115.05,6093.14,No
CUST-03188,Male,0,No,Yes,27,No,No phone service,No,No internet service,No internet service,Month-to-month,No,Credit card (automatic),118.04,3192.02,No
CUST-03189,Female,0,Yes,Yes,34,Yes,Yes,No,No internet service,No internet service,Month-to-month,Yes,Mailed check,74.55,2540.62,No
CUST-03190,Female,0,No,No,1,Yes,No,No,No internet service,No internet service,Month-to-month,Yes,Electronic check,115.01,185.97,No
CUST-03191,Male,0,No,Yes,32,Yes,No,No,No internet service,No internet service,One year,Yes,Credit card (automatic),37.94,1256.55,No
CUST-03192,Male,1,Yes,Yes,71,Yes,No,Fiber optic,Yes,Yes,Month-to-month,Yes,Credit card (automatic),22.54,1500.31,Yes
CUST-03193,Female,0,Yes,Yes,67,Yes,No,Fiber optic,Yes,No,Month-to-month,No,Credit card (automatic),23.94,1596.39,No
CUST-03194,Male,0,Yes,No,20,Yes,No,No,No internet service,No internet service,Month-to-month,Yes,Mailed check,78.75,1540.15,No
CUST-03195,Male,0,No,Yes,35,Yes,Yes,Fiber optic,No,No,Month-to-month,Yes,Electronic check,26.16,848.85,No
CUST-03196,Male,0,No,Yes,17,Yes,Yes,Fiber optic,No,No,Two year,No,Mailed check,115.85,1991.13,No
CUST-03197,Female,0,No,Yes,18,Yes,No,Fiber optic,No,Yes,One year,Yes,Credit card (automatic),34.19,667.57,No
CUST-03198,Female,0,No,No,45,Yes,No,No,No internet service,No internet service,Two year,No,Mailed check,50.47,2230.89,No
CUST-03199,Male,1,No,Yes,53,Yes,No,Fiber optic,Yes,Yes,Month-to-month,Yes,Bank transfer (automatic),102.25,5402.61,No
CUST-03200,Male,0,No,Yes,68,Yes,No,DSL,Yes,Yes,One year,Yes,Electronic check,41.87,2833.85,No
CUST-03201,Female,0,No,No,65,No,No phone service,Fiber optic,No,Yes,Month-to-month,No,Bank transfer (automatic),44.3,2846.45,No
CUST-03202,Male,0,Yes,Yes,1,Yes,Yes,DSL,No,No,Month-to-month,Yes,Credit card (automatic),84.23,62.86,No
CUST-03203,Male,0,No,No,58,Yes,No,No,No internet service,No internet service,Month-to-month,No,Bank transfer (automatic),47.61,2728.29,Yes
CUST-03204,Male,0,Yes,No,26,No,No phone service,No,No internet service,No internet service,Month-to-month,No,Credit card (automatic),41.74,1091.47,No
CUST-03205,Male,0,No,No,20,Yes,Yes,Fiber optic,Yes,No,Month-to-month,Yes,Electronic check,45.42,879.08,Yes
CUST-03206,Female,1,No,No,10,Yes,No,Fiber optic,No,Yes,One year,No,Mailed check,69.06,711.95,No
CUST-03207,Male,0,No,No,59,Yes,No,DSL,No,Yes,Month-to-month,No,Electronic check,116.61,6850.48,No
CUST-03208,Male,0,Yes,No,41,Yes,No,DSL,Yes,No,Two year,No,Electronic check,103.22,4264.36,No
CUST-03209,Male,0,No,Yes,5,Yes,No,DSL,No,No,Month-to-month,Yes,Bank transfer (automatic),48.46,211.72,No
CUST-03210,Female,1,No,No,65,Yes,Yes,Fiber optic,No,Yes,Two year,Yes,Bank transfer (automatic),56.34,3692.39,No
CUST-03211,Female,0,No,Yes,17,Yes,No,DSL,No,No,One year,Yes,Credit card (automatic),66.45,1087.22,No
CUST-03212,Female,1,Yes,No,22,Yes,Yes,DSL,No,No,Month-to-month,Yes,Electronic check,117.89,2637.85,No
CUST-03213,Male,0,Yes,Yes,41,Yes,Yes,DSL,Yes,No,One year,No,Credit card (automatic),37.24,1437.94,No
CUST-03214,Male,0,No,Yes,68,Yes,No,Fiber optic,No,Yes,Month-to-month,No,Electronic check,55.75,3790.71,No
CUST-03215,Male,0,No,No,69,Yes,No,Fiber optic,No,Yes,Month-to-month,No,Mailed check,92.94,6384.5,Yes
CUST-03216,Female,0,No,Yes,11,Yes,No,No,No internet service,No internet service,Month-to-month,Yes,Bank transfer (automatic),116.39,1277.98,Yes
CUST-03217,Female,0,Yes,Yes,56,Yes,No,DSL,No,No,Month-to-month,Yes,Bank transfer (automatic),35.57,1932.62,Yes
CUST-03218,Male,0,No,No,51,Yes,Yes,Fiber optic,Yes,No,Month-to-month,Yes,Credit card (automatic),42.74,2170.01,No
CUST-03219,Male,0,No,Yes,21,Yes,No,No,No internet service,No internet service,Month-to-month,Yes,Bank transfer (automatic),42.57,838.5,No
CUST-03220,Female,0,No,Yes,26,Yes,No,No,No internet service,No internet service,Two year,Yes,Electronic check,22.09,562.43,No
CUST-03221,Male,0,Yes,No,19,Yes,Yes,DSL,No,No,One year,No,Electronic check,80.41,1511.23,No
CUST-03222,Male,1,No,Yes,60,Yes,No,DSL,Yes,Yes,Two year,No,Mailed check,87.07,5240.7,No
CUST-03223,Male,0,No,Yes,71,Yes,No,DSL,No,No,One year,Yes,Bank transfer (automatic),80.25,5701.04,No
CUST-03224,Female,0,Yes,No,47,Yes,Yes,Fiber optic,Yes,Yes,Two year,No,Bank transfer (automatic),27.13,1369.03,No
CUST-03225,Male,0,No,Yes,71,Yes,No,Fiber optic,No,No,Month-to-month,No,Mailed check,26.92,1885.82,Yes
CUST-03226,Female,0,No,Yes,26,Yes,Yes,Fiber optic,Yes,Yes,One year,No,Mailed check,41.04,1060.41,No
CUST-03227,Male,0,No,No,40,Yes,No,Fiber optic,No,No,Month-to-month,Yes,Credit card (automatic),49.03,2120.42,Yes
CUST-03228,Female,0,Yes,Yes,5,Yes,Yes,Fiber optic,No,Yes,Month-to-month,No,Credit card (automatic),98.65,482.07,Yes
CUST-03229,Female,1,Yes,No,21,Yes,Yes,Fiber optic,No,Yes,Two year,Yes,Mailed check,35.94,802.4,No
CUST-03230,Female,0,No,No,4,Yes,No,Fiber optic,Yes,No,Month-to-month,No,Bank transfer (automatic),24.41,126.47,No
CUST-03231,Male,0,Yes,Yes,23,Yes,Yes,DSL,No,Yes,Month-to-month,Yes,Bank transfer (automatic),59.4,1482.94,No
CUST-03232,Male,0,No,Yes,15,Yes,No,Fiber optic,No,No,Month-to-month,Yes,Bank transfer (automatic),61.64,853.07,No
CUST-03233,Male,0,No,No,8,No,No phone service,DSL,Yes,No,Month-to-month,Yes,Bank transfer (automatic),65.09,443.49,No
CUST-03234,Female,1,Yes,No,41,Yes,No,DSL,No,No,Month-to-month,Yes,Mailed check,102.69,4154.4,No
CUST-03235,Female,0,Yes,No,19,Yes,No,DSL,Yes,No,Month-to-month,Yes,Mailed check,29.8,574.84,Yes
CUST-03236,Male,0,Yes,No,46,Yes,No,No,No internet service,No internet service,One year,Yes,Credit card (automatic),90.39,4107.77,No
CUST-03237,Female,0,No,Yes,28,Yes,No,No,No internet service,No internet service,One year,Yes,Mailed check,53.79,1399.45,No
CUST-03238,Female,0,No,No,68,Yes,No,No,No internet service,No internet service,Month-to-month,Yes,Bank transfer (automatic),51.0,3421.78,No
CUST-03239,Male,0,No,Yes,15,Yes,No,No,No internet service,No internet service,One year,No,Mailed check,113.25,1717.18,No
CUST-03240,Female,0,No,Yes,37,Yes,Yes,No,No internet service,No internet service,Month-to-month,Yes,Credit card (automatic),44.85,1614.27,Yes
CUST-03241,Male,0,Yes,Yes,1,No,No phone service,DSL,Yes,No,Two year,No,Bank transfer (automatic),84.25,141.37,No
CUST-03242,Male,1,No,Yes,67,Yes,Yes,DSL,Yes,Yes,Month-to-month,Yes,Mailed check,47.51,3126.9,No
CUST-03243,Female,0,Yes,Yes,24,No,No phone service,DSL,Yes,Yes,Two year,Yes,Mailed check,70.71,1697.75,No
CUST-03244,Male,0,No,Yes,27,Yes,Yes,No,No internet service,No internet service,Month-to-month,Yes,Electronic check,98.63,2643.46,Yes
CUST-03245,Female,0,No,Yes,40,Yes,Yes,No,No internet service,No internet service,Month-to-month,No,Bank transfer (automatic),108.17,4336.22,No
CUST-03246,Male,0,Yes,Yes,63,Yes,No,DSL,No,Yes,One year,No,Bank transfer (automatic),103.87,6558.25,No
CUST-03247,Male,0,Yes,No,61,Yes,No,No,No internet service,No internet service,Two year,Yes,Credit card (automatic),78.22,4850.68,No
CUST-03248,Male,0,No,Yes,36,Yes,Yes,DSL,Yes,No,Month-to-month,No,Credit card (automatic),44.88,1650.17,Yes
CUST-03249,Male,0,Yes,Yes,24,Yes,Yes,Fiber optic,Yes,Yes,Month-to-month,No,Credit card (automatic),86.12,2045.84,No
CUST-03250,Male,0,No,Yes,24,Yes,Yes,Fiber optic,Yes,No,Month-to-month,No,Credit card (automatic),90.99,2214.4,No
CUST-03251,Male,0,No,No,4,No,No phone service,DSL,No,No,Month-to-month,No,Electronic check,21.07,121.79,No
CUST-03252,Male,0,No,Yes,67,Yes,No,Fiber optic,No,Yes,Month-to-month,Yes,Credit card (automatic),63.92,4384.89,No
CUST-03253,Female,1,No,Yes,34,Yes,No,Fiber optic,Yes,No,Month-to-month,No,Electronic check,104.33,3539.36,No
CUST-03254,Male,0,Yes,Yes,57,Yes,No,Fiber optic,Yes,Yes,Month-to-month,No,Credit card (automatic),68.96,3926.57,No
CUST-03255,Male,0,Yes,Yes,49,Yes,No,Fiber optic,Yes,Yes,Month-to-month,No,Bank transfer (automatic),51.14,2571.47,No
CUST-03256,Female,0,Yes,No,53,No,No phone service,No,No internet service,No internet service,Two year,No,Electronic check,107.18,5580.61,No
CUST-03257,Female,0,Yes,No,23,Yes,No,Fiber optic,No,No,Two year,Yes,Bank transfer (automatic),35.59,808.34,No
CUST-03258,Male,0,No,Yes,69,Yes,Yes,DSL,Yes,No,Month-to-month,Yes,Credit card (automatic),40.64,2838.88,No
CUST-03259,Female,0,No,Yes,53,Yes,Yes,Fiber optic,No,No,Two year,Yes,Credit card (automatic),88.74,4755.58,No
CUST-03260,Male,0,Yes,No,62,No,No phone service,Fiber optic,No,Yes,Month-to-month,Yes,Electronic check,55.24,3314.41,No
CUST-03261,Male,0,Yes,No,41,Yes,Yes,DSL,Yes,No,One year,No,Credit card (automatic),91.3,3676.39,No
CUST-03262,Female,0,Yes,No,57,Yes,No,Fiber optic,Yes,No,Two year,No,Credit card (automatic),35.77,1914.26,No
CUST-03263,Female,0,No,No,60,Yes,No,Fiber optic,Yes,Yes,One year,No,Bank transfer (automatic),45.23,2757.45,No
CUST-03264,Male,0,Yes,No,54,Yes,No,No,No internet service,No internet service,Month-to-month,No,Electronic check,35.66,1935.86,No
CUST-03265,Female,0,No,No,70,Yes,No,DSL,No,Yes,Month-to-month,Yes,Credit card (automatic),115.29,8141.25,No
CUST-03266,Male,0,Yes,Yes,57,Yes,No,Fiber optic,No,No,One year,Yes,Credit card (automatic),60.54,3452.24,No
CUST-03267,Male,0,Yes,Yes,10,No,No phone service,DSL,No,No,Month-to-month,No,Credit card (automatic),53.72,649.25,No
CUST-03268,Female,0,No,No,40,Yes,No,No,No internet service,No internet service,Two year,Yes,Credit card (automatic),21.42,809.65,No
CUST-03269,Male,1,No,No,7,Yes,No,Fiber optic,No,No,Month-to-month,Yes,Credit card (automatic),35.34,229.02,Yes
CUST-03270,Female,0,Yes,No,38,Yes,No,No,No internet service,No internet service,One year,Yes,Bank transfer (automatic),62.11,2380.82,No
CUST-03271,Female,0,Yes,Yes,61,Yes,Yes,Fiber optic,Yes,No,Month-to-month,No,Mailed check,26.85,1602.21,No
CUST-03272,Female,0,No,No,3,Yes,Yes,DSL,Yes,Yes,One year,No,Electronic check,71.07,234.07,No
CUST-03273,Male,0,No,Yes,51,No,No phone service,Fiber optic,No,No,Month-to-month,Yes,Mailed check,65.5,3334.97,No
CUST-03274,Male,0,No,Yes,47,Yes,Yes,Fiber optic,Yes,No,One year,Yes,Electronic check,96.72,4537.39,No
CUST-03275,Male,0,No,No,68,No,No phone service,Fiber optic,Yes,Yes,Two year,No,Credit card (automatic),85.98,5840.38,Yes
CUST-03276,Female,0,No,No,38,Yes,Yes,Fiber optic,Yes,Yes,Month-to-month,Yes,Credit card (automatic),64.59,2489.69,No
CUST-03277,Male,0,Yes,Yes,36,Yes,Yes,Fiber optic,No,No,Month-to-month,Yes,Credit card (automatic),42.47,1511.78,No
CUST-03278,Female,0,No,Yes,41,Yes,No,Fiber optic,No,No,Two year,Yes,Electronic check,92.69,3744.29,No
CUST-03279,Female,0,Yes,Yes,69,Yes,No,Fiber optic,Yes,No,Month-to-month,No,Bank transfer (automatic),90.79,6267.87,No
CUST-03280,Male,0,No,No,13,Yes,Yes,DSL,No,Yes,Month-to-month,Yes,Bank transfer (automatic),35.33,427.59,No
CUST-03281,Female,0,No,No,58,Yes,Yes,No,No internet service,No internet service,Two year,Yes,Bank transfer (automatic),111.48,6415.88,No
CUST-03282,Male,0,Yes,No,50,Yes,Yes,Fiber optic,No,Yes,One year,No,Bank transfer (automatic),26.44,1235.45,No
CUST-03283,Female,0,Yes,Yes,30,Yes,Yes,Fiber optic,Yes,No,Month-to-month,No,Electronic check,25.5,811.56,Yes
CUST-03284,Male,0,No,No,62,Yes,Yes,DSL,No,Yes,Two year,Yes,Credit card (automatic),38.74,2435.0,No
CUST-03285,Female,0,No,No,25,No,No phone service,Fiber optic,Yes,No,Month-to-month,No,Credit card (automatic),110.95,2844.12,Yes
CUST-03286,Female,1,No,No,27,Yes,No,No,No internet service,No internet service,Month-to-month,No,Bank transfer (automatic),72.0,1944.14,Yes
CUST-03287,Male,0,Yes,Yes,51,Yes,Yes,Fiber optic,No,Yes,Two year,Yes,Electronic check,98.79,5092.22,No
CUST-03288,Male,0,Yes,No,57,Yes,No,Fiber optic,No,Yes,Month-to-month,Yes,Credit card (automatic),42.78,2391.28,No
CUST-03289,Male,0,No,No,47,Yes,No,No,No internet service,No internet service,Month-to-month,Yes,Bank transfer (automatic),69.02,3148.53,No
CUST-03290,Male,0,Yes,No,39,Yes,No,No,No internet service,No internet service,Month-to-month,No,Electronic check,55.83,2139.79,No
CUST-03291,Male,0,No,No,16,Yes,Yes,No,No internet service,No internet service,Month-to-month,No,Mailed check,102.78,1634.18,Yes
CUST-03292,Female,0,Yes,No,22,Yes,Yes,DSL,Yes,No,Two year,Yes,Credit card (automatic),22.26,507.74,No
CUST-03293,Female,0,No,Yes,54,No,No phone service,Fiber optic,No,No,Month-to-month,No,Bank transfer (automatic),44.38,2460.56,No
CUST-03294,Male,0,No,Yes,21,Yes,No,Fiber optic,No,Yes,Two year,No,Bank transfer (automatic),35.26,756.56,No
CUST-03295,Male,0,No,Yes,16,Yes,Yes,Fiber optic,No,Yes,Month-to-month,Yes,Bank transfer (automatic),105.92,1807.59,Yes
CUST-03296,Female,1,Yes,Yes,59,Yes,Yes,No,No internet service,No internet service,Two year,No,Bank transfer (automatic),66.75,3944.24,No
CUST-03297,Female,0,No,Yes,31,Yes,Yes,DSL,Yes,Yes,Month-to-month,No,Bank transfer (automatic),60.42,1878.06,No
CUST-03298,Male,0,No,No,42,Yes,Yes,No,No internet service,No internet service,Two year,No,Mailed check,64.95,2744.81,No
CUST-03299,Male,0,Yes,Yes,32,Yes,Yes,Fiber optic,Yes,Yes,One year,No,Electronic check,117.19,3769.03,No
CUST-03300,Male,0,Yes,Yes,59,Yes,No,Fiber optic,Yes,Yes,Two year,No,Electronic check,105.03,6215.0,No
CUST-03301,Female,0,No,No,34,Yes,Yes,Fiber optic,No,Yes,One year,No,Bank transfer (automatic),90.64,3020.15,No
CUST-03302,Female,0,No,Yes,9,Yes,No,Fiber optic,Yes,No,Month-to-month,Yes,Credit card (automatic),49.05,484.06,No
CUST-03303,Female,0,No,Yes,11,Yes,No,No,No internet service,No internet service,Month-to-month,Yes,Mailed check,36.52,527.0,No
CUST-03304,Female,0,No,Yes,10,Yes,No,Fiber optic,Yes,Yes,Month-to-month,Yes,Bank transfer (automatic),112.14,1077.25,No
CUST-03305,Male,0,Yes,Yes,17,Yes,No,Fiber optic,Yes,Yes,Month-to-month,No,Bank transfer (automatic),62.31,1057.21,No
CUST-03306,Male,0,No,No,68,Yes,Yes,Fiber optic,No,Yes,Two year,Yes,Bank transfer (automatic),47.88,3187.2,No
CUST-03307,Male,0,Yes,No,48,No,No phone service,DSL,Yes,No,Month-to-month,Yes,Bank transfer (automatic),67.09,3257.92,No
CUST-03308,Female,0,No,Yes,52,Yes,No,Fiber optic,Yes,Yes,One year,Yes,Electronic check,111.78,5850.11,No
CUST-03309,Female,0,No,Yes,25,Yes,Yes,Fiber optic,No,No,One year,No,Credit card (automatic),58.71,1392.55,No
CUST-03310,Male,1,No,No,21,No,No phone service,No,No internet service,No internet service,Two year,Yes,Credit card (automatic),76.26,1535.84,No
CUST-03311,Male,0,Yes,Yes,65,Yes,No,Fiber optic,No,No,One year,Yes,Bank transfer (automatic),100.3,6415.42,No
CUST-03312,Female,1,Yes,No,63,No,No phone service,Fiber optic,No,Yes,Month-to-month,No,Bank transfer (automatic),62.71,4029.25,Yes
CUST-03313,Male,0,Yes,No,51,Yes,Yes,Fiber optic,Yes,Yes,Two year,No,Bank transfer (automatic),43.35,2168.91,No
CUST-03314,Male,0,No,Yes,36,Yes,Yes,Fiber optic,No,Yes,One year,Yes,Bank transfer (automatic),119.45,4293.49,No
CUST-03315,Female,0,Yes,Yes,66,Yes,Yes,Fiber optic,No,Yes,One year,No,Mailed check,115.66,7615.23,No
CUST-03316,Male,0,No,Yes,15,Yes,Yes,Fiber optic,No,No,Month-to-month,No,Credit card (automatic),104.35,1614.67,No
CUST-03317,Female,0,No,Yes,39,Yes,No,Fiber optic,Yes,No,Month-to-month,Yes,Mailed check,88.84,3497.77,Yes
CUST-03318,Male,0,No,Yes,70,Yes,Yes,DSL,Yes,Yes,Two year,Yes,Electronic check,49.49,3494.64,No
CUST-03319,Male,0,No,Yes,1,Yes,Yes,Fiber optic,Yes,Yes,Month-to-month,Yes,Mailed check,111.34,70.74,Yes
CUST-03320,Male,0,No,Yes,23,Yes,Yes,No,No internet service,No internet service,One year,Yes,Mailed check,47.56,1127.94,No
CUST-03321,Female,0,No,Yes,39,Yes,Yes,DSL,Yes,No,Two year,No,Mailed check,100.08,3949.54,No
CUST-03322,Female,1,No,Yes,57,Yes,No,Fiber optic,No,Yes,Month-to-month,Yes,Electronic check,111.83,6406.89,Yes
CUST-03323,Female,0,No,Yes,34,Yes,Yes,No,No internet service,No internet service,Month-to-month,No,Credit card (automatic),80.3,2665.75,No
CUST-03324,Female,0,Yes,No,41,Yes,No,DSL,Yes,No,Month-to-month,No,Mailed check,100.31,4056.22,No
CUST-03325,Male,1,No,Yes,13,Yes,Yes,DSL,Yes,Yes,Two year,Yes,Credit card (automatic),99.17,1376.07,No
CUST-03326,Female,0,Yes,Yes,70,Yes,No,Fiber optic,No,No,Month-to-month,No,Credit card (automatic),39.32,2849.6,No
CUST-03327,Male,0,No,No,6,Yes,Yes,No,No internet service,No internet service,Two year,Yes,Electronic check,86.79,517.24,No
CUST-03328,Male,0,No,No,52,Yes,Yes,No,No internet service,No internet service,Month-to-month,Yes,Credit card (automatic),29.35,1522.64,No
CUST-03329,Male,1,No,Yes,3,Yes,No,DSL,No,Yes,Two year,No,Electronic check,70.79,220.24,No
CUST-03330,Male,0,No,No,63,No,No phone service,No,No internet service,No internet service,Two year,Yes,Mailed check,36.22,2310.81,No
CUST-03331,Male,0,Yes,Yes,49,Yes,No,Fiber optic,No,Yes,Month-to-month,No,Credit card (automatic),61.63,2947.74,No
CUST-03332,Male,0,Yes,No,47,Yes,Yes,No,No internet service,No internet service,Month-to-month,No,Bank transfer (automatic),103.3,4866.62,No
CUST-03333,Male,1,Yes,No,55,Yes,No,DSL,No,No,Two year,Yes,Bank transfer (automatic),118.72,6478.06,No
CUST-03334,Female,1,Yes,No,64,Yes,No,Fiber optic,Yes,Yes,Two year,No,Bank transfer (automatic),51.8,3314.19,No
CUST-03335,Male,0,Yes,Yes,65,Yes,Yes,No,No internet service,No internet service,Two year,No,Mailed check,73.2,4713.81,No
CUST-03336,Female,1,Yes,No,67,Yes,No,No,No internet service,No internet service,Month-to-month,Yes,Credit card (automatic),71.13,4733.3,No
CUST-03337,Male,0,No,No,15,Yes,Yes,DSL,No,Yes,Month-to-month,No,Credit card (automatic),115.44,1740.68,No
CUST-03338,Female,0,No,No,32,Yes,No,DSL,Yes,Yes,Month-to-month,No,Credit card (automatic),67.86,2140.65,No
CUST-03339,Male,1,Yes,No,68,Yes,Yes,No,No internet service,No internet service,Month-to-month,No,Credit card (automatic),89.91,6058.94,Yes
CUST-03340,Female,0,Yes,No,18,Yes,No,DSL,No,Yes,One year,Yes,Bank transfer (automatic),112.18,2091.92,No
CUST-03341,Male,0,Yes,No,43,Yes,No,DSL,Yes,Yes,Two year,No,Mailed check,57.34,2411.39,No
CUST-03342,Female,0,No,Yes,35,Yes,Yes,Fiber optic,Yes,No,Month-to-month,Yes,Mailed check,110.21,3741.83,No
CUST-03343,Female,0,No,Yes,58,Yes,No,DSL,No,Yes,Two year,Yes,Mailed check,111.75,6509.94,No
CUST-03344,Female,0,No,Yes,33,Yes,Yes,DSL,Yes,Yes,One year,No,Credit card (automatic),113.07,3716.83,No
CUST-03345,Male,1,No,No,14,Yes,Yes,No,No internet service,No internet service,Month-to-month,No,Credit card (automatic),47.04,657.09,No
CUST-03346,Male,0,No,No,34,Yes,Yes,DSL,Yes,No,Two year,No,Electronic check,60.04,2049.27,No
CUST-03347,Female,1,Yes,No,61,Yes,Yes,DSL,Yes,No,Month-to-month,Yes,Credit card (automatic),107.04,6592.97,No
CUST-03348,Female,0,No,Yes,4,Yes,Yes,Fiber optic,No,Yes,Month-to-month,No,Credit card (automatic),55.92,316.87,No
CUST-03349,Male,0,Yes,No,59,Yes,Yes,Fiber optic,No,No,Month-to-month,No,Mailed check,80.03,4734.44,No
CUST-03350,Male,0,No,No,29,Yes,Yes,Fiber optic,Yes,Yes,Month-to-month,Yes,Electronic check,31.81,863.7,Yes
CUST-03351,Male,0,Yes,No,6,Yes,Yes,No,No internet service,No internet service,Month-to-month,No,Electronic check,25.63,161.08,No
CUST-03352,Male,0,No,No,49,Yes,Yes,DSL,No,No,Two year,No,Credit card (automatic),61.2,3028.26,No
CUST-03353,Male,0,No,No,40,Yes,Yes,No,No internet service,No internet service,Two year,No,Mailed check,77.89,3165.78,No
CUST-03354,Female,0,No,No,65,Yes,Yes,Fiber optic,Yes,Yes,Two year,Yes,Credit card (automatic),59.27,3859.41,No
CUST-03355,Female,0,No,Yes,69,No,No phone service,Fiber optic,No,No,Two year,Yes,Electronic check,77.77,5338.1,No
CUST-03356,Female,0,No,Yes,27,Yes,Yes,DSL,Yes,Yes,One year,No,Electronic check,71.51,1885.43,No
CUST-03357,Female,0,Yes,Yes,6,Yes,Yes,DSL,Yes,No,One year,No,Mailed check,88.57,525.59,No
CUST-03358,Male,0,No,No,13,Yes,Yes,DSL,Yes,Yes,Month-to-month,Yes,Mailed check,84.95,1029.3,Yes
CUST-03359,Male,0,No,Yes,64,Yes,No,Fiber optic,No,No,Month-to-month,No,Bank transfer (automatic),62.42,4014.6,No
CUST-03360,Female,0,No,No,62,No,No phone service,DSL,Yes,Yes,Two year,No,Credit card (automatic),62.5,3883.87,No
CUST-03361,Male,0,No,No,19,Yes,Yes,Fiber optic,No,No,Month-to-month,Yes,Credit card (automatic),34.08,656.14,No
CUST-03362,Male,0,No,Yes,43,Yes,Yes,Fiber optic,Yes,Yes,Month-to-month,No,Credit card (automatic),71.32,3102.64,No
CUST-03363,Female,1,No,No,20,Yes,No,Fiber optic,Yes,No,Month-to-month,Yes,Electronic check,78.72,1646.95,Yes
CUST-03364,Female,0,No,Yes,68,Yes,Yes,DSL,No,Yes,One year,Yes,Mailed check,67.65,4596.68,No
CUST-03365,Male,0,No,Yes,44,Yes,No,DSL,Yes,Yes,Month-to-month,Yes,Credit card (automatic),52.57,2316.93,No
CUST-03366,Female,1,No,Yes,23,Yes,Yes,No,No internet service,No internet service,One year,Yes,Mailed check,92.16,2101.2,No
CUST-03367,Male,0,Yes,No,2,No,No phone service,DSL,No,Yes,Two year,No,Mailed check,27.47,82.52,No
CUST-03368,Female,1,Yes,No,22,Yes,No,Fiber optic,No,Yes,Month-to-month,No,Credit card (automatic),111.44,2451.3,Yes
CUST-03369,Male,0,No,No,57,Yes,No,DSL,Yes,No,Month-to-month,No,Mailed check,22.06,1315.17,Yes
CUST-03370,Female,0,No,Yes,7,Yes,No,Fiber optic,No,No,Month-to-month,Yes,Mailed check,116.24,870.38,Yes
CUST-03371,Male,0,No,Yes,56,Yes,Yes,Fiber optic,Yes,Yes,Month-to-month,Yes,Electronic check,66.24,3725.24,Yes
CUST-03372,Male,0,No,Yes,67,No,No phone service,Fiber optic,No,Yes,Month-to-month,No,Credit card (automatic),61.27,4101.11,No
CUST-03373,Male,1,No,No,16,Yes,No,Fiber optic,No,No,One year,No,Credit card (automatic),45.64,716.58,No
CUST-03374,Female,1,Yes,No,51,Yes,Yes,Fiber optic,No,No,Month-to-month,No,Credit card (automatic),21.01,1095.53,Yes
CUST-03375,Male,1,No,No,12,Yes,Yes,Fiber optic,Yes,Yes,Month-to-month,Yes,Electronic check,47.48,593.91,No
CUST-03376,Male,1,Yes,No,53,Yes,Yes,Fiber optic,Yes,No,Two year,Yes,Mailed check,30.94,1626.14,No
CUST-03377,Female,1,No,Yes,5,Yes,No,Fiber optic,No,No,Month-to-month,No,Credit card (automatic),85.98,444.32,No
CUST-03378,Female,0,No,No,27,Yes,Yes,DSL,No,Yes,Month-to-month,Yes,Bank transfer (automatic),51.91,1362.86,Yes
CUST-03379,Male,0,No,No,12,Yes,Yes,DSL,No,No,Month-to-month,Yes,Bank transfer (automatic),96.72,1183.19,No
CUST-03380,Male,0,No,Yes,17,Yes,No,Fiber optic,Yes,Yes,Month-to-month,Yes,Electronic check,40.69,657.22,No
CUST-03381,Female,0,Yes,No,6,Yes,Yes,DSL,Yes,No,Month-to-month,No,Credit card (automatic),110.02,698.72,No
CUST-03382,Female,0,Yes,No,5,Yes,Yes,Fiber optic,Yes,No,One year,No,Mailed check,72.3,345.66,No
CUST-03383,Male,1,Yes,Yes,57,Yes,No,DSL,Yes,Yes,Month-to-month,No,Electronic check,31.45,1876.34,No
CUST-03384,Male,0,Yes,No,28,Yes,No,DSL,Yes,Yes,Month-to-month,Yes,Mailed check,60.08,1684.19,No
CUST-03385,Female,0,Yes,Yes,69,Yes,No,DSL,Yes,Yes,Month-to-month,Yes,Mailed check,40.68,2818.82,No
CUST-03386,Male,0,No,No,59,Yes,No,DSL,No,Yes,One year,Yes,Bank transfer (automatic),39.97,2288.3,No
CUST-03387,Male,0,No,Yes,33,Yes,No,DSL,No,No,Month-to-month,No,Credit card (automatic),70.64,2401.45,No
CUST-03388,Male,1,Yes,No,62,Yes,Yes,Fiber optic,No,No,Month-to-month,No,Mailed check,87.19,5403.88,Yes
CUST-03389,Female,0,No,Yes,50,Yes,No,Fiber optic,No,Yes,Two year,No,Mailed check,111.16,5644.98,No
CUST-03390,Female,1,No,No,19,Yes,No,DSL,Yes,No,Month-to-month,No,Mailed check,70.22,1336.59,No
CUST-03391,Male,0,No,No,69,Yes,Yes,Fiber optic,No,Yes,Month-to-month,No,Mailed check,116.58,8033.31,Yes
CUST-03392,Male,0,Yes,Yes,66,Yes,No,Fiber optic,Yes,No,One year,No,Electronic check,114.16,7508.99,No
CUST-03393,Male,1,Yes,Yes,47,Yes,No,DSL,No,No,Month-to-month,No,Mailed check,106.51,5038.08,No
CUST-03394,Female,0,Yes,Yes,39,Yes,Yes,DSL,No,Yes,One year,Yes,Bank transfer (automatic),70.0,2756.04,No
CUST-03395,Male,0,Yes,No,68,Yes,Yes,DSL,No,No,One year,Yes,Electronic check,34.09,2251.42,No
CUST-03396,Female,0,No,Yes,33,Yes,Yes,No,No internet service,No internet service,Month-to-month,No,Bank transfer (automatic),41.79,1350.63,Yes
CUST-03397,Male,0,No,No,13,Yes,Yes,Fiber optic,No,Yes,One year,No,Mailed check,84.77,1138.13,No
CUST-03398,Female,0,No,Yes,54,Yes,Yes,Fiber optic,No,Yes,Two year,Yes,Credit card (automatic),62.18,3325.5,No
CUST-03399,Male,0,No,No,7,No,No phone service,Fiber optic,No,Yes,One year,No,Bank transfer (automatic),34.68,201.91,No
CUST-03400,Female,1,No,No,14,Yes,No,No,No internet service,No internet service,Month-to-month,Yes,Credit card (automatic),67.9,960.41,Yes
CUST-03401,Female,0,No,Yes,19,Yes,Yes,DSL,No,No,Month-to-month,No,Electronic check,21.74,417.42,No
CUST-03402,Male,0,Yes,No,54,Yes,Yes,No,No internet service,No internet service,Two year,No,Bank transfer (automatic),93.39,5019.86,No
CUST-03403,Female,1,No,Yes,20,Yes,Yes,Fiber optic,No,No,One year,No,Mailed check,27.36,635.57,Yes
CUST-03404,Male,1,No,Yes,29,Yes,Yes,Fiber optic,No,No,Month-to-month,No,Mailed check,82.91,2396.94,No
CUST-03405,Female,0,No,Yes,24,Yes,No,DSL,No,Yes,Two year,Yes,Credit card (automatic),99.3,2319.95,No
CUST-03406,Male,0,No,No,63,Yes,Yes,Fiber optic,Yes,No,Month-to-month,No,Credit card (automatic),33.26,2014.43,No
CUST-03407,Female,0,No,No,57,No,No phone service,Fiber optic,No,No,One year,Yes,Bank transfer (automatic),71.86,4147.14,No
CUST-03408,Female,0,Yes,No,8,No,No phone service,Fiber optic,Yes,No,One year,Yes,Credit card (automatic),97.91,728.41,No
CUST-03409,Male,0,No,No,62,Yes,Yes,Fiber optic,Yes,Yes,Two year,Yes,Mailed check,46.06,2857.24,No
CUST-03410,Female,0,No,Yes,29,No,No phone service,No,No internet service,No internet service,Month-to-month,Yes,Credit card (automatic),36.29,1008.71,Yes
CUST-03411,Male,0,Yes,No,17,Yes,Yes,DSL,Yes,No,One year,Yes,Electronic check,53.68,907.45,No
CUST-03412,Male,0,Yes,Yes,66,Yes,No,Fiber optic,No,No,Month-to-month,Yes,Electronic check,75.47,4998.42,Yes
CUST-03413,Male,0,No,No,6,Yes,No,No,No internet service,No internet service,Month-to-month,No,Electronic check,77.53,396.9,No
CUST-03414,Female,0,No,No,58,Yes,No,No,No internet service,No internet service,One year,Yes,Credit card (automatic),33.09,1896.43,No
CUST-03415,Female,0,Yes,No,69,Yes,No,DSL,Yes,No,Month-to-month,No,Bank transfer (automatic),65.76,4503.76,No
CUST-03416,Female,0,No,No,28,Yes,Yes,No,No internet service,No internet service,Month-to-month,No,Bank transfer (automatic),46.83,1262.97,No
CUST-03417,Male,0,Yes,Yes,62,No,No phone service,DSL,No,No,Month-to-month,No,Credit card (automatic),104.2,6441.62,No
CUST-03418,Male,0,Yes,No,41,Yes,Yes,No,No internet service,No internet service,Month-to-month,No,Credit card (automatic),51.36,2074.57,No
CUST-03419,Female,0,Yes,Yes,69,No,No phone service,DSL,No,No,Month-to-month,Yes,Electronic check,103.87,7210.68,No
CUST-03420,Male,0,No,Yes,41,Yes,Yes,Fiber optic,No,Yes,Month-to-month,Yes,Credit card (automatic),62.86,2541.47,No
CUST-03421,Female,0,Yes,No,49,Yes,No,DSL,Yes,Yes,One year,No,Bank transfer (automatic),92.66,4562.88,No
CUST-03422,Female,0,Yes,No,49,Yes,Yes,Fiber optic,Yes,No,Month-to-month,Yes,Electronic check,71.01,3500.28,Yes
CUST-03423,Male,0,No,Yes,71,Yes,No,Fiber optic,Yes,No,Two year,Yes,Credit card (automatic),82.2,5761.14,No
CUST-03424,Male,1,Yes,No,3,Yes,Yes,No,No internet service,No internet service,Month-to-month,No,Mailed check,59.54,153.34,Yes
CUST-03425,Male,0,Yes,No,10,Yes,Yes,Fiber optic,No,Yes,One year,Yes,Bank transfer (automatic),96.82,962.7,No
CUST-03426,Male,0,No,Yes,35,Yes,No,No,No internet service,No internet service,Month-to-month,Yes,Electronic check,62.52,2201.47,No
CUST-03427,Female,0,No,No,2,Yes,No,Fiber optic,No,Yes,Two year,No,Electronic check,65.75,119.68,No
CUST-03428,Male,0,No,No,24,Yes,No,Fiber optic,No,Yes,Month-to-month,Yes,Electronic check,71.77,1774.58,No
CUST-03429,Male,0,No,No,38,Yes,No,Fiber optic,No,No,One year,Yes,Bank transfer (automatic),103.18,3926.08,No
CUST-03430,Male,0,No,Yes,22,Yes,No,DSL,No,No,Month-to-month,Yes,Mailed check,85.94,1912.96,No
CUST-03431,Female,0,No,Yes,26,No,No phone service,Fiber optic,No,No,Month-to-month,Yes,Credit card (automatic),54.92,1398.31,No
CUST-03432,Male,0,No,Yes,43,Yes,Yes,No,No internet service,No internet service,Month-to-month,No,Bank transfer (automatic),87.03,3765.29,No
CUST-03433,Male,0,No,No,55,Yes,No,No,No internet service,No internet service,Month-to-month,No,Electronic check,84.24,4730.02,Yes
CUST-03434,Female,0,No,No,39,Yes,No,Fiber optic,No,Yes,Month-to-month,No,Credit card (automatic),113.1,4437.23,No
CUST-03435,Female,0,No,Yes,29,Yes,No,DSL,No,No,Month-to-month,Yes,Bank transfer (automatic),104.14,3075.21,No
CUST-03436,Female,0,No,No,20,Yes,No,Fiber optic,No,No,Two year,Yes,Mailed check,84.74,1680.22,No
CUST-03437,Male,0,No,Yes,41,Yes,No,Fiber optic,Yes,No,Month-to-month,No,Mailed check,54.15,2266.36,No
CUST-03438,Female,0,No,Yes,54,Yes,Yes,DSL,Yes,No,One year,Yes,Credit card (automatic),97.96,5340.42,No
CUST-03439,Female,1,No,No,20,Yes,Yes,DSL,Yes,No,One year,No,Credit card (automatic),77.52,1562.67,No
CUST-03440,Male,0,Yes,Yes,19,Yes,Yes,Fiber optic,Yes,Yes,One year,Yes,Bank transfer (automatic),118.53,2248.33,No
CUST-03441,Male,0,No,No,66,Yes,No,Fiber optic,No,No,One year,No,Mailed check,44.75,2878.75,No
CUST-03442,Female,0,No,No,30,Yes,No,Fiber optic,Yes,Yes,One year,No,Bank transfer (automatic),27.97,837.48,No
CUST-03443,Male,0,Yes,No,53,Yes,No,No,No internet service,No internet service,One year,Yes,Bank transfer (automatic),26.99,1458.73,Yes
CUST-03444,Male,0,Yes,Yes,34,Yes,Yes,Fiber optic,No,No,Two year,Yes,Credit card (automatic),84.0,2817.74,No
CUST-03445,Female,0,Yes,No,22,Yes,No,No,No internet service,No internet service,One year,No,Mailed check,113.93,2442.96,No
CUST-03446,Male,0,No,No,67,Yes,No,Fiber optic,No,No,Month-to-month,No,Electronic check,20.19,1357.83,No
CUST-03447,Male,0,Yes,No,6,Yes,No,DSL,Yes,No,Month-to-month,Yes,Bank transfer (automatic),92.58,567.01,Yes
CUST-03448,Female,0,No,No,27,Yes,Yes,Fiber optic,No,Yes,Month-to-month,Yes,Electronic check,85.71,2246.8,No
CUST-03449,Female,0,No,Yes,10,Yes,Yes,No,No internet service,No internet service,Two year,Yes,Mailed check,93.23,934.34,No
CUST-03450,Male,0,Yes,Yes,48,Yes,Yes,DSL,No,No,Two year,Yes,Electronic check,55.54,2680.42,No
CUST-03451,Female,0,Yes,No,70,Yes,Yes,Fiber optic,No,Yes,Month-to-month,No,Bank transfer (automatic),102.05,7209.57,No
CUST-03452,Female,0,Yes,No,59,Yes,Yes,Fiber optic,No,Yes,Two year,No,Mailed check,24.47,1419.9,No
CUST-03453,Male,0,No,Yes,59,Yes,Yes,DSL,Yes,No,Month-to-month,No,Bank transfer (automatic),95.54,5741.18,No
CUST-03454,Male,1,Yes,No,2,Yes,No,Fiber optic,Yes,Yes,Month-to-month,No,Mailed check,46.71,96.11,No
CUST-03455,Male,1,Yes,No,29,Yes,No,DSL,No,No,One year,Yes,Bank transfer (automatic),67.68,1902.62,Yes
CUST-03456,Female,1,Yes,Yes,68,Yes,No,DSL,Yes,Yes,One year,Yes,Electronic check,102.26,6937.17,No
CUST-03457,Female,0,Yes,Yes,65,Yes,Yes,Fiber optic,Yes,No,Month-to-month,No,Bank transfer (automatic),47.14,3008.46,Yes
CUST-03458,Male,0,Yes,No,26,Yes,Yes,DSL,No,No,Two year,Yes,Electronic check,38.52,993.16,No
CUST-03459,Male,0,Yes,Yes,10,Yes,Yes,Fiber optic,Yes,No,Month-to-month,No,Bank transfer (automatic),88.13,904.72,No
CUST-03460,Male,0,Yes,Yes,53,Yes,Yes,No,No internet service,No internet service,Month-to-month,No,Bank transfer (automatic),73.34,3900.43,No
CUST-03461,Male,0,Yes,No,59,No,No phone service,Fiber optic,No,No,Month-to-month,No,Bank transfer (automatic),71.44,4158.45,No
CUST-03462,Female,0,No,No,22,Yes,No,No,No internet service,No internet service,Two year,No,Bank transfer (automatic),45.68,942.24,No
CUST-03463,Female,0,Yes,Yes,51,Yes,Yes,No,No internet service,No internet service,Month-to-month,Yes,Credit card (automatic),23.49,1218.96,No
CUST-03464,Female,0,No,No,48,Yes,Yes,DSL,Yes,No,Two year,Yes,Bank transfer (automatic),61.03,2961.64,No
CUST-03465,Female,0,Yes,No,21,Yes,Yes,Fiber optic,No,Yes,Two year,No,Credit card (automatic),30.66,619.41,No
CUST-03466,Female,0,No,Yes,22,Yes,No,No,No internet service,No internet service,Month-to-month,No,Mailed check,110.6,2306.32,No
CUST-03467,Female,0,No,No,30,Yes,Yes,DSL,No,No,Two year,No,Electronic check,24.13,665.98,No
CUST-03468,Male,0,No,Yes,25,Yes,No,Fiber optic,Yes,Yes,Month-to-month,Yes,Electronic check,63.17,1628.57,No
CUST-03469,Female,0,Yes,Yes,28,Yes,No,Fiber optic,Yes,Yes,Two year,Yes,Credit card (automatic),25.22,669.23,No
CUST-03470,Female,0,No,No,65,Yes,Yes,No,No internet service,No internet service,Month-to-month,Yes,Mailed check,29.55,1903.39,Yes
CUST-03471,Female,0,No,Yes,45,Yes,Yes,DSL,No,No,One year,No,Bank transfer (automatic),85.89,3892.72,No
CUST-03472,Female,0,Yes,No,68,Yes,Yes,DSL,Yes,No,Month-to-month,Yes,Electronic check,84.71,5744.97,No
CUST-03473,Male,0,Yes,No,7,Yes,No,DSL,No,Yes,Month-to-month,No,Credit card (automatic),23.31,233.04,No
CUST-03474,Male,0,No,No,49,Yes,No,DSL,No,Yes,Two year,Yes,Mailed check,20.11,966.72,No
CUST-03475,Female,0,Yes,No,9,Yes,No,DSL,Yes,No,Two year,Yes,Mailed check,27.88,207.89,No
CUST-03476,Male,1,Yes,Yes,36,Yes,No,Fiber optic,No,No,Two year,No,Credit card (automatic),96.3,3525.91,No
CUST-03477,Male,0,Yes,No,1,Yes,No,Fiber optic,No,No,Month-to-month,Yes,Mailed check,78.46,80.85,No
CUST-03478,Male,0,No,Yes,10,Yes,No,Fiber optic,Yes,Yes,Two year,Yes,Electronic check,23.81,184.18,No
CUST-03479,Male,0,No,No,36,Yes,Yes,Fiber optic,Yes,No,Month-to-month,No,Credit card (automatic),68.81,2500.75,Yes
CUST-03480,Female,0,Yes,No,46,Yes,Yes,No,No internet service,No internet service,Two year,No,Credit card (automatic),91.2,4180.48,No
CUST-03481,Female,0,No,Yes,32,Yes,Yes,Fiber optic,Yes,No,Two year,No,Mailed check,106.9,3363.51,No
CUST-03482,Female,0,Yes,Yes,32,Yes,No,Fiber optic,No,Yes,Two year,No,Credit card (automatic),113.4,3633.56,No
CUST-03483,Female,0,Yes,No,6,Yes,Yes,Fiber optic,Yes,No,One year,No,Credit card (automatic),52.74,308.54,No
CUST-03484,Female,0,Yes,Yes,48,Yes,Yes,No,No internet service,No internet service,Two year,Yes,Mailed check,33.58,1527.47,No
CUST-03485,Male,0,Yes,Yes,38,Yes,Yes,DSL,No,Yes,Two year,Yes,Credit card (automatic),43.69,1607.25,No
CUST-03486,Female,0,Yes,Yes,17,Yes,No,No,No internet service,No internet service,Month-to-month,Yes,Electronic check,97.62,1752.81,No
CUST-03487,Female,0,No,No,27,No,No phone service,No,No internet service,No internet service,Month-to-month,Yes,Credit card (automatic),117.15,3167.12,No
CUST-03488,Male,1,Yes,No,54,Yes,Yes,Fiber optic,Yes,No,Month-to-month,Yes,Mailed check,66.64,3665.89,No
CUST-03489,Male,0,No,No,50,Yes,No,Fiber optic,Yes,Yes,One year,No,Credit card (automatic),50.54,2542.44,No
CUST-03490,Female,0,Yes,Yes,35,Yes,Yes,No,No internet service,No internet service,Month-to-month,Yes,Electronic check,62.92,2264.06,No
CUST-03491,Male,0,Yes,No,25,Yes,Yes,Fiber optic,Yes,Yes,Two year,Yes,Bank transfer (automatic),50.48,1289.79,No
CUST-03492,Female,0,No,No,28,Yes,No,Fiber optic,Yes,Yes,Month-to-month,Yes,Electronic check,45.65,1230.88,Yes
CUST-03493,Male,0,No,Yes,15,Yes,Yes,Fiber optic,Yes,No,Month-to-month,Yes,Credit card (automatic),79.38,1221.04,Yes
CUST-03494,Female,1,No,No,4,Yes,No,Fiber optic,Yes,No,Month-to-month,Yes,Electronic check,21.57,38.64,No
CUST-03495,Female,0,No,No,27,Yes,No,Fiber optic,No,Yes,Month-to-month,No,Bank transfer (automatic),45.96,1287.39,No
CUST-03496,Female,0,Yes,No,26,Yes,Yes,DSL,Yes,No,Month-to-month,No,Mailed check,86.14,2250.53,No
CUST-03497,Female,1,Yes,Yes,19,Yes,No,DSL,Yes,Yes,Month-to-month,No,Mailed check,23.21,441.93,Yes
CUST-03498,Male,1,No,Yes,17,Yes,Yes,Fiber optic,No,No,Two year,No,Mailed check,28.32,459.51,No
CUST-03499,Female,0,No,No,43,Yes,Yes,DSL,No,No,Month-to-month,No,Electronic check,49.34,2161.54,No
CUST-03500,Female,0,No,No,41,Yes,Yes,DSL,Yes,No,Month-to-month,Yes,Bank transfer (automatic),107.78,4411.1,No
CUST-03501,Female,0,No,Yes,42,Yes,Yes,Fiber optic,Yes,No,Month-to-month,No,Bank transfer (automatic),96.49,3957.09,No
CUST-03502,Female,0,No,Yes,50,Yes,Yes,DSL,No,No,One year,Yes,Mailed check,22.22,1025.29,No
CUST-03503,Male,1,No,Yes,40,Yes,No,DSL,No,No,Month-to-month,Yes,Mailed check,70.17,2743.34,No
CUST-03504,Male,0,No,No,39,Yes,No,DSL,Yes,No,Month-to-month,Yes,Mailed check,47.47,1890.54,Yes
CUST-03505,Female,0,No,No,23,Yes,Yes,Fiber optic,Yes,No,Month-to-month,Yes,Credit card (automatic),84.86,1994.79,Yes
CUST-03506,Female,0,Yes,Yes,52,Yes,No,DSL,Yes,Yes,One year,No,Credit card (automatic),92.16,4808.57,No
CUST-03507,Male,0,Yes,Yes,47,Yes,Yes,Fiber optic,Yes,No,One year,No,Bank transfer (automatic),106.29,5011.35,No
CUST-03508,Female,0,No,No,63,Yes,Yes,Fiber optic,No,Yes,One year,Yes,Mailed check,67.54,4327.33,No
CUST-03509,Female,0,Yes,Yes,69,Yes,Yes,DSL,No,Yes,Month-to-month,No,Bank transfer (automatic),119.45,8259.19,No
CUST-03510,Male,0,No,No,43,Yes,Yes,DSL,No,Yes,Month-to-month,No,Electronic check,118.0,5105.91,No
CUST-03511,Male,0,Yes,Yes,48,Yes,No,No,No internet service,No internet service,Month-to-month,No,Credit card (automatic),108.22,5194.02,No
CUST-03512,Male,0,No,No,34,Yes,Yes,DSL,Yes,No,Month-to-month,No,Mailed check,77.49,2611.61,No
CUST-03513,Female,0,Yes,Yes,40,Yes,Yes,Fiber optic,No,Yes,Month-to-month,No,Electronic check,59.8,2377.99,No
CUST-03514,Female,0,No,No,61,Yes,Yes,DSL,No,No,One year,Yes,Bank transfer (automatic),56.44,3545.38,No
CUST-03515,Female,0,Yes,Yes,50,Yes,Yes,DSL,Yes,Yes,Two year,Yes,Electronic check,21.21,1006.16,No
CUST-03516,Female,0,Yes,No,67,Yes,No,DSL,No,No,Month-to-month,Yes,Credit card (automatic),44.92,3025.36,No
CUST-03517,Male,0,No,No,62,No,No phone service,Fiber optic,No,Yes,Month-to-month,No,Electronic check,91.88,5620.79,No
CUST-03518,Male,0,Yes,No,58,Yes,No,Fiber optic,Yes,No,Month-to-month,No,Mailed check,80.36,4630.35,No
CUST-03519,Male,0,Yes,Yes,33,Yes,No,Fiber optic,No,Yes,Month-to-month,No,Mailed check,111.64,3722.81,Yes
CUST-03520,Male,0,Yes,No,16,Yes,No,No,No internet service,No internet service,Month-to-month,Yes,Credit card (automatic),25.0,309.5,No
CUST-03521,Female,0,Yes,No,48,Yes,No,Fiber optic,Yes,Yes,Month-to-month,No,Bank transfer (automatic),35.53,1750.68,Yes
CUST-03522,Female,0,No,No,10,Yes,Yes,No,No internet service,No internet service,Month-to-month,Yes,Bank transfer (automatic),98.92,1091.58,Yes
CUST-03523,Male,0,No,Yes,38,No,No phone service,DSL,Yes,Yes,One year,No,Bank transfer (automatic),55.85,2140.56,No
CUST-03524,Female,0,No,Yes,19,Yes,No,Fiber optic,No,Yes,One year,No,Bank transfer (automatic),31.83,667.87,No
CUST-03525,Male,1,Yes,Yes,36,Yes,No,No,No internet service,No internet service,Month-to-month,No,Electronic check,119.65,4319.8,No
CUST-03526,Male,0,No,No,59,Yes,No,Fiber optic,No,No,Month-to-month,Yes,Bank transfer (automatic),98.73,5860.62,No
CUST-03527,Female,0,Yes,Yes,63,Yes,No,Fiber optic,Yes,No,Month-to-month,Yes,Credit card (automatic),60.87,3857.5,No
CUST-03528,Female,0,Yes,No,46,Yes,Yes,Fiber optic,No,Yes,Two year,Yes,Electronic check,102.33,4681.68,No
CUST-03529,Female,0,Yes,Yes,3,Yes,Yes,DSL,No,Yes,One year,Yes,Bank transfer (automatic),88.06,234.2,No
CUST-03530,Female,0,No,Yes,65,Yes,No,DSL,Yes,No,Month-to-month,Yes,Mailed check,99.0,6494.07,No
CUST-03531,Female,0,No,Yes,8,Yes,No,DSL,Yes,No,One year,No,Bank transfer (automatic),101.52,810.05,No
CUST-03532,Female,0,Yes,No,51,Yes,Yes,DSL,No,No,Month-to-month,Yes,Electronic check,28.47,1444.88,No
CUST-03533,Female,0,Yes,No,6,Yes,No,DSL,Yes,Yes,Month-to-month,Yes,Electronic check,82.3,485.68,Yes
CUST-03534,Female,0,No,Yes,39,Yes,Yes,DSL,Yes,No,One year,Yes,Electronic check,20.68,821.84,No
CUST-03535,Male,0,Yes,Yes,60,Yes,No,Fiber optic,Yes,Yes,Month-to-month,Yes,Credit card (automatic),24.35,1401.72,No
CUST-03536,Male,1,Yes,No,28,Yes,No,DSL,Yes,No,Month-to-month,No,Electronic check,110.4,3082.09,No
CUST-03537,Female,0,No,No,54,Yes,Yes,Fiber optic,No,Yes,Month-to-month,Yes,Credit card (automatic),72.76,3944.57,No
CUST-03538,Female,0,No,No,37,Yes,No,DSL,No,No,Two year,No,Credit card (automatic),93.59,3398.88,No
CUST-03539,Male,0,Yes,No,9,Yes,No,DSL,Yes,Yes,One year,No,Credit card (automatic),103.85,945.11,No
CUST-03540,Male,0,No,Yes,56,Yes,Yes,No,No internet service,No internet service,Month-to-month,No,Electronic check,114.96,6392.88,Yes
CUST-03541,Male,0,Yes,Yes,59,Yes,No,DSL,Yes,Yes,One year,No,Credit card (automatic),106.94,6325.08,No
CUST-03542,Male,0,Yes,Yes,2,Yes,Yes,No,No internet service,No internet service,Month-to-month,No,Electronic check,68.33,244.59,No
CUST-03543,Female,0,No,No,61,Yes,No,Fiber optic,Yes,Yes,Two year,Yes,Electronic check,53.6,3263.56,No
CUST-03544,Male,0,Yes,No,58,Yes,Yes,No,No internet service,No internet service,Month-to-month,No,Bank transfer (automatic),35.45,2002.17,No
CUST-03545,Male,0,No,Yes,60,Yes,No,No,No internet service,No internet service,One year,Yes,Bank transfer (automatic),60.03,3613.65,No
CUST-03546,Male,0,No,Yes,40,Yes,Yes,No,No internet service,No internet service,Month-to-month,No,Credit card (automatic),56.65,2289.71,Yes
CUST-03547,Male,0,No,Yes,36,Yes,Yes,DSL,No,Yes,Month-to-month,No,Bank transfer (automatic),75.96,2687.71,No
CUST-03548,Female,0,Yes,Yes,37,Yes,Yes,No,No internet service,No internet service,Month-to-month,No,Mailed check,86.55,3116.43,No
CUST-03549,Male,0,No,Yes,18,Yes,No,Fiber optic,Yes,Yes,Month-to-month,No,Electronic check,117.83,2074.25,Yes
CUST-03550,Female,0,Yes,No,63,Yes,No,Fiber optic,No,Yes,Two year,Yes,Bank transfer (automatic),92.84,5846.5,No
CUST-03551,Female,1,Yes,Yes,22,Yes,Yes,DSL,Yes,No,Month-to-month,No,Mailed check,84.37,1833.37,No
CUST-03552,Female,0,No,No,11,Yes,No,DSL,No,No,Month-to-month,No,Mailed check,53.51,642.48,No
CUST-03553,Female,0,Yes,No,58,Yes,Yes,Fiber optic,No,Yes,Month-to-month,Yes,Credit card (automatic),23.45,1385.96,No
CUST-03554,Female,0,No,No,57,Yes,No,Fiber optic,No,Yes,Two year,Yes,Electronic check,48.81,2787.27,No
CUST-03555,Male,0,No,Yes,4,Yes,Yes,Fiber optic,Yes,Yes,Month-to-month,Yes,Mailed check,96.84,300.11,No
CUST-03556,Female,0,No,No,7,Yes,No,DSL,No,Yes,Two year,Yes,Bank transfer (automatic),40.53,315.23,No
CUST-03557,Male,0,Yes,Yes,61,Yes,No,DSL,Yes,Yes,Month-to-month,Yes,Electronic check,91.22,5663.38,No
CUST-03558,Male,0,No,Yes,54,Yes,No,DSL,Yes,No,Month-to-month,No,Bank transfer (automatic),77.98,4254.04,No
CUST-03559,Female,0,No,No,68,No,No phone service,DSL,Yes,Yes,Month-to-month,No,Bank transfer (automatic),37.19,2496.04,No
CUST-03560,Female,0,No,Yes,1,Yes,No,Fiber optic,No,No,One year,Yes,Mailed check,46.16,39.34,No
CUST-03561,Male,0,Yes,No,55,Yes,No,Fiber optic,Yes,Yes,One year,Yes,Credit card (automatic),69.63,3852.6,No
CUST-03562,Female,0,Yes,Yes,3,Yes,No,Fiber optic,No,No,Month-to-month,Yes,Electronic check,61.84,254.85,No
CUST-03563,Female,0,No,Yes,38,Yes,No,DSL,No,Yes,One year,No,Credit card (automatic),97.86,3683.39,No
CUST-03564,Female,0,No,No,1,Yes,Yes,No,No internet service,No internet service,Two year,No,Mailed check,93.44,70.16,No
CUST-03565,Male,0,No,No,38,Yes,Yes,DSL,Yes,No,One year,Yes,Credit card (automatic),77.46,2941.32,No
CUST-03566,Male,1,Yes,Yes,29,Yes,Yes,Fiber optic,Yes,No,One year,Yes,Mailed check,102.23,2958.14,No
CUST-03567,Female,0,Yes,No,5,Yes,No,DSL,No,No,Month-to-month,Yes,Bank transfer (automatic),76.27,420.97,Yes
CUST-03568,Female,0,Yes,No,21,No,No phone service,Fiber optic,Yes,No,Month-to-month,Yes,Bank transfer (automatic),116.44,2458.35,No
CUST-03569,Female,0,No,Yes,71,Yes,Yes,DSL,No,No,Month-to-month,Yes,Mailed check,41.72,2892.26,No
CUST-03570,Male,0,Yes,No,67,Yes,Yes,Fiber optic,Yes,Yes,Month-to-month,No,Bank transfer (automatic),91.41,6091.63,No
CUST-03571,Female,1,No,No,47,Yes,Yes,Fiber optic,No,Yes,Two year,Yes,Mailed check,56.99,2647.13,No
CUST-03572,Female,0,Yes,Yes,35,Yes,Yes,Fiber optic,Yes,Yes,Two year,Yes,Electronic check,47.9,1565.75,No
CUST-03573,Female,0,No,No,68,Yes,Yes,DSL,No,No,Two year,No,Bank transfer (automatic),38.04,2633.2,No
CUST-03574,Female,0,Yes,Yes,69,Yes,Yes,Fiber optic,Yes,Yes,Two year,No,Bank transfer (automatic),75.25,5198.87,No
CUST-03575,Male,0,Yes,No,1,No,No phone service,No,No internet service,No internet service,Two year,No,Mailed check,41.55,14.52,No
CUST-03576,Female,0,Yes,Yes,68,Yes,Yes,DSL,No,Yes,Month-to-month,Yes,Mailed check,40.04,2767.85,No
CUST-03577,Female,0,Yes,No,12,Yes,Yes,Fiber optic,Yes,Yes,Month-to-month,No,Bank transfer (automatic),119.05,1443.67,No
CUST-03578,Male,0,No,Yes,60,Yes,Yes,DSL,No,No,Two year,Yes,Electronic check,100.17,5945.89,No
CUST-03579,Female,0,No,Yes,27,Yes,No,DSL,Yes,Yes,Month-to-month,Yes,Bank transfer (automatic),94.83,2590.89,No
CUST-03580,Female,0,No,Yes,56,Yes,No,Fiber optic,No,Yes,Month-to-month,Yes,Mailed check,99.41,5635.61,No
CUST-03581,Male,1,Yes,No,23,Yes,No,Fiber optic,No,No,Month-to-month,Yes,Electronic check,116.89,2681.48,Yes
CUST-03582,Female,0,No,Yes,25,Yes,Yes,Fiber optic,Yes,Yes,Month-to-month,Yes,Electronic check,77.33,1929.9,No
CUST-03583,Male,0,Yes,Yes,21,Yes,Yes,No,No internet service,No internet service,Month-to-month,Yes,Electronic check,42.02,887.81,No
CUST-03584,Female,1,Yes,No,61,Yes,No,No,No internet service,No internet service,Two year,No,Credit card (automatic),106.22,6418.53,No
CUST-03585,Female,0,Yes,Yes,63,Yes,No,No,No internet service,No internet service,Two year,No,Credit card (automatic),94.27,5946.08,No
CUST-03586,Female,0,No,Yes,52,Yes,Yes,Fiber optic,No,Yes,One year,No,Mailed check,61.43,3149.79,No
CUST-03587,Male,0,Yes,Yes,25,Yes,No,Fiber optic,Yes,Yes,Month-to-month,No,Bank transfer (automatic),67.36,1683.67,No
CUST-03588,Female,0,Yes,Yes,55,Yes,No,DSL,No,Yes,Month-to-month,No,Bank transfer (automatic),61.13,3370.44,No
CUST-03589,Male,0,Yes,No,46,Yes,No,Fiber optic,Yes,Yes,Month-to-month,Yes,Credit card (automatic),112.99,5224.08,No
CUST-03590,Male,0,Yes,No,32,Yes,No,Fiber optic,No,No,One year,Yes,Electronic check,54.35,1767.58,No
CUST-03591,Male,0,No,No,55,No,No phone service,No,No internet service,No internet service,One year,No,Credit card (automatic),116.35,6352.87,No
CUST-03592,Male,0,No,Yes,5,Yes,No,Fiber optic,Yes,Yes,Month-to-month,Yes,Bank transfer (automatic),111.03,564.53,No
CUST-03593,Male,0,No,No,36,Yes,No,DSL,No,Yes,Two year,Yes,Mailed check,83.05,3037.6,No
CUST-03594,Male,0,No,Yes,49,No,No phone service,Fiber optic,No,No,Month-to-month,Yes,Bank transfer (automatic),77.98,3763.35,Yes
CUST-03595,Female,0,No,Yes,58,Yes,No,DSL,No,No,Month-to-month,Yes,Credit card (automatic),57.01,3393.84,No
CUST-03596,Female,0,Yes,No,39,Yes,Yes,DSL,No,No,Month-to-month,Yes,Mailed check,21.83,802.75,Yes
CUST-03597,Female,0,No,Yes,61,Yes,No,Fiber optic,No,Yes,Two year,No,Electronic check,32.76,2079.73,No
CUST-03598,Female,1,No,Yes,9,Yes,Yes,DSL,No,No,Month-to-month,No,Electronic check,95.42,811.04,No
CUST-03599,Male,0,No,No,6,Yes,Yes,Fiber optic,No,No,Month-to-month,No,Mailed check,67.15,400.09,No
CUST-03600,Female,0,No,No,35,Yes,Yes,DSL,No,Yes,One year,No,Electronic check,34.98,1214.65,No
CUST-03601,Female,0,No,Yes,39,Yes,No,Fiber optic,No,No,Month-to-month,Yes,Bank transfer (automatic),46.4,1741.26,No
CUST-03602,Male,0,Yes,Yes,22,No,No phone service,Fiber optic,No,No,Two year,No,Bank transfer (automatic),114.78,2560.07,No
CUST-03603,Female,0,No,Yes,41,Yes,No,Fiber optic,Yes,No,Month-to-month,Yes,Bank transfer (automatic),56.71,2362.59,No
CUST-03604,Male,0,Yes,Yes,5,No,No phone service,No,No internet service,No internet service,Month-to-month,Yes,Mailed check,110.77,584.84,No
CUST-03605,Female,0,No,No,42,Yes,No,DSL,Yes,Yes,One year,Yes,Credit card (automatic),50.46,2106.9,No
CUST-03606,Female,1,Yes,No,67,Yes,No,Fiber optic,Yes,No,Month-to-month,Yes,Bank transfer (automatic),74.32,4944.35,No
CUST-03607,Male,0,Yes,Yes,30,Yes,No,DSL,Yes,No,Month-to-month,Yes,Electronic check,22.05,716.46,No
CUST-03608,Female,0,No,No,57,Yes,No,No,No internet service,No internet service,Two year,Yes,Bank transfer (automatic),72.19,4125.5,No
CUST-03609,Female,0,No,Yes,29,Yes,No,No,No internet service,No internet service,Month-to-month,No,Bank transfer (automatic),83.69,2389.2,Yes
CUST-03610,Female,0,No,No,37,No,No phone service,Fiber optic,No,Yes,Two year,Yes,Mailed check,43.43,1617.64,No
CUST-03611,Female,0,Yes,No,13,Yes,No,DSL,Yes,Yes,One year,Yes,Electronic check,77.89,928.83,Yes
CUST-03612,Male,0,Yes,Yes,32,Yes,No,DSL,Yes,Yes,Month-to-month,No,Bank transfer (automatic),84.72,2716.43,Yes
CUST-03613,Female,1,No,No,46,Yes,No,Fiber optic,No,Yes,Month-to-month,Yes,Electronic check,88.69,4112.53,Yes
CUST-03614,Male,0,Yes,Yes,23,Yes,Yes,DSL,No,Yes,Month-to-month,No,Mailed check,97.64,2236.75,No
CUST-03615,Male,0,No,No,45,No,No phone service,Fiber optic,No,No,Month-to-month,Yes,Credit card (automatic),51.13,2336.4,No
CUST-03616,Female,0,Yes,No,17,Yes,No,Fiber optic,No,No,Month-to-month,No,Mailed check,76.78,1345.92,No
CUST-03617,Male,0,No,Yes,66,Yes,Yes,DSL,Yes,No,One year,Yes,Bank transfer (automatic),118.16,7812.33,No
CUST-03618,Female,0,Yes,No,6,Yes,No,No,No internet service,No internet service,Month-to-month,No,Bank transfer (automatic),109.81,747.26,Yes
CUST-03619,Male,0,No,No,18,No,No phone service,No,No internet service,No internet service,Month-to-month,Yes,Electronic check,115.27,2142.56,Yes
CUST-03620,Male,0,Yes,Yes,22,Yes,Yes,No,No internet service,No internet service,Month-to-month,Yes,Bank transfer (automatic),58.61,1320.79,No
CUST-03621,Male,0,Yes,No,33,Yes,No,DSL,No,No,Month-to-month,No,Mailed check,98.69,3274.53,No
CUST-03622,Male,1,No,No,30,Yes,No,Fiber optic,No,Yes,Month-to-month,Yes,Mailed check,81.99,2446.88,No
CUST-03623,Female,0,Yes,Yes,32,No,No phone service,DSL,No,Yes,Two year,Yes,Mailed check,28.27,872.28,No
CUST-03624,Female,0,Yes,Yes,42,Yes,No,Fiber optic,No,No,Month-to-month,No,Mailed check,102.4,4340.67,No
CUST-03625,Female,1,No,No,10,Yes,Yes,No,No internet service,No internet service,Month-to-month,Yes,Mailed check,87.71,867.14,No
CUST-03626,Female,1,No,No,36,Yes,No,Fiber optic,No,No,One year,Yes,Bank transfer (automatic),39.89,1385.34,No
CUST-03627,Male,0,No,Yes,34,Yes,Yes,Fiber optic,No,Yes,Month-to-month,No,Electronic check,27.97,910.87,No
CUST-03628,Female,0,Yes,Yes,28,Yes,No,Fiber optic,Yes,Yes,Two year,Yes,Bank transfer (automatic),103.7,2870.09,No
CUST-03629,Female,0,Yes,No,11,Yes,Yes,DSL,No,No,Month-to-month,No,Bank transfer (automatic),27.89,394.47,Yes
CUST-03630,Female,0,No,No,39,Yes,Yes,DSL,No,No,Two year,No,Electronic check,29.14,1178.85,No
CUST-03631,Male,0,Yes,Yes,47,Yes,Yes,DSL,Yes,No,Month-to-month,No,Credit card (automatic),62.74,2950.49,No
CUST-03632,Male,1,Yes,No,19,Yes,No,Fiber optic,Yes,Yes,Month-to-month,No,Bank transfer (automatic),33.48,656.82,No
CUST-03633,Male,0,Yes,No,15,No,No phone service,No,No internet service,No internet service,Two year,Yes,Electronic check,111.37,1697.05,No
CUST-03634,Male,0,No,Yes,28,Yes,No,No,No internet service,No internet service,Month-to-month,Yes,Mailed check,67.03,1833.41,No
CUST-03635,Male,0,No,No,24,Yes,No,DSL,No,No,Month-to-month,No,Mailed check,76.92,1787.7,No
CUST-03636,Female,0,No,No,9,Yes,Yes,DSL,No,Yes,Month-to-month,Yes,Mailed check,112.81,1067.87,Yes
CUST-03637,Male,0,No,Yes,47,Yes,Yes,Fiber optic,No,No,One year,Yes,Mailed check,73.03,3364.92,No
CUST-03638,Female,0,Yes,No,33,Yes,No,No,No internet service,No internet service,Month-to-month,Yes,Mailed check,55.36,1826.01,No
CUST-03639,Male,0,No,No,62,Yes,Yes,DSL,No,Yes,One year,Yes,Electronic check,99.72,6146.55,No
CUST-03640,Male,0,No,Yes,19,Yes,Yes,No,No internet service,No internet service,Month-to-month,No,Bank transfer (automatic),64.29,1232.56,No
CUST-03641,Male,0,Yes,Yes,67,Yes,No,DSL,No,No,Month-to-month,No,Electronic check,51.85,3461.3,No
CUST-03642,Male,0,No,Yes,40,Yes,Yes,No,No internet service,No internet service,Month-to-month,No,Credit card (automatic),92.32,3719.5,Yes
CUST-03643,Male,0,Yes,No,47,Yes,No,No,No internet service,No internet service,Month-to-month,Yes,Electronic check,100.16,4591.96,No
CUST-03644,Male,0,Yes,No,65,Yes,Yes,No,No internet service,No internet service,Month-to-month,No,Electronic check,99.17,6502.08,No
CUST-03645,Female,1,Yes,No,29,Yes,Yes,No,No internet service,No internet service,Two year,No,Electronic check,117.77,3452.1,No
CUST-03646,Male,1,Yes,No,50,No,No phone service,DSL,Yes,No,Month-to-month,Yes,Electronic check,98.67,4984.08,Yes
CUST-03647,Male,0,Yes,Yes,13,Yes,Yes,Fiber optic,Yes,No,One year,No,Credit card (automatic),96.99,1305.69,No
CUST-03648,Female,0,No,Yes,1,Yes,No,Fiber optic,Yes,Yes,Month-to-month,Yes,Mailed check,105.75,121.44,No
CUST-03649,Male,0,Yes,Yes,34,Yes,Yes,No,No internet service,No internet service,Month-to-month,No,Credit card (automatic),20.02,648.61,No
CUST-03650,Male,1,No,No,48,Yes,Yes,Fiber optic,No,Yes,Month-to-month,No,Bank transfer (automatic),56.24,2721.44,Yes
CUST-03651,Female,0,No,Yes,48,Yes,No,Fiber optic,Yes,No,Month-to-month,Yes,Mailed check,93.76,4514.96,No
CUST-03652,Female,0,Yes,No,49,Yes,No,Fiber optic,Yes,No,Two year,Yes,Electronic check,79.97,3962.36,No
CUST-03653,Male,0,Yes,No,64,Yes,No,DSL,Yes,Yes,Month-to-month,Yes,Bank transfer (automatic),37.76,2447.72,No
CUST-03654,Male,0,No,No,61,Yes,No,No,No internet service,No internet service,Month-to-month,Yes,Electronic check,50.37,3077.28,No
CUST-03655,Male,0,Yes,Yes,29,Yes,No,DSL,No,Yes,One year,No,Credit card (automatic),53.68,1578.38,No
CUST-03656,Male,0,No,No,39,Yes,Yes,DSL,Yes,No,Month-to-month,Yes,Mailed check,76.78,3020.51,Yes
CUST-03657,Male,0,Yes,No,26,Yes,No,Fiber optic,No,No,Two year,No,Credit card (automatic),103.16,2736.58,No
CUST-03658,Male,0,Yes,Yes,17,Yes,No,No,No internet service,No internet service,Month-to-month,No,Mailed check,113.25,2012.04,No
CUST-03659,Female,0,Yes,Yes,71,Yes,No,Fiber optic,No,Yes,Month-to-month,Yes,Electronic check,95.01,6775.56,Yes
CUST-03660,Female,0,No,No,13,Yes,No,No,No internet service,No internet service,Month-to-month,No,Bank transfer (automatic),104.3,1382.22,No
CUST-03661,Female,0,Yes,No,69,Yes,No,DSL,Yes,Yes,One year,Yes,Electronic check,67.01,4612.54,No
CUST-03662,Female,0,Yes,No,26,Yes,No,Fiber optic,Yes,No,Month-to-month,Yes,Bank transfer (automatic),58.98,1516.31,Yes
CUST-03663,Male,0,No,Yes,49,Yes,No,Fiber optic,No,No,Month-to-month,No,Credit card (automatic),59.27,2867.94,No
CUST-03664,Female,1,No,Yes,67,Yes,Yes,DSL,Yes,Yes,Month-to-month,Yes,Credit card (automatic),81.6,5307.21,No
CUST-03665,Male,0,No,Yes,7,Yes,No,DSL,No,Yes,Month-to-month,No,Credit card (automatic),32.42,184.98,Yes
CUST-03666,Male,0,Yes,Yes,58,Yes,Yes,DSL,No,Yes,Month-to-month,No,Electronic check,77.95,4512.46,No
CUST-03667,Female,0,No,Yes,49,Yes,Yes,Fiber optic,No,No,One year,No,Bank transfer (automatic),86.51,4223.68,No
CUST-03668,Male,1,No,No,53,Yes,Yes,No,No internet service,No internet service,One year,No,Electronic check,63.89,3409.0,No
CUST-03669,Female,0,No,No,65,No,No phone service,Fiber optic,Yes,No,Month-to-month,No,Credit card (automatic),115.32,7455.6,No
CUST-03670,Female,0,Yes,No,62,No,No phone service,Fiber optic,No,No,Month-to-month,Yes,Mailed check,80.82,4972.84,No
CUST-03671,Female,0,Yes,No,17,Yes,No,DSL,No,Yes,Two year,No,Electronic check,42.0,608.31,No
CUST-03672,Female,0,Yes,Yes,43,Yes,Yes,DSL,No,No,One year,Yes,Bank transfer (automatic),67.92,2944.13,No
CUST-03673,Female,0,No,Yes,25,Yes,No,DSL,No,Yes,Month-to-month,Yes,Bank transfer (automatic),87.54,2144.11,Yes
CUST-03674,Male,1,Yes,No,3,Yes,Yes,Fiber optic,Yes,No,One year,Yes,Credit card (automatic),52.36,121.28,No
CUST-03675,Female,0,Yes,No,29,Yes,Yes,Fiber optic,No,Yes,Month-to-month,Yes,Credit card (automatic),27.96,839.08,No
CUST-03676,Male,1,No,Yes,32,Yes,Yes,DSL,No,Yes,Two year,No,Mailed check,78.34,2462.74,No
CUST-03677,Male,0,Yes,No,26,Yes,Yes,No,No internet service,No internet service,Month-to-month,Yes,Bank transfer (automatic),114.79,3003.56,No
CUST-03678,Male,1,Yes,No,16,Yes,Yes,Fiber optic,Yes,No,Month-to-month,Yes,Bank transfer (automatic),68.51,1035.83,Yes
CUST-03679,Male,0,No,Yes,25,Yes,No,DSL,Yes,No,Month-to-month,Yes,Credit card (automatic),110.61,2764.19,No
CUST-03680,Female,0,No,No,54,Yes,No,Fiber optic,Yes,No,One year,Yes,Bank transfer (automatic),103.5,5558.52,No
CUST-03681,Male,0,No,Yes,28,Yes,No,DSL,No,Yes,Two year,Yes,Mailed check,34.74,959.41,No
CUST-03682,Female,0,No,No,56,Yes,No,Fiber optic,Yes,No,Month-to-month,Yes,Electronic check,90.82,5161.5,Yes
CUST-03683,Male,0,No,No,65,Yes,No,DSL,No,No,Month-to-month,Yes,Mailed check,63.55,4048.79,No
CUST-03684,Female,0,No,No,41,Yes,Yes,DSL,Yes,No,Two year,No,Mailed check,45.02,1916.94,No
CUST-03685,Female,0,No,Yes,51,No,No phone service,Fiber optic,Yes,No,One year,Yes,Electronic check,88.69,4477.25,No
CUST-03686,Female,0,No,Yes,71,Yes,Yes,Fiber optic,No,No,Two year,No,Bank transfer (automatic),94.27,6736.62,No
CUST-03687,Female,0,Yes,Yes,29,Yes,No,DSL,Yes,No,Month-to-month,Yes,Electronic check,37.99,1155.08,No
CUST-03688,Female,0,Yes,Yes,19,Yes,Yes,No,No internet service,No internet service,Month-to-month,Yes,Mailed check,111.44,2138.88,No
CUST-03689,Male,1,Yes,Yes,66,Yes,Yes,DSL,No,Yes,Month-to-month,No,Electronic check,95.11,6216.34,No
CUST-03690,Male,1,Yes,Yes,41,Yes,Yes,Fiber optic,No,Yes,Month-to-month,Yes,Mailed check,113.34,4660.56,No
CUST-03691,Male,0,Yes,No,45,Yes,Yes,DSL,No,No,Month-to-month,No,Electronic check,51.71,2454.93,No
CUST-03692,Male,0,No,No,15,Yes,Yes,DSL,Yes,Yes,Two year,No,Mailed check,113.93,1709.51,No
CUST-03693,Female,0,No,No,3,Yes,Yes,DSL,No,No,Month-to-month,Yes,Credit card (automatic),56.85,165.51,No
CUST-03694,Male,0,No,No,11,Yes,No,DSL,No,Yes,Two year,No,Bank transfer (automatic),25.4,269.55,No
CUST-03695,Male,0,Yes,Yes,53,Yes,No,No,No internet service,No internet service,Two year,No,Electronic check,96.3,5129.68,No
CUST-03696,Male,0,Yes,No,46,No,No phone service,DSL,No,No,One year,Yes,Electronic check,90.35,4151.74,No
CUST-03697,Male,0,No,Yes,30,Yes,Yes,Fiber optic,Yes,Yes,Two year,No,Electronic check,79.79,2407.93,No
CUST-03698,Male,0,No,No,57,Yes,No,Fiber optic,No,No,One year,No,Credit card (automatic),68.99,3917.81,No
CUST-03699,Female,0,Yes,No,18,Yes,Yes,DSL,No,No,Month-to-month,Yes,Bank transfer (automatic),23.22,366.15,No
CUST-03700,Female,1,Yes,Yes,51,Yes,No,DSL,No,Yes,One year,No,Electronic check,82.46,4321.56,No
CUST-03701,Male,0,No,Yes,48,Yes,Yes,Fiber optic,Yes,Yes,Two year,Yes,Electronic check,61.68,2955.81,No
CUST-03702,Female,0,Yes,No,66,Yes,No,DSL,No,Yes,Two year,Yes,Credit card (automatic),76.02,5177.24,No
CUST-03703,Male,0,Yes,Yes,8,Yes,Yes,No,No internet service,No internet service,Two year,Yes,Electronic check,62.93,524.69,No
CUST-03704,Female,0,No,Yes,22,Yes,No,Fiber optic,Yes,Yes,Month-to-month,Yes,Credit card (automatic),116.61,2595.42,No
CUST-03705,Female,0,No,No,6,Yes,No,Fiber optic,No,No,One year,Yes,Mailed check,80.41,467.0,No
CUST-03706,Male,0,Yes,Yes,57,Yes,No,No,No internet service,No internet service,Month-to-month,No,Credit card (automatic),94.92,5380.79,No
CUST-03707,Female,0,No,Yes,36,Yes,Yes,No,No internet service,No internet service,Month-to-month,No,Mailed check,113.63,4076.35,No
CUST-03708,Male,0,No,Yes,57,Yes,No,No,No internet service,No internet service,Month-to-month,No,Credit card (automatic),79.16,4470.5,No
CUST-03709,Male,0,Yes,No,49,Yes,No,Fiber optic,No,No,Month-to-month,No,Electronic check,21.21,993.06,No
CUST-03710,Female,0,Yes,Yes,45,Yes,Yes,DSL,No,Yes,Two year,No,Bank transfer (automatic),23.43,1143.58,No
CUST-03711,Female,0,No,Yes,66,Yes,Yes,No,No internet service,No internet service,Two year,Yes,Mailed check,90.23,5995.17,No
CUST-03712,Female,0,Yes,Yes,45,Yes,Yes,DSL,Yes,Yes,Month-to-month,Yes,Bank transfer (automatic),47.91,2230.86,No
CUST-03713,Female,0,No,No,20,Yes,No,No,No internet service,No internet service,One year,No,Bank transfer (automatic),77.94,1615.04,No
CUST-03714,Male,0,No,No,64,Yes,Yes,Fiber optic,No,Yes,Month-to-month,Yes,Bank transfer (automatic),40.23,2544.65,No
CUST-03715,Male,0,Yes,No,67,Yes,No,No,No internet service,No internet service,Two year,Yes,Credit card (automatic),47.02,3073.36,No
CUST-03716,Male,0,No,Yes,3,Yes,No,Fiber optic,Yes,Yes,One year,Yes,Electronic check,70.46,188.37,No
CUST-03717,Male,0,Yes,No,54,Yes,No,DSL,Yes,No,One year,Yes,Bank transfer (automatic),117.56,6352.83,No
CUST-03718,Male,0,Yes,Yes,64,Yes,No,Fiber optic,No,No,Two year,No,Bank transfer (automatic),81.63,5281.54,No
CUST-03719,Male,0,Yes,No,40,Yes,No,No,No internet service,No internet service,One year,Yes,Bank transfer (automatic),113.61,4541.67,No
CUST-03720,Female,0,Yes,No,59,No,No phone service,No,No internet service,No internet service,Month-to-month,Yes,Electronic check,115.94,6988.78,No
CUST-03721,Male,0,No,Yes,55,Yes,Yes,No,No internet service,No internet service,Month-to-month,Yes,Mailed check,40.81,2222.92,No
CUST-03722,Male,0,No,Yes,62,Yes,Yes,Fiber optic,Yes,No,Two year,No,Mailed check,51.12,3198.99,No
CUST-03723,Female,0,No,Yes,4,Yes,Yes,DSL,Yes,Yes,One year,Yes,Bank transfer (automatic),97.0,358.07,No
CUST-03724,Female,0,Yes,Yes,60,Yes,Yes,No,No internet service,No internet service,One year,Yes,Mailed check,106.68,6421.11,No
CUST-03725,Male,0,No,Yes,30,No,No phone service,DSL,Yes,No,Month-to-month,No,Credit card (automatic),71.92,2151.32,No
CUST-03726,Male,0,No,Yes,2,No,No phone service,DSL,No,No,Month-to-month,No,Credit card (automatic),119.32,226.21,No
CUST-03727,Female,0,Yes,Yes,62,No,No phone service,Fiber optic,Yes,No,Month-to-month,No,Electronic check,21.16,1280.98,No
CUST-03728,Male,0,Yes,No,49,Yes,No,Fiber optic,Yes,No,Month-to-month,Yes,Credit card (automatic),49.96,2455.42,No
CUST-03729,Female,0,No,No,9,Yes,No,DSL,No,No,Two year,No,Electronic check,82.32,782.69,No
CUST-03730,Female,1,No,No,31,Yes,No,DSL,Yes,Yes,Month-to-month,Yes,Electronic check,66.93,2026.08,Yes
CUST-03731,Female,0,Yes,Yes,61,Yes,No,No,No internet service,No internet service,Month-to-month,No,Mailed check,31.66,1928.83,No
CUST-03732,Male,0,Yes,No,48,Yes,Yes,No,No internet service,No internet service,Month-to-month,Yes,Bank transfer (automatic),56.78,2750.1,No
CUST-03733,Male,1,Yes,Yes,25,Yes,Yes,DSL,Yes,No,Two year,No,Bank transfer (automatic),22.54,597.64,No
CUST-03734,Female,0,No,No,36,Yes,Yes,Fiber optic,No,Yes,Month-to-month,No,Bank transfer (automatic),84.27,3126.87,No
CUST-03735,Female,0,No,No,8,Yes,No,Fiber optic,No,No,Month-to-month,No,Mailed check,109.27,903.09,Yes
CUST-03736,Male,0,Yes,Yes,58,Yes,Yes,Fiber optic,No,No,Month-to-month,Yes,Bank transfer (automatic),108.49,6272.42,No
CUST-03737,Male,0,Yes,No,45,No,No phone service,No,No internet service,No internet service,Month-to-month,Yes,Mailed check,89.95,4019.35,No
CUST-03738,Male,0,No,No,62,Yes,No,Fiber optic,Yes,No,Two year,No,Mailed check,66.58,4098.95,Yes
CUST-03739,Female,0,Yes,No,39,Yes,Yes,Fiber optic,No,Yes,Two year,Yes,Credit card (automatic),71.2,2745.0,No
CUST-03740,Female,0,Yes,No,58,Yes,No,Fiber optic,No,No,One year,No,Bank transfer (automatic),33.69,1964.81,No
CUST-03741,Female,0,Yes,No,64,Yes,No,Fiber optic,No,No,Month-to-month,No,Electronic check,54.1,3483.43,No
CUST-03742,Male,0,No,Yes,44,Yes,Yes,Fiber optic,Yes,No,Month-to-month,No,Bank transfer (automatic),38.77,1747.11,No
CUST-03743,Female,0,No,Yes,29,Yes,Yes,Fiber optic,No,Yes,Month-to-month,Yes,Credit card (automatic),102.12,2994.73,No
CUST-03744,Female,0,Yes,No,59,Yes,Yes,No,No internet service,No internet service,Month-to-month,No,Credit card (automatic),111.48,6639.63,No
CUST-03745,Female,0,No,Yes,71,Yes,Yes,DSL,Yes,No,Month-to-month,Yes,Credit card (automatic),73.69,5198.54,Yes
CUST-03746,Male,0,Yes,Yes,9,Yes,No,Fiber optic,No,Yes,Month-to-month,No,Electronic check,92.78,916.84,Yes
CUST-03747,Female,0,No,No,6,Yes,Yes,DSL,Yes,Yes,Month-to-month,No,Credit card (automatic),32.15,161.42,Yes
CUST-03748,Female,0,No,Yes,29,Yes,Yes,DSL,No,No,Month-to-month,No,Credit card (automatic),80.85,2362.05,No
CUST-03749,Male,0,Yes,Yes,58,Yes,Yes,No,No internet service,No internet service,Month-to-month,No,Electronic check,90.28,5226.5,No
CUST-03750,Female,1,Yes,Yes,17,Yes,Yes,Fiber optic,No,No,Month-to-month,Yes,Electronic check,65.28,1108.57,Yes
CUST-03751,Male,1,No,No,16,Yes,No,Fiber optic,Yes,Yes,One year,Yes,Mailed check,44.33,742.89,No
CUST-03752,Male,0,No,No,3,Yes,No,Fiber optic,Yes,Yes,Month-to-month,No,Mailed check,107.74,251.3,No
CUST-03753,Female,0,Yes,No,21,Yes,No,No,No internet service,No internet service,One year,Yes,Electronic check,94.29,1938.55,No
CUST-03754,Male,0,Yes,No,64,Yes,Yes,DSL,Yes,Yes,One year,No,Electronic check,109.99,7076.82,No
CUST-03755,Female,1,Yes,No,36,Yes,Yes,Fiber optic,Yes,No,Month-to-month,Yes,Credit card (automatic),101.84,3666.13,No
CUST-03756,Male,1,Yes,No,62,Yes,No,Fiber optic,No,No,Two year,No,Electronic check,119.04,7367.65,No
CUST-03757,Female,0,Yes,No,42,Yes,No,DSL,Yes,Yes,Month-to-month,No,Bank transfer (automatic),39.22,1591.19,No
CUST-03758,Male,0,No,Yes,42,Yes,Yes,DSL,Yes,No,Month-to-month,Yes,Electronic check,28.67,1191.66,Yes
CUST-03759,Male,0,Yes,No,61,Yes,No,Fiber optic,Yes,No,Month-to-month,No,Mailed check,53.7,3309.75,No
CUST-03760,Male,0,Yes,Yes,13,Yes,Yes,DSL,Yes,No,Two year,Yes,Credit card (automatic),32.9,399.53,No
CUST-03761,Female,1,Yes,No,11,Yes,Yes,No,No internet service,No internet service,Month-to-month,No,Electronic check,72.31,863.61,No
CUST-03762,Female,0,No,No,54,Yes,No,Fiber optic,Yes,No,Two year,No,Credit card (automatic),83.3,4552.04,No
CUST-03763,Female,0,No,No,16,Yes,No,Fiber optic,No,No,Month-to-month,No,Credit card (automatic),77.83,1227.78,Yes
CUST-03764,Male,0,No,No,8,Yes,Yes,DSL,Yes,Yes,One year,Yes,Credit card (automatic),45.92,337.64,No
CUST-03765,Male,1,Yes,Yes,59,Yes,Yes,DSL,Yes,No,One year,Yes,Credit card (automatic),110.88,6403.7,No
CUST-03766,Female,0,Yes,No,57,Yes,No,Fiber optic,Yes,No,One year,No,Bank transfer (automatic),22.12,1207.0,No
CUST-03767,Female,0,No,Yes,40,Yes,No,No,No internet service,No internet service,One year,Yes,Bank transfer (automatic),54.8,2135.08,No
CUST-03768,Male,0,No,Yes,59,Yes,No,Fiber optic,No,No,Month-to-month,Yes,Electronic check,91.9,5350.55,No
CUST-03769,Male,1,Yes,Yes,2,Yes,Yes,No,No internet service,No internet service,Month-to-month,Yes,Electronic check,96.69,191.58,No
CUST-03770,Male,0,No,No,10,Yes,No,Fiber optic,No,Yes,Month-to-month,Yes,Bank transfer (automatic),61.61,631.7,Yes
CUST-03771,Female,1,No,No,44,Yes,No,DSL,Yes,No,Month-to-month,No,Credit card (automatic),21.69,1045.09,No
CUST-03772,Male,0,Yes,Yes,11,Yes,No,DSL,No,No,Month-to-month,Yes,Credit card (automatic),81.8,903.12,Yes
CUST-03773,Female,0,No,No,2,Yes,Yes,No,No internet service,No internet service,One year,No,Credit card (automatic),26.31,0.0,No
CUST-03774,Male,0,Yes,No,50,Yes,Yes,Fiber optic,No,Yes,Month-to-month,Yes,Electronic check,30.79,1502.11,No
CUST-03775,Female,0,No,No,12,Yes,Yes,No,No internet service,No internet service,Month-to-month,Yes,Bank transfer (automatic),85.03,1050.89,Yes
CUST-03776,Male,0,No,Yes,23,Yes,Yes,Fiber optic,Yes,Yes,Month-to-month,Yes,Bank transfer (automatic),51.25,1174.68,No
CUST-03777,Male,0,Yes,Yes,18,Yes,Yes,No,No internet service,No internet service,Two year,Yes,Mailed check,54.8,1029.24,No
CUST-03778,Female,0,No,Yes,62,Yes,No,DSL,Yes,Yes,Month-to-month,Yes,Electronic check,68.68,4232.47,No
CUST-03779,Male,0,Yes,Yes,62,Yes,Yes,Fiber optic,No,Yes,One year,No,Credit card (automatic),117.86,7364.92,No
CUST-03780,Male,0,No,Yes,38,Yes,No,Fiber optic,Yes,Yes,Two year,Yes,Mailed check,116.54,4440.82,No
CUST-03781,Male,0,No,No,67,Yes,Yes,Fiber optic,No,No,Two year,No,Mailed check,61.63,4142.78,No
CUST-03782,Female,0,Yes,Yes,38,Yes,Yes,No,No internet service,No internet service,Month-to-month,No,Credit card (automatic),46.55,1776.4,No
CUST-03783,Male,0,Yes,Yes,67,Yes,Yes,No,No internet service,No internet service,Month-to-month,No,Electronic check,50.26,3329.16,No
CUST-03784,Female,0,No,Yes,61,Yes,No,DSL,Yes,No,One year,No,Credit card (automatic),46.88,2856.82,No
CUST-03785,Male,1,Yes,Yes,1,Yes,Yes,Fiber optic,Yes,Yes,One year,No,Mailed check,73.22,87.91,No
CUST-03786,Male,0,Yes,No,45,Yes,No,Fiber optic,Yes,Yes,Month-to-month,No,Credit card (automatic),80.69,3561.02,No
CUST-03787,Female,0,Yes,No,28,Yes,No,Fiber optic,Yes,Yes,Month-to-month,No,Mailed check,68.88,1932.62,No
CUST-03788,Female,0,Yes,Yes,21,No,No phone service,Fiber optic,Yes,Yes,Month-to-month,No,Credit card (automatic),60.8,1337.54,No
CUST-03789,Female,0,No,No,13,Yes,No,No,No internet service,No internet service,Two year,Yes,Mailed check,41.13,556.38,No
CUST-03790,Female,0,No,Yes,27,Yes,No,Fiber optic,No,Yes,Month-to-month,Yes,Credit card (automatic),68.25,1911.11,No
CUST-03791,Female,0,Yes,Yes,7,Yes,Yes,Fiber optic,Yes,Yes,Two year,Yes,Bank transfer (automatic),54.11,399.16,No
CUST-03792,Female,0,No,Yes,22,Yes,No,DSL,No,Yes,Month-to-month,Yes,Mailed check,74.16,1586.64,No
CUST-03793,Male,0,No,No,53,No,No phone service,Fiber optic,Yes,Yes,Month-to-month,Yes,Bank transfer (automatic),87.52,4678.1,No
CUST-03794,Male,0,No,No,4,Yes,Yes,No,No internet service,No internet service,Month-to-month,No,Electronic check,83.33,276.27,No
CUST-03795,Male,0,No,Yes,23,Yes,No,No,No internet service,No internet service,Month-to-month,No,Bank transfer (automatic),66.25,1513.33,No
CUST-03796,Male,1,No,Yes,70,Yes,No,Fiber optic,Yes,No,Month-to-month,No,Electronic check,75.61,5278.9,Yes
CUST-03797,Female,0,No,Yes,33,Yes,No,No,No internet service,No internet service,Month-to-month,Yes,Credit card (automatic),48.49,1566.26,No
CUST-03798,Male,0,Yes,No,28,Yes,No,DSL,Yes,No,Two year,No,Electronic check,22.42,746.71,No
CUST-03799,Male,0,No,Yes,8,Yes,Yes,DSL,No,Yes,Two year,Yes,Mailed check,82.5,656.37,No
CUST-03800,Male,0,No,Yes,1,Yes,Yes,No,No internet service,No internet service,One year,Yes,Electronic check,45.26,135.76,No
CUST-03801,Female,0,Yes,No,37,Yes,No,Fiber optic,No,No,Two year,Yes,Bank transfer (automatic),86.9,3232.48,No
CUST-03802,Female,0,Yes,Yes,63,Yes,Yes,Fiber optic,No,Yes,Month-to-month,No,Bank transfer (automatic),94.7,5925.05,No
CUST-03803,Male,0,No,No,22,Yes,No,No,No internet service,No internet service,Month-to-month,Yes,Mailed check,111.59,2434.5,Yes
CUST-03804,Female,0,No,Yes,70,Yes,Yes,Fiber optic,No,No,One year,No,Mailed check,115.81,8104.78,No
CUST-03805,Male,0,No,No,21,Yes,No,Fiber optic,No,Yes,Two year,No,Mailed check,21.05,424.96,No
CUST-03806,Female,1,No,Yes,35,Yes,No,DSL,Yes,Yes,Two year,No,Electronic check,119.04,4152.7,No
CUST-03807,Male,1,Yes,Yes,5,Yes,No,No,No internet service,No internet service,Month-to-month,No,Electronic check,88.3,470.19,No
CUST-03808,Female,0,Yes,No,60,Yes,No,No,No internet service,No internet service,One year,Yes,Electronic check,84.35,5079.27,No
CUST-03809,Male,0,Yes,Yes,46,Yes,Yes,DSL,No,No,Month-to-month,Yes,Electronic check,21.52,1024.42,No
CUST-03810,Male,0,Yes,No,50,No,No phone service,No,No internet service,No internet service,Two year,No,Mailed check,106.12,5382.33,No
CUST-03811,Female,0,Yes,Yes,48,Yes,No,Fiber optic,Yes,No,One year,Yes,Electronic check,34.55,1634.83,No
CUST-03812,Female,0,Yes,No,6,Yes,No,DSL,Yes,No,Month-to-month,Yes,Bank transfer (automatic),103.73,678.07,Yes
CUST-03813,Female,0,No,Yes,56,Yes,Yes,DSL,No,No,Month-to-month,No,Bank transfer (automatic),21.56,1277.04,No
CUST-03814,Female,1,No,No,59,Yes,No,DSL,Yes,No,Month-to-month,No,Mailed check,84.6,5056.1,No
CUST-03815,Male,0,No,No,29,Yes,Yes,DSL,Yes,Yes,Month-to-month,No,Mailed check,63.48,1752.92,No
CUST-03816,Male,0,Yes,Yes,71,Yes,No,Fiber optic,No,Yes,Month-to-month,No,Bank transfer (automatic),40.08,2935.56,Yes
CUST-03817,Male,0,No,Yes,18,Yes,No,Fiber optic,No,No,Month-to-month,Yes,Credit card (automatic),30.76,521.86,No
CUST-03818,Male,0,Yes,No,2,Yes,Yes,No,No internet service,No internet service,Month-to-month,Yes,Credit card (automatic),64.01,35.99,No
CUST-03819,Male,1,Yes,No,8,Yes,Yes,DSL,No,Yes,Month-to-month,Yes,Electronic check,32.33,347.3,No
CUST-03820,Male,0,No,No,54,Yes,Yes,Fiber optic,No,No,Two year,Yes,Credit card (automatic),68.64,3732.23,No
CUST-03821,Male,0,No,Yes,38,Yes,Yes,Fiber optic,No,Yes,Two year,No,Electronic check,82.52,3163.5,No
CUST-03822,Male,0,No,No,48,Yes,No,DSL,No,Yes,Two year,No,Mailed check,102.74,4914.92,No
CUST-03823,Female,1,No,No,27,Yes,No,No,No internet service,No internet service,Month-to-month,Yes,Mailed check,87.86,2381.32,Yes
CUST-03824,Male,0,Yes,No,20,Yes,Yes,Fiber optic,No,Yes,One year,Yes,Bank transfer (automatic),26.52,523.43,No
CUST-03825,Female,0,No,Yes,12,Yes,Yes,No,No internet service,No internet service,Month-to-month,No,Bank transfer (automatic),50.74,577.67,No
CUST-03826,Female,0,Yes,Yes,43,Yes,No,No,No internet service,No internet service,Two year,No,Mailed check,48.8,2099.55,No
CUST-03827,Female,0,Yes,Yes,61,Yes,No,No,No internet service,No internet service,Two year,No,Electronic check,111.5,6807.16,No
CUST-03828,Female,1,No,No,31,Yes,No,DSL,Yes,Yes,Two year,Yes,Bank transfer (automatic),106.78,3244.1,No
CUST-03829,Male,0,Yes,No,61,Yes,Yes,No,No internet service,No internet service,Month-to-month,No,Credit card (automatic),57.01,3480.39,No
CUST-03830,Female,0,No,Yes,67,Yes,Yes,DSL,Yes,Yes,Month-to-month,No,Credit card (automatic),27.12,1727.66,No
CUST-03831,Male,0,Yes,Yes,35,Yes,No,No,No internet service,No internet service,One year,Yes,Electronic check,109.41,3925.37,No
CUST-03832,Male,1,Yes,Yes,15,No,No phone service,Fiber optic,No,No,Month-to-month,Yes,Electronic check,108.82,1627.17,No
CUST-03833,Female,0,Yes,Yes,16,No,No phone service,Fiber optic,Yes,No,Two year,No,Mailed check,105.47,1633.95,No
CUST-03834,Male,0,No,No,13,Yes,No,Fiber optic,Yes,No,One year,No,Credit card (automatic),104.51,1384.29,No
CUST-03835,Male,0,No,Yes,35,Yes,Yes,Fiber optic,Yes,No,Month-to-month,Yes,Electronic check,68.03,2343.72,No
CUST-03836,Female,1,No,Yes,59,Yes,No,No,No internet service,No internet service,Two year,Yes,Mailed check,37.74,2225.2,No
CUST-03837,Female,1,No,No,21,Yes,Yes,Fiber optic,No,Yes,Month-to-month,No,Mailed check,67.75,1445.53,Yes
CUST-03838,Male,0,Yes,No,54,No,No phone service,Fiber optic,No,Yes,One year,Yes,Credit card (automatic),69.46,3700.01,No
CUST-03839,Male,0,No,Yes,30,Yes,No,Fiber optic,Yes,No,Month-to-month,No,Credit card (automatic),68.99,2167.19,No
CUST-03840,Male,0,Yes,Yes,48,Yes,Yes,Fiber optic,No,Yes,Month-to-month,Yes,Credit card (automatic),73.88,3648.49,No
CUST-03841,Male,0,No,Yes,35,No,No phone service,Fiber optic,No,No,Two year,No,Electronic check,45.77,1575.68,No
CUST-03842,Female,0,Yes,Yes,38,Yes,No,DSL,No,Yes,Month-to-month,Yes,Bank transfer (automatic),56.62,2095.39,No
CUST-03843,Female,0,Yes,No,31,Yes,No,Fiber optic,Yes,No,Month-to-month,No,Electronic check,63.42,1939.52,No
CUST-03844,Female,0,Yes,Yes,24,Yes,No,Fiber optic,No,No,One year,Yes,Mailed check,33.11,770.81,No
CUST-03845,Female,0,Yes,Yes,49,Yes,No,Fiber optic,No,No,One year,Yes,Electronic check,65.54,3266.98,No
CUST-03846,Male,0,Yes,Yes,32,Yes,No,Fiber optic,No,Yes,Month-to-month,No,Bank transfer (automatic),101.05,3207.96,Yes
CUST-03847,Female,1,Yes,Yes,55,No,No phone service,No,No internet service,No internet service,Month-to-month,No,Electronic check,102.81,5596.47,Yes
CUST-03848,Male,1,No,No,58,No,No phone service,No,No internet service,No internet service,Month-to-month,Yes,Credit card (automatic),61.16,3552.36,No
CUST-03849,Male,0,Yes,Yes,3,Yes,No,No,No internet service,No internet service,Month-to-month,Yes,Electronic check,71.88,141.1,Yes
CUST-03850,Female,0,No,No,69,Yes,Yes,DSL,Yes,No,Month-to-month,No,Credit card (automatic),23.37,1665.93,No
CUST-03851,Male,0,No,Yes,10,Yes,No,DSL,No,No,Two year,Yes,Credit card (automatic),87.44,904.4,No
CUST-03852,Male,0,No,Yes,25,Yes,Yes,Fiber optic,Yes,Yes,Month-to-month,Yes,Mailed check,60.46,1481.51,Yes
CUST-03853,Male,0,Yes,Yes,68,Yes,No,No,No internet service,No internet service,One year,Yes,Electronic check,64.55,4364.86,No
CUST-03854,Female,0,Yes,No,61,Yes,Yes,Fiber optic,No,Yes,Month-to-month,No,Electronic check,107.37,6562.01,No
CUST-03855,Male,0,Yes,No,29,No,No phone service,Fiber optic,No,Yes,Month-to-month,No,Electronic check,66.18,1864.07,No
CUST-03856,Male,0,Yes,Yes,19,No,No phone service,Fiber optic,Yes,Yes,Month-to-month,Yes,Bank transfer (automatic),22.12,380.89,No
CUST-03857,Male,0,Yes,No,43,Yes,No,Fiber optic,No,Yes,Two year,Yes,Electronic check,42.75,1826.98,No
CUST-03858,Male,0,No,No,66,Yes,No,Fiber optic,No,No,Two year,Yes,Electronic check,67.56,4393.02,No
CUST-03859,Female,0,Yes,Yes,61,Yes,No,Fiber optic,No,No,Month-to-month,No,Electronic check,62.44,3786.12,No
CUST-03860,Female,0,No,No,43,Yes,No,Fiber optic,Yes,Yes,Month-to-month,No,Bank transfer (automatic),106.04,4506.07,Yes
CUST-03861,Male,0,Yes,No,25,Yes,No,Fiber optic,No,No,One year,Yes,Electronic check,74.21,1926.56,No
CUST-03862,Male,0,Yes,No,20,Yes,No,Fiber optic,Yes,No,Month-to-month,No,Credit card (automatic),88.96,1759.03,No
CUST-03863,Male,0,No,No,48,Yes,No,DSL,No,No,Month-to-month,Yes,Credit card (automatic),66.93,3165.3,Yes
CUST-03864,Female,0,No,No,24,Yes,Yes,DSL,No,Yes,Month-to-month,Yes,Electronic check,63.97,1569.0,Yes
CUST-03865,Female,0,Yes,Yes,11,Yes,Yes,Fiber optic,Yes,Yes,Month-to-month,No,Credit card (automatic),64.63,679.51,No
CUST-03866,Male,0,Yes,Yes,55,No,No phone service,No,No internet service,No internet service,Month-to-month,Yes,Electronic check,61.09,3304.83,No
CUST-03867,Male,0,No,Yes,28,Yes,Yes,Fiber optic,Yes,Yes,Month-to-month,No,Bank transfer (automatic),73.86,2112.46,Yes
CUST-03868,Female,0,Yes,No,69,Yes,Yes,No,No internet service,No internet service,Month-to-month,Yes,Mailed check,45.04,3091.6,Yes
CUST-03869,Male,0,Yes,Yes,63,Yes,No,No,No internet service,No internet service,Month-to-month,Yes,Credit card (automatic),109.11,6915.98,No
CUST-03870,Female,0,Yes,No,59,Yes,Yes,No,No internet service,No internet service,One year,Yes,Mailed check,53.31,3144.54,No
CUST-03871,Male,0,Yes,Yes,5,Yes,No,DSL,No,No,Month-to-month,Yes,Mailed check,34.75,180.21,Yes
CUST-03872,Male,1,Yes,No,51,Yes,No,DSL,No,Yes,Month-to-month,No,Electronic check,29.66,1540.82,No
CUST-03873,Male,1,Yes,No,21,Yes,No,DSL,No,Yes,Two year,No,Bank transfer (automatic),21.34,416.4,No
CUST-03874,Male,0,No,No,12,Yes,Yes,Fiber optic,No,Yes,Month-to-month,Yes,Mailed check,62.29,706.97,No
CUST-03875,Female,0,Yes,Yes,50,Yes,No,Fiber optic,Yes,Yes,Month-to-month,Yes,Credit card (automatic),38.76,1998.09,No
CUST-03876,Female,0,No,No,4,Yes,Yes,DSL,Yes,Yes,Month-to-month,Yes,Bank transfer (automatic),22.16,117.59,Yes
CUST-03877,Female,0,Yes,Yes,42,Yes,No,Fiber optic,No,No,One year,Yes,Credit card (automatic),72.0,3020.63,No
CUST-03878,Male,1,No,No,38,Yes,No,Fiber optic,Yes,No,Month-to-month,No,Credit card (automatic),88.0,3383.79,No
CUST-03879,Male,0,Yes,No,25,Yes,Yes,Fiber optic,Yes,Yes,Month-to-month,Yes,Bank transfer (automatic),28.58,741.51,No
CUST-03880,Female,0,No,Yes,14,Yes,No,No,No internet service,No internet service,Two year,No,Credit card (automatic),66.09,972.43,No
CUST-03881,Female,0,No,Yes,32,Yes,No,No,No internet service,No internet service,Month-to-month,No,Electronic check,94.36,2962.38,No
CUST-03882,Male,0,Yes,No,11,No,No phone service,DSL,Yes,No,Month-to-month,No,Electronic check,118.58,1301.17,Yes
CUST-03883,Female,0,No,No,61,Yes,Yes,DSL,No,Yes,One year,Yes,Bank transfer (automatic),86.72,5346.41,No
CUST-03884,Male,1,No,No,18,Yes,No,Fiber optic,No,No,One year,Yes,Credit card (automatic),44.48,884.5,Yes
CUST-03885,Female,0,Yes,Yes,27,Yes,Yes,DSL,Yes,No,Two year,Yes,Mailed check,91.66,2448.02,No
CUST-03886,Male,1,Yes,No,55,Yes,No,DSL,No,No,Two year,Yes,Bank transfer (automatic),79.79,4396.41,No
CUST-03887,Male,0,No,No,54,Yes,Yes,No,No internet service,No internet service,Month-to-month,No,Mailed check,41.18,2224.69,No
CUST-03888,Female,0,Yes,No,21,Yes,Yes,No,No internet service,No internet service,Month-to-month,Yes,Bank transfer (automatic),105.11,2145.1,No
CUST-03889,Female,0,No,No,44,Yes,No,Fiber optic,No,Yes,Two year,Yes,Mailed check,62.74,2746.18,Yes
CUST-03890,Male,0,Yes,Yes,5,Yes,Yes,No,No internet service,No internet service,Two year,Yes,Mailed check,116.2,502.07,No
CUST-03891,Male,0,No,Yes,41,Yes,No,DSL,Yes,No,Month-to-month,No,Bank transfer (automatic),92.29,3775.52,No
CUST-03892,Female,1,No,Yes,59,Yes,No,Fiber optic,Yes,Yes,Month-to-month,No,Bank transfer (automatic),84.46,4931.24,No
CUST-03893,Male,0,No,Yes,54,Yes,No,Fiber optic,No,Yes,One year,Yes,Bank transfer (automatic),92.84,5021.86,No
CUST-03894,Female,0,No,No,22,Yes,Yes,Fiber optic,No,No,Month-to-month,Yes,Bank transfer (automatic),67.81,1476.33,Yes
CUST-03895,Male,0,Yes,No,65,Yes,Yes,No,No internet service,No internet service,Two year,No,Credit card (automatic),70.52,4567.51,No
CUST-03896,Female,0,No,Yes,64,Yes,Yes,No,No internet service,No internet service,Two year,No,Bank transfer (automatic),105.12,6805.35,No
CUST-03897,Male,0,Yes,No,71,Yes,No,DSL,No,No,Two year,Yes,Mailed check,88.09,6257.93,No
CUST-03898,Male,0,Yes,No,4,Yes,No,No,No internet service,No internet service,Month-to-month,Yes,Mailed check,109.72,532.79,No
CUST-03899,Male,1,No,No,65,Yes,No,Fiber optic,Yes,Yes,Two year,No,Credit card (automatic),109.08,7112.52,No
CUST-03900,Male,0,No,Yes,15,Yes,No,Fiber optic,No,Yes,One year,Yes,Bank transfer (automatic),117.65,1805.53,No
CUST-03901,Male,0,No,Yes,22,No,No phone service,DSL,Yes,No,Month-to-month,No,Credit card (automatic),90.02,1936.96,Yes
CUST-03902,Male,0,No,Yes,47,No,No phone service,No,No internet service,No internet service,Month-to-month,Yes,Credit card (automatic),70.23,3266.13,No
CUST-03903,Male,0,Yes,No,46,Yes,Yes,Fiber optic,Yes,Yes,Month-to-month,Yes,Credit card (automatic),36.63,1685.84,No
CUST-03904,Female,0,No,No,14,Yes,Yes,No,No internet service,No internet service,One year,Yes,Credit card (automatic),90.54,1328.21,No
CUST-03905,Female,0,No,No,50,No,No phone service,DSL,Yes,Yes,Month-to-month,Yes,Credit card (automatic),49.16,2439.85,No
CUST-03906,Male,0,Yes,Yes,20,No,No phone service,DSL,No,No,Month-to-month,No,Credit card (automatic),48.29,894.23,No
CUST-03907,Female,0,Yes,Yes,50,Yes,Yes,DSL,No,No,Two year,No,Credit card (automatic),43.83,2211.4,No
CUST-03908,Female,0,No,Yes,33,Yes,Yes,Fiber optic,No,Yes,Two year,No,Mailed check,107.51,3551.03,No
CUST-03909,Male,0,No,Yes,59,Yes,No,Fiber optic,No,Yes,Two year,Yes,Mailed check,106.8,6273.65,No
CUST-03910,Female,1,No,No,43,Yes,No,DSL,Yes,No,Two year,Yes,Mailed check,83.1,3554.65,No
CUST-03911,Male,1,No,No,12,Yes,Yes,DSL,Yes,Yes,Two year,Yes,Mailed check,67.3,764.05,No
CUST-03912,Female,0,No,Yes,40,Yes,Yes,DSL,No,Yes,Two year,Yes,Mailed check,87.21,3534.6,No
CUST-03913,Female,0,No,Yes,20,No,No phone service,Fiber optic,No,Yes,Two year,Yes,Credit card (automatic),80.72,1615.57,No
CUST-03914,Female,1,No,No,38,Yes,No,Fiber optic,Yes,No,Month-to-month,No,Credit card (automatic),61.57,2351.68,No
CUST-03915,Male,0,No,No,3,No,No phone service,No,No internet service,No internet service,Month-to-month,Yes,Mailed check,57.96,144.06,No
CUST-03916,Female,0,No,Yes,28,Yes,Yes,No,No internet service,No internet service,One year,Yes,Bank transfer (automatic),58.28,1698.65,No
CUST-03917,Male,0,No,Yes,56,Yes,Yes,Fiber optic,No,No,Month-to-month,Yes,Mailed check,78.91,4430.0,No
CUST-03918,Male,0,Yes,Yes,13,Yes,Yes,No,No internet service,No internet service,Month-to-month,Yes,Credit card (automatic),84.77,994.95,No
CUST-03919,Female,0,Yes,No,66,Yes,Yes,DSL,Yes,Yes,Two year,Yes,Bank transfer (automatic),65.17,4324.22,No
CUST-03920,Male,0,No,No,37,Yes,Yes,Fiber optic,No,Yes,Two year,No,Electronic check,116.87,4310.97,No
CUST-03921,Male,1,No,No,49,Yes,No,DSL,No,Yes,Month-to-month,No,Mailed check,28.38,1382.42,No
CUST-03922,Female,0,No,No,66,No,No phone service,DSL,Yes,Yes,Month-to-month,No,Bank transfer (automatic),54.7,3659.88,No
CUST-03923,Male,0,No,No,36,Yes,No,Fiber optic,Yes,No,Month-to-month,Yes,Mailed check,61.91,2233.19,Yes
CUST-03924,Female,0,No,Yes,54,Yes,No,No,No internet service,No internet service,Month-to-month,No,Electronic check,21.69,1256.88,No
CUST-03925,Female,0,Yes,Yes,26,Yes,No,DSL,Yes,No,Month-to-month,Yes,Bank transfer (automatic),56.5,1474.28,Yes
CUST-03926,Male,0,No,Yes,40,Yes,No,DSL,Yes,No,One year,Yes,Electronic check,47.37,1871.47,No
CUST-03927,Female,0,Yes,Yes,43,Yes,Yes,Fiber optic,No,Yes,Month-to-month,No,Electronic check,70.6,2945.14,No
CUST-03928,Female,0,No,Yes,22,Yes,No,DSL,Yes,No,One year,Yes,Electronic check,53.64,1144.19,No
CUST-03929,Male,0,No,No,20,Yes,Yes,Fiber optic,Yes,Yes,Month-to-month,No,Mailed check,92.62,1836.29,No
CUST-03930,Male,1,No,Yes,8,Yes,No,No,No internet service,No internet service,Two year,No,Bank transfer (automatic),70.99,641.23,No
CUST-03931,Male,0,No,Yes,29,Yes,Yes,Fiber optic,No,Yes,Month-to-month,Yes,Credit card (automatic),32.98,933.39,Yes
CUST-03932,Male,0,No,Yes,40,Yes,No,No,No internet service,No internet service,One year,Yes,Credit card (automatic),95.01,3882.5,No
CUST-03933,Female,1,No,No,30,Yes,Yes,DSL,Yes,No,Month-to-month,No,Mailed check,29.92,840.18,Yes
CUST-03934,Female,0,No,Yes,55,Yes,No,DSL,No,Yes,Two year,No,Mailed check,103.9,5675.88,No
CUST-03935,Female,0,No,No,16,Yes,No,Fiber optic,No,No,One year,No,Electronic check,113.14,1866.59,Yes
CUST-03936,Female,0,Yes,Yes,46,Yes,Yes,No,No internet service,No internet service,One year,Yes,Mailed check,52.24,2373.28,No
CUST-03937,Female,0,No,Yes,62,Yes,No,No,No internet service,No internet service,One year,No,Bank transfer (automatic),112.61,7036.78,No
CUST-03938,Male,0,No,No,7,No,No phone service,DSL,No,No,Two year,No,Credit card (automatic),99.3,653.78,No
CUST-03939,Female,1,No,Yes,45,Yes,No,Fiber optic,Yes,No,One year,Yes,Bank transfer (automatic),112.24,5014.5,No
CUST-03940,Female,0,No,Yes,59,Yes,Yes,DSL,Yes,No,One year,Yes,Electronic check,86.63,5143.26,No
CUST-03941,Female,1,No,No,56,Yes,Yes,Fiber optic,No,Yes,Month-to-month,No,Mailed check,43.56,2398.74,No
CUST-03942,Female,0,Yes,Yes,48,Yes,Yes,Fiber optic,Yes,Yes,Two year,No,Mailed check,109.45,5239.88,No
CUST-03943,Male,0,No,No,27,Yes,Yes,No,No internet service,No internet service,One year,No,Electronic check,38.43,1057.35,No
CUST-03944,Male,0,Yes,No,53,Yes,No,Fiber optic,Yes,No,Month-to-month,No,Credit card (automatic),41.31,2176.8,No
CUST-03945,Male,0,Yes,No,35,Yes,Yes,No,No internet service,No internet service,One year,No,Mailed check,47.11,1620.72,No
CUST-03946,Female,0,No,No,51,Yes,No,No,No internet service,No internet service,One year,Yes,Electronic check,50.42,2511.06,No
CUST-03947,Female,0,Yes,No,37,Yes,No,Fiber optic,Yes,No,Month-to-month,Yes,Credit card (automatic),71.45,2716.12,No
CUST-03948,Female,1,No,Yes,57,No,No phone service,Fiber optic,Yes,No,Month-to-month,Yes,Credit card (automatic),91.35,5288.76,No
CUST-03949,Male,0,Yes,Yes,8,Yes,No,Fiber optic,No,Yes,One year,Yes,Mailed check,112.62,917.43,No
CUST-03950,Female,0,No,Yes,20,Yes,Yes,Fiber optic,No,No,Month-to-month,Yes,Bank transfer (automatic),28.84,565.19,No
CUST-03951,Male,1,Yes,No,53,Yes,No,Fiber optic,No,Yes,Two year,Yes,Credit card (automatic),115.44,6109.46,No
CUST-03952,Female,0,No,Yes,12,Yes,No,DSL,Yes,No,Month-to-month,No,Credit card (automatic),112.13,1387.17,No
CUST-03953,Male,0,Yes,No,49,Yes,No,Fiber optic,No,Yes,One year,No,Credit card (automatic),25.4,1296.19,No
CUST-03954,Male,0,Yes,Yes,17,Yes,Yes,Fiber optic,Yes,Yes,Month-to-month,No,Electronic check,56.03,925.5,No
CUST-03955,Female,0,No,No,64,Yes,No,DSL,Yes,Yes,Month-to-month,Yes,Credit card (automatic),101.31,6537.57,Yes
CUST-03956,Female,0,Yes,No,42,Yes,No,Fiber optic,Yes,No,Two year,No,Electronic check,81.16,3439.47,No
CUST-03957,Male,1,Yes,Yes,29,Yes,No,Fiber optic,Yes,Yes,Month-to-month,Yes,Credit card (automatic),97.91,2892.25,No
CUST-03958,Male,1,Yes,Yes,19,Yes,No,Fiber optic,No,Yes,One year,No,Mailed check,91.9,1666.01,Yes
CUST-03959,Male,0,Yes,Yes,11,Yes,No,Fiber optic,No,Yes,Month-to-month,No,Bank transfer (automatic),69.68,745.52,Yes
CUST-03960,Male,0,No,No,50,Yes,Yes,No,No internet service,No internet service,Two year,Yes,Bank transfer (automatic),24.12,1197.35,No
CUST-03961,Male,0,Yes,Yes,71,Yes,Yes,Fiber optic,Yes,No,Month-to-month,Yes,Credit card (automatic),78.43,5545.08,No
CUST-03962,Female,0,No,No,58,Yes,No,Fiber optic,No,Yes,Month-to-month,No,Electronic check,24.86,1537.75,Yes
CUST-03963,Male,0,No,Yes,34,Yes,No,DSL,No,Yes,Two year,Yes,Electronic check,80.37,2712.09,No
CUST-03964,Female,0,Yes,No,20,Yes,No,Fiber optic,No,Yes,Two year,No,Bank transfer (automatic),100.04,2024.22,No
CUST-03965,Female,0,Yes,No,50,Yes,Yes,Fiber optic,Yes,Yes,Two year,Yes,Mailed check,78.5,3932.64,No
CUST-03966,Female,0,No,Yes,10,Yes,No,Fiber optic,No,Yes,Month-to-month,No,Electronic check,119.7,1182.49,Yes
CUST-03967,Female,1,No,Yes,32,Yes,No,Fiber optic,Yes,No,Month-to-month,Yes,Mailed check,65.59,2063.45,No
CUST-03968,Female,0,No,Yes,52,Yes,No,Fiber optic,Yes,Yes,Two year,Yes,Credit card (automatic),94.88,5036.55,No
CUST-03969,Male,0,Yes,No,15,Yes,No,Fiber optic,No,No,Two year,Yes,Mailed check,86.72,1289.71,No
CUST-03970,Female,0,Yes,No,3,Yes,No,DSL,Yes,No,Month-to-month,Yes,Mailed check,119.14,401.2,No
CUST-03971,Male,0,Yes,Yes,37,Yes,No,DSL,Yes,Yes,Month-to-month,Yes,Bank transfer (automatic),91.32,3378.36,No
CUST-03972,Female,0,No,Yes,40,No,No phone service,No,No internet service,No internet service,Month-to-month,No,Mailed check,36.4,1433.06,No
CUST-03973,Male,1,Yes,Yes,40,Yes,No,DSL,Yes,No,Month-to-month,No,Credit card (automatic),115.55,4627.41,Yes
CUST-03974,Female,0,No,No,56,Yes,No,Fiber optic,No,Yes,Month-to-month,No,Mailed check,86.78,4875.09,Yes
CUST-03975,Male,0,No,No,23,No,No phone service,Fiber optic,No,Yes,Month-to-month,No,Electronic check,25.93,572.91,No
CUST-03976,Male,0,No,Yes,11,Yes,Yes,No,No internet service,No internet service,Two year,No,Electronic check,85.76,905.13,No
CUST-03977,Male,0,No,Yes,64,Yes,No,Fiber optic,No,No,Month-to-month,No,Bank transfer (automatic),108.31,6955.65,No
CUST-03978,Female,0,No,No,8,Yes,Yes,DSL,Yes,Yes,Two year,No,Credit card (automatic),77.7,627.42,No
CUST-03979,Male,0,Yes,No,56,Yes,Yes,Fiber optic,Yes,No,One year,No,Electronic check,55.4,3069.8,No
CUST-03980,Female,0,No,Yes,60,Yes,Yes,Fiber optic,Yes,Yes,Month-to-month,Yes,Electronic check,102.09,6078.48,No
CUST-03981,Female,0,Yes,Yes,10,Yes,No,DSL,No,Yes,One year,No,Mailed check,98.25,999.96,No
CUST-03982,Male,0,No,Yes,39,No,No phone service,Fiber optic,Yes,No,Two year,No,Bank transfer (automatic),74.42,2806.48,No
CUST-03983,Female,0,Yes,No,28,Yes,Yes,No,No internet service,No internet service,Month-to-month,Yes,Bank transfer (automatic),35.44,979.29,No
CUST-03984,Female,0,Yes,Yes,49,Yes,No,DSL,No,No,One year,Yes,Electronic check,45.1,2216.65,No
CUST-03985,Female,0,No,No,36,Yes,No,Fiber optic,No,No,Month-to-month,No,Bank transfer (automatic),93.85,3465.48,No
CUST-03986,Female,0,Yes,Yes,13,Yes,No,No,No internet service,No internet service,Month-to-month,No,Bank transfer (automatic),100.61,1308.45,No
CUST-03987,Male,1,Yes,Yes,36,Yes,Yes,No,No internet service,No internet service,One year,No,Electronic check,47.93,1710.42,No
CUST-03988,Female,1,No,Yes,26,Yes,Yes,Fiber optic,Yes,Yes,One year,Yes,Bank transfer (automatic),56.8,1491.03,No
CUST-03989,Male,0,No,Yes,4,Yes,No,DSL,Yes,Yes,One year,No,Credit card (automatic),27.76,75.21,No
CUST-03990,Female,0,No,Yes,64,Yes,No,Fiber optic,Yes,Yes,Two year,No,Bank transfer (automatic),91.35,5835.45,No
CUST-03991,Male,0,Yes,Yes,38,Yes,No,DSL,Yes,No,Two year,No,Bank transfer (automatic),20.36,775.15,No
CUST-03992,Male,0,Yes,No,22,Yes,Yes,Fiber optic,Yes,No,Two year,No,Electronic check,24.65,573.78,No
CUST-03993,Female,1,Yes,No,2,No,No phone service,Fiber optic,No,No,One year,No,Credit card (automatic),20.43,7.21,No
CUST-03994,Female,0,No,Yes,31,Yes,Yes,DSL,No,Yes,Month-to-month,No,Credit card (automatic),84.53,2620.14,No
CUST-03995,Female,1,Yes,No,11,Yes,Yes,Fiber optic,Yes,Yes,One year,No,Bank transfer (automatic),61.74,589.59,No
CUST-03996,Female,0,No,No,46,Yes,Yes,Fiber optic,Yes,Yes,Month-to-month,No,Mailed check,49.75,2314.33,No
CUST-03997,Female,0,No,No,62,No,No phone service,DSL,No,No,Month-to-month,Yes,Mailed check,111.27,6887.22,No
CUST-03998,Male,0,Yes,No,69,Yes,No,Fiber optic,Yes,No,Month-to-month,No,Electronic check,39.28,2804.54,No
CUST-03999,Male,1,Yes,Yes,64,Yes,Yes,Fiber optic,Yes,Yes,One year,No,Credit card (automatic),58.94,3789.73,No
CUST-04000,Male,0,No,Yes,10,Yes,No,Fiber optic,Yes,Yes,One year,Yes,Electronic check,114.03,1096.95,No
CUST-04001,Female,0,No,Yes,40,Yes,No,DSL,No,No,Two year,No,Mailed check,62.71,2453.72,No
CUST-04002,Female,0,Yes,Yes,24,Yes,No,No,No internet service,No internet service,Two year,No,Bank transfer (automatic),75.47,1844.36,No
CUST-04003,Female,1,No,Yes,44,Yes,Yes,Fiber optic,Yes,No,One year,Yes,Electronic check,28.03,1323.14,No
CUST-04004,Male,0,No,No,60,Yes,No,No,No internet service,No internet service,Month-to-month,No,Electronic check,99.02,6015.71,No
CUST-04005,Female,0,Yes,No,62,No,No phone service,DSL,Yes,Yes,Month-to-month,Yes,Bank transfer (automatic),62.28,3800.73,Yes
CUST-04006,Male,0,No,Yes,17,Yes,Yes,DSL,Yes,No,Month-to-month,No,Electronic check,100.05,1711.01,No
CUST-04007,Male,1,Yes,Yes,65,Yes,Yes,Fiber optic,No,No,Month-to-month,No,Bank transfer (automatic),45.38,3006.05,No
CUST-04008,Female,0,Yes,Yes,57,Yes,Yes,Fiber optic,No,Yes,Two year,No,Electronic check,62.25,3481.19,No
CUST-04009,Male,0,Yes,Yes,55,Yes,No,Fiber optic,No,Yes,Two year,Yes,Credit card (automatic),98.65,5477.62,No
CUST-04010,Male,0,No,No,53,Yes,No,Fiber optic,No,Yes,Month-to-month,Yes,Mailed check,117.39,6186.53,Yes
CUST-04011,Male,0,Yes,No,56,Yes,No,Fiber optic,No,Yes,Month-to-month,No,Mailed check,25.96,1442.99,No
CUST-04012,Female,0,Yes,No,9,No,No phone service,Fiber optic,Yes,No,One year,Yes,Electronic check,101.25,925.08,No
CUST-04013,Male,0,Yes,No,22,Yes,No,No,No internet service,No internet service,Month-to-month,No,Credit card (automatic),50.07,1154.96,No
CUST-04014,Female,0,Yes,Yes,13,Yes,Yes,DSL,Yes,No,Two year,Yes,Credit card (automatic),75.07,1052.51,No
CUST-04015,Female,0,Yes,Yes,48,Yes,No,No,No internet service,No internet service,Month-to-month,No,Bank transfer (automatic),49.01,2336.33,No
CUST-04016,Male,0,Yes,Yes,18,Yes,No,No,No internet service,No internet service,Month-to-month,Yes,Mailed check,81.34,1440.14,No
CUST-04017,Female,0,No,No,40,Yes,No,DSL,Yes,Yes,One year,Yes,Mailed check,55.38,2187.89,No
CUST-04018,Male,1,No,Yes,17,Yes,No,Fiber optic,Yes,Yes,Month-to-month,Yes,Electronic check,53.36,946.1,No
CUST-04019,Female,0,No,Yes,15,Yes,No,DSL,Yes,No,Two year,No,Mailed check,23.79,406.63,No
CUST-04020,Female,0,No,Yes,15,Yes,Yes,No,No internet service,No internet service,Two year,Yes,Credit card (automatic),34.7,565.22,No
CUST-04021,Female,0,Yes,No,63,Yes,No,Fiber optic,Yes,Yes,Two year,No,Bank transfer (automatic),111.71,7051.22,No
CUST-04022,Female,0,No,Yes,39,Yes,No,DSL,No,Yes,One year,No,Credit card (automatic),119.83,4691.79,No
CUST-04023,Female,0,No,No,13,Yes,Yes,Fiber optic,No,No,One year,No,Bank transfer (automatic),98.05,1263.13,No
CUST-04024,Female,1,No,No,32,Yes,No,Fiber optic,Yes,Yes,Month-to-month,No,Mailed check,48.68,1550.9,No
CUST-04025,Female,0,Yes,No,9,Yes,Yes,Fiber optic,Yes,Yes,Two year,Yes,Electronic check,60.24,584.86,No
CUST-04026,Male,0,Yes,Yes,40,Yes,No,DSL,No,No,One year,No,Bank transfer (automatic),93.95,3771.21,No
CUST-04027,Male,0,Yes,Yes,20,Yes,Yes,Fiber optic,No,Yes,Month-to-month,Yes,Bank transfer (automatic),116.85,2313.34,No
CUST-04028,Male,0,No,Yes,63,Yes,Yes,No,No internet service,No internet service,Month-to-month,No,Bank transfer (automatic),65.55,4184.62,No
CUST-04029,Female,0,Yes,No,44,No,No phone service,No,No internet service,No internet service,Month-to-month,No,Mailed check,102.95,4499.41,No
CUST-04030,Male,1,Yes,No,38,Yes,No,Fiber optic,Yes,No,Two year,Yes,Credit card (automatic),117.51,4472.66,No
CUST-04031,Female,0,Yes,Yes,60,Yes,Yes,No,No internet service,No internet service,One year,Yes,Bank transfer (automatic),107.35,6379.0,No
CUST-04032,Female,0,No,No,71,Yes,No,No,No internet service,No internet service,Two year,Yes,Bank transfer (automatic),42.71,2985.12,No
CUST-04033,Female,1,Yes,No,48,Yes,No,DSL,No,Yes,Two year,No,Credit card (automatic),20.8,999.36,No
CUST-04034,Female,0,No,Yes,18,Yes,Yes,Fiber optic,No,Yes,One year,Yes,Credit card (automatic),69.21,1210.97,No
CUST-04035,Female,0,No,Yes,16,Yes,Yes,DSL,Yes,No,Month-to-month,No,Mailed check,73.14,1158.78,No
CUST-04036,Female,0,Yes,No,55,Yes,No,Fiber optic,Yes,Yes,Two year,Yes,Mailed check,40.13,2267.81,No
CUST-04037,Female,1,Yes,Yes,39,Yes,Yes,No,No internet service,No internet service,One year,No,Mailed check,48.47,1884.09,No
CUST-04038,Female,0,Yes,Yes,68,Yes,Yes,No,No internet service,No internet service,One year,Yes,Credit card (automatic),96.52,6608.35,No
CUST-04039,Male,1,Yes,No,59,Yes,No,No,No internet service,No internet service,Month-to-month,Yes,Electronic check,67.03,3915.73,No
CUST-04040,Female,0,No,No,62,Yes,Yes,DSL,No,No,Month-to-month,No,Credit card (automatic),51.74,3235.33,No
CUST-04041,Male,0,No,No,13,Yes,Yes,No,No internet service,No internet service,Month-to-month,No,Credit card (automatic),82.26,1019.37,No
CUST-04042,Male,0,No,Yes,6,No,No phone service,No,No internet service,No internet service,One year,Yes,Electronic check,85.28,499.19,No
CUST-04043,Female,0,No,Yes,60,Yes,Yes,Fiber optic,Yes,Yes,Two year,No,Mailed check,96.94,5845.87,No
CUST-04044,Male,0,Yes,No,14,No,No phone service,Fiber optic,Yes,Yes,Month-to-month,No,Electronic check,35.67,500.02,No
CUST-04045,Female,0,No,No,54,Yes,Yes,No,No internet service,No internet service,Two year,Yes,Bank transfer (automatic),94.15,5131.22,No
CUST-04046,Male,0,No,Yes,4,Yes,No,No,No internet service,No internet service,Month-to-month,Yes,Credit card (automatic),79.94,353.14,No
CUST-04047,Female,0,Yes,No,39,Yes,No,DSL,Yes,Yes,One year,Yes,Credit card (automatic),25.76,989.22,No
CUST-04048,Male,1,No,Yes,25,Yes,No,DSL,No,Yes,Month-to-month,Yes,Electronic check,97.74,2508.35,Yes
CUST-04049,Female,1,Yes,No,32,Yes,Yes,No,No internet service,No internet service,Two year,No,Electronic check,58.31,1887.74,No
CUST-04050,Male,0,Yes,Yes,59,No,No phone service,DSL,No,Yes,Month-to-month,Yes,Bank transfer (automatic),53.04,3117.18,Yes
CUST-04051,Female,1,Yes,Yes,63,No,No phone service,DSL,No,No,Month-to-month,Yes,Mailed check,64.81,4090.32,No
CUST-04052,Female,0,No,Yes,38,Yes,Yes,DSL,No,No,Two year,No,Bank transfer (automatic),54.62,2080.11,No
CUST-04053,Male,0,Yes,Yes,53,Yes,No,Fiber optic,No,Yes,One year,Yes,Bank transfer (automatic),53.83,2863.07,No
CUST-04054,Male,0,Yes,No,67,Yes,Yes,Fiber optic,No,No,Month-to-month,No,Credit card (automatic),100.81,6747.18,No
CUST-04055,Male,1,Yes,No,28,Yes,Yes,No,No internet service,No internet service,Two year,No,Credit card (automatic),32.45,927.23,No
CUST-04056,Male,0,No,Yes,3,Yes,No,Fiber optic,No,Yes,One year,Yes,Credit card (automatic),117.06,390.67,No
CUST-04057,Female,0,No,Yes,22,Yes,Yes,Fiber optic,Yes,Yes,Month-to-month,No,Credit card (automatic),75.49,1682.06,No
CUST-04058,Male,0,Yes,Yes,38,Yes,No,No,No internet service,No internet service,One year,Yes,Bank transfer (automatic),38.29,1474.6,No
CUST-04059,Male,0,No,No,62,Yes,Yes,No,No internet service,No internet service,Month-to-month,Yes,Credit card (automatic),33.12,2048.41,No
CUST-04060,Female,0,No,No,57,Yes,No,No,No internet service,No internet service,Two year,Yes,Mailed check,79.15,4467.25,No
CUST-04061,Female,0,No,No,6,Yes,No,Fiber optic,No,Yes,Two year,No,Credit card (automatic),83.3,443.33,No
CUST-04062,Female,0,No,No,32,Yes,Yes,Fiber optic,Yes,Yes,Month-to-month,No,Electronic check,25.3,774.22,No
CUST-04063,Male,1,No,Yes,10,Yes,No,DSL,Yes,No,Month-to-month,No,Credit card (automatic),44.3,422.1,Yes
CUST-04064,Male,0,Yes,No,3,Yes,No,DSL,Yes,Yes,Two year,Yes,Credit card (automatic),99.55,382.24,No
CUST-04065,Male,0,No,Yes,59,Yes,Yes,No,No internet service,No internet service,Month-to-month,Yes,Bank transfer (automatic),24.96,1535.22,No
CUST-04066,Male,0,No,No,49,Yes,Yes,Fiber optic,No,No,Month-to-month,Yes,Bank transfer (automatic),105.51,5140.32,No
CUST-04067,Female,0,No,No,59,Yes,Yes,Fiber optic,Yes,Yes,Month-to-month,Yes,Electronic check,85.82,5085.87,Yes
CUST-04068,Male,0,No,No,31,Yes,No,No,No internet service,No internet service,One year,No,Electronic check,63.44,1963.26,No
CUST-04069,Male,0,Yes,No,69,Yes,Yes,Fiber optic,No,No,Month-to-month,No,Bank transfer (automatic),54.64,3781.96,No
CUST-04070,Female,0,Yes,No,62,Yes,No,Fiber optic,Yes,Yes,Month-to-month,No,Bank transfer (automatic),21.92,1331.61,No
CUST-04071,Female,0,No,Yes,52,Yes,Yes,DSL,No,No,Two year,No,Credit card (automatic),102.52,5443.13,No
CUST-04072,Female,0,Yes,Yes,41,Yes,No,Fiber optic,No,No,Month-to-month,Yes,Bank transfer (automatic),34.27,1498.29,No
CUST-04073,Male,0,No,Yes,31,Yes,Yes,Fiber optic,No,No,Month-to-month,No,Electronic check,50.95,1564.82,No
CUST-04074,Male,1,No,No,22,Yes,No,DSL,No,No,One year,Yes,Bank transfer (automatic),76.91,1662.2,No
CUST-04075,Female,0,Yes,No,4,Yes,Yes,DSL,Yes,No,One year,No,Mailed check,44.6,224.67,No
CUST-04076,Male,0,Yes,Yes,13,Yes,Yes,DSL,No,Yes,Month-to-month,Yes,Electronic check,69.71,845.75,Yes
CUST-04077,Male,0,No,No,45,Yes,Yes,DSL,Yes,No,Month-to-month,No,Mailed check,100.93,4584.15,No
CUST-04078,Female,0,No,No,42,Yes,Yes,No,No internet service,No internet service,Month-to-month,No,Electronic check,67.05,2822.37,No
CUST-04079,Female,0,Yes,Yes,49,Yes,Yes,Fiber optic,Yes,Yes,Month-to-month,Yes,Bank transfer (automatic),114.9,5558.4,No
CUST-04080,Female,0,No,No,20,No,No phone service,Fiber optic,No,No,Month-to-month,No,Electronic check,104.75,2087.41,No
CUST-04081,Male,1,No,No,54,Yes,No,Fiber optic,No,Yes,One year,No,Electronic check,53.3,2845.41,No
CUST-04082,Male,0,Yes,Yes,36,Yes,Yes,Fiber optic,Yes,Yes,Month-to-month,No,Bank transfer (automatic),60.0,2168.09,No
CUST-04083,Male,0,Yes,No,1,Yes,Yes,No,No internet service,No internet service,Two year,Yes,Electronic check,62.33,65.21,No
CUST-04084,Female,0,Yes,No,15,Yes,Yes,Fiber optic,No,Yes,Month-to-month,No,Bank transfer (automatic),82.62,1171.93,No
CUST-04085,Male,0,No,Yes,17,Yes,Yes,DSL,Yes,No,Month-to-month,Yes,Credit card (automatic),48.68,810.85,No
CUST-04086,Male,0,No,Yes,24,Yes,No,Fiber optic,Yes,No,One year,Yes,Bank transfer (automatic),116.92,2834.82,No
CUST-04087,Female,0,Yes,No,58,Yes,Yes,Fiber optic,Yes,No,Month-to-month,No,Electronic check,80.87,4727.81,No
CUST-04088,Male,0,Yes,Yes,23,Yes,No,Fiber optic,No,No,Month-to-month,Yes,Mailed check,59.94,1360.47,No
CUST-04089,Male,0,No,No,46,Yes,No,DSL,No,No,Month-to-month,No,Bank transfer (automatic),84.5,3909.89,No
CUST-04090,Female,0,No,No,8,Yes,Yes,Fiber optic,No,Yes,Two year,No,Bank transfer (automatic),59.54,489.64,No
CUST-04091,Female,0,No,No,59,Yes,No,Fiber optic,Yes,Yes,Month-to-month,Yes,Bank transfer (automatic),101.78,6002.39,No
CUST-04092,Female,0,Yes,No,59,Yes,No,Fiber optic,No,No,Two year,No,Bank transfer (automatic),76.78,4553.21,No
CUST-04093,Female,0,Yes,Yes,13,Yes,Yes,No,No internet service,No internet service,Month-to-month,Yes,Mailed check,24.2,268.34,No
CUST-04094,Female,0,No,Yes,39,Yes,Yes,Fiber optic,No,No,Two year,Yes,Bank transfer (automatic),37.68,1469.57,No
CUST-04095,Male,0,No,Yes,28,Yes,No,Fiber optic,Yes,No,Month-to-month,No,Mailed check,106.5,2901.8,No
CUST-04096,Female,0,No,Yes,61,Yes,No,Fiber optic,Yes,Yes,One year,Yes,Mailed check,76.29,4650.98,No
CUST-04097,Female,0,No,No,16,Yes,No,Fiber optic,No,No,One year,No,Bank transfer (automatic),115.03,1911.73,No
CUST-04098,Female,0,Yes,Yes,2,Yes,No,Fiber optic,Yes,No,Month-to-month,Yes,Electronic check,27.24,38.5,No
CUST-04099,Male,0,Yes,No,17,Yes,No,Fiber optic,Yes,Yes,One year,Yes,Credit card (automatic),49.53,908.26,No
CUST-04100,Male,0,Yes,No,30,Yes,Yes,No,No internet service,No internet service,Month-to-month,No,Mailed check,39.35,1165.32,No
CUST-04101,Female,0,Yes,No,13,Yes,Yes,No,No internet service,No internet service,Month-to-month,No,Electronic check,75.38,925.7,No
CUST-04102,Male,0,Yes,No,13,Yes,Yes,DSL,Yes,Yes,Month-to-month,Yes,Credit card (automatic),58.28,790.91,Yes
CUST-04103,Male,0,No,No,43,Yes,No,DSL,Yes,Yes,Month-to-month,Yes,Bank transfer (automatic),35.73,1559.59,No
CUST-04104,Male,0,Yes,Yes,21,Yes,No,Fiber optic,No,No,Month-to-month,Yes,Electronic check,84.28,1885.83,No
CUST-04105,Female,0,Yes,No,55,No,No phone service,Fiber optic,Yes,No,One year,No,Credit card (automatic),73.63,4000.69,No
CUST-04106,Male,0,Yes,Yes,40,Yes,No,Fiber optic,Yes,No,Month-to-month,Yes,Electronic check,47.47,1916.62,No
CUST-04107,Male,1,No,No,15,No,No phone service,Fiber optic,No,No,One year,No,Bank transfer (automatic),67.98,1039.3,No
CUST-04108,Female,0,No,No,52,Yes,Yes,No,No internet service,No internet service,Month-to-month,Yes,Credit card (automatic),94.57,4970.55,Yes
CUST-04109,Female,0,Yes,No,53,Yes,No,Fiber optic,Yes,Yes,Month-to-month,Yes,Electronic check,40.53,2174.58,No
CUST-04110,Male,0,Yes,No,52,Yes,Yes,Fiber optic,Yes,Yes,Month-to-month,Yes,Credit card (automatic),49.29,2548.68,No
CUST-04111,Female,0,Yes,No,30,Yes,Yes,Fiber optic,Yes,Yes,Two year,Yes,Bank transfer (automatic),54.61,1584.75,No
CUST-04112,Female,0,Yes,Yes,33,No,No phone service,No,No internet service,No internet service,Month-to-month,Yes,Electronic check,94.67,3141.44,Yes
CUST-04113,Female,0,No,No,57,Yes,No,DSL,Yes,No,Month-to-month,No,Mailed check,104.69,5986.05,No
CUST-04114,Female,0,Yes,Yes,52,Yes,No,DSL,Yes,No,Month-to-month,No,Credit card (automatic),57.64,3028.85,No
CUST-04115,Male,0,Yes,Yes,9,No,No phone service,Fiber optic,No,No,Month-to-month,No,Credit card (automatic),49.66,432.47,No
CUST-04116,Female,0,Yes,Yes,54,No,No phone service,No,No internet service,No internet service,Two year,Yes,Credit card (automatic),108.94,5896.67,No
CUST-04117,Female,0,Yes,Yes,1,Yes,No,No,No internet service,No internet service,Month-to-month,No,Credit card (automatic),119.94,42.73,No
CUST-04118,Male,1,No,Yes,44,Yes,Yes,Fiber optic,Yes,No,Two year,Yes,Credit card (automatic),87.04,3778.3,No
CUST-04119,Female,0,Yes,No,9,Yes,No,DSL,No,No,Two year,Yes,Credit card (automatic),119.0,1117.78,No
CUST-04120,Male,0,Yes,No,32,Yes,Yes,Fiber optic,Yes,Yes,One year,Yes,Bank transfer (automatic),86.0,2760.99,No
CUST-04121,Female,0,Yes,No,15,No,No phone service,No,No internet service,No internet service,Month-to-month,Yes,Electronic check,93.35,1424.04,Yes
CUST-04122,Male,0,Yes,No,12,Yes,Yes,Fiber optic,No,Yes,Month-to-month,Yes,Mailed check,58.87,676.52,No
CUST-04123,Female,0,Yes,Yes,57,Yes,No,Fiber optic,Yes,No,Two year,No,Credit card (automatic),63.3,3571.83,No
CUST-04124,Female,1,No,No,8,Yes,No,Fiber optic,Yes,No,Month-to-month,No,Mailed check,34.41,254.1,No
CUST-04125,Male,0,No,No,27,Yes,No,No,No internet service,No internet service,Two year,Yes,Electronic check,102.28,2773.44,No
CUST-04126,Male,1,Yes,No,62,Yes,Yes,Fiber optic,Yes,No,Month-to-month,Yes,Electronic check,113.11,7047.12,Yes
CUST-04127,Male,0,No,Yes,12,Yes,No,Fiber optic,No,No,Month-to-month,No,Electronic check,82.34,975.62,Yes
CUST-04128,Male,0,Yes,Yes,65,Yes,Yes,Fiber optic,No,No,Two year,Yes,Mailed check,54.36,3450.42,No
CUST-04129,Male,0,Yes,Yes,42,Yes,Yes,Fiber optic,Yes,No,One year,No,Bank transfer (automatic),35.4,1506.85,No
CUST-04130,Female,0,Yes,Yes,62,Yes,No,Fiber optic,No,Yes,One year,No,Credit card (automatic),46.52,2897.59,No
CUST-04131,Male,0,Yes,Yes,11,Yes,Yes,DSL,No,No,Month-to-month,No,Electronic check,45.54,524.9,No
CUST-04132,Female,0,Yes,No,43,Yes,Yes,Fiber optic,Yes,Yes,Two year,No,Mailed check,81.35,3540.87,No
CUST-04133,Male,1,Yes,Yes,17,Yes,Yes,DSL,Yes,Yes,Month-to-month,Yes,Credit card (automatic),114.5,1985.38,No
CUST-04134,Male,0,No,No,32,Yes,Yes,No,No internet service,No internet service,Two year,Yes,Credit card (automatic),24.83,862.6,No
CUST-04135,Female,0,Yes,No,40,Yes,Yes,DSL,No,Yes,Two year,Yes,Electronic check,20.1,805.42,No
CUST-04136,Female,0,No,No,23,Yes,No,No,No internet service,No internet service,Month-to-month,Yes,Mailed check,80.02,1818.86,No
CUST-04137,Female,0,No,Yes,56,Yes,No,No,No internet service,No internet service,Month-to-month,No,Electronic check,48.41,2763.0,No
CUST-04138,Female,0,No,No,6,Yes,No,Fiber optic,No,Yes,Month-to-month,No,Electronic check,108.05,693.72,No
CUST-04139,Male,0,Yes,No,50,Yes,Yes,DSL,No,No,Month-to-month,No,Electronic check,52.73,2624.86,No
CUST-04140,Female,0,Yes,Yes,37,Yes,No,DSL,No,No,Month-to-month,Yes,Electronic check,48.97,1867.18,No
CUST-04141,Male,0,Yes,No,64,Yes,Yes,DSL,No,No,Month-to-month,Yes,Credit card (automatic),46.95,3008.53,No
CUST-04142,Male,1,Yes,Yes,54,Yes,Yes,DSL,Yes,No,One year,No,Credit card (automatic),34.49,1926.28,No
CUST-04143,Male,0,Yes,Yes,49,Yes,Yes,Fiber optic,Yes,No,Two year,Yes,Credit card (automatic),78.15,3915.81,No
CUST-04144,Female,0,No,Yes,11,Yes,Yes,Fiber optic,No,Yes,Month-to-month,No,Electronic check,36.82,537.07,No
CUST-04145,Female,0,No,No,49,Yes,No,Fiber optic,Yes,Yes,One year,Yes,Credit card (automatic),62.46,3063.65,No
CUST-04146,Female,0,Yes,No,21,Yes,Yes,No,No internet service,No internet service,Month-to-month,Yes,Bank transfer (automatic),66.1,1458.87,No
CUST-04147,Female,0,No,No,66,Yes,No,Fiber optic,No,Yes,One year,No,Mailed check,22.05,1497.99,No
CUST-04148,Female,0,No,Yes,63,Yes,No,DSL,Yes,No,One year,Yes,Electronic check,21.68,1413.19,No
CUST-04149,Female,0,Yes,No,28,Yes,No,DSL,Yes,Yes,Two year,No,Electronic check,72.02,2037.78,No
CUST-04150,Male,0,Yes,No,17,Yes,No,Fiber optic,Yes,Yes,One year,No,Credit card (automatic),89.6,1570.76,No
CUST-04151,Female,0,Yes,Yes,6,No,No phone service,DSL,Yes,No,Month-to-month,No,Electronic check,114.21,616.56,No
CUST-04152,Male,0,No,No,19,Yes,Yes,Fiber optic,Yes,No,Two year,Yes,Mailed check,37.91,718.85,No
CUST-04153,Male,0,No,No,56,Yes,Yes,Fiber optic,No,Yes,Month-to-month,No,Credit card (automatic),30.33,1665.81,No
CUST-04154,Female,0,No,Yes,28,Yes,Yes,Fiber optic,No,No,Two year,Yes,Mailed check,25.21,669.02,No
CUST-04155,Female,0,No,Yes,66,Yes,No,DSL,Yes,No,Two year,Yes,Bank transfer (automatic),63.6,4125.82,No
CUST-04156,Female,0,No,No,38,Yes,Yes,No,No internet service,No internet service,Month-to-month,No,Mailed check,82.31,3101.44,Yes
CUST-04157,Female,0,No,No,37,Yes,Yes,Fiber optic,Yes,Yes,Month-to-month,Yes,Credit card (automatic),104.06,3841.51,No
CUST-04158,Male,0,No,Yes,68,Yes,Yes,No,No internet service,No internet service,Month-to-month,Yes,Electronic check,88.26,6010.9,No
CUST-04159,Female,0,Yes,Yes,49,Yes,Yes,DSL,No,No,Month-to-month,No,Mailed check,40.84,2000.54,No
CUST-04160,Female,0,No,Yes,43,Yes,No,Fiber optic,Yes,Yes,Month-to-month,Yes,Electronic check,66.18,2898.36,No
CUST-04161,Male,0,Yes,No,36,Yes,Yes,DSL,Yes,Yes,Two year,No,Bank transfer (automatic),111.03,3952.28,No
CUST-04162,Male,0,Yes,Yes,58,Yes,Yes,Fiber optic,Yes,Yes,Two year,Yes,Bank transfer (automatic),52.67,2957.68,No
CUST-04163,Female,0,No,No,13,Yes,No,No,No internet service,No internet service,One year,Yes,Bank transfer (automatic),69.87,934.88,Yes
CUST-04164,Male,0,No,Yes,52,Yes,Yes,DSL,No,Yes,Month-to-month,No,Bank transfer (automatic),115.86,6022.38,No
CUST-04165,Female,0,Yes,No,58,Yes,Yes,DSL,No,Yes,Two year,No,Electronic check,93.47,5417.89,No
CUST-04166,Female,1,No,Yes,32,Yes,Yes,DSL,No,Yes,One year,No,Mailed check,94.77,2997.0,No
CUST-04167,Male,0,Yes,Yes,60,Yes,Yes,DSL,Yes,Yes,Month-to-month,No,Credit card (automatic),45.23,2759.26,No
CUST-04168,Male,0,No,No,58,Yes,No,DSL,No,No,Two year,Yes,Electronic check,61.47,3544.31,No
CUST-04169,Female,0,No,Yes,56,Yes,No,Fiber optic,No,No,One year,No,Bank transfer (automatic),28.23,1536.7,No
CUST-04170,Female,1,Yes,Yes,28,Yes,Yes,DSL,Yes,No,One year,No,Electronic check,80.65,2341.91,No
CUST-04171,Female,0,Yes,No,1,Yes,Yes,DSL,No,No,Two year,Yes,Bank transfer (automatic),30.37,64.95,No
CUST-04172,Male,1,Yes,No,42,Yes,No,Fiber optic,Yes,No,Two year,No,Mailed check,103.59,4348.77,No
CUST-04173,Male,0,Yes,Yes,48,Yes,Yes,Fiber optic,Yes,Yes,Month-to-month,Yes,Mailed check,101.46,4748.02,No
CUST-04174,Female,1,No,Yes,40,Yes,Yes,DSL,Yes,Yes,Month-to-month,Yes,Credit card (automatic),73.36,2922.63,No
CUST-04175,Female,1,Yes,No,63,Yes,Yes,No,No internet service,No internet service,Month-to-month,Yes,Bank transfer (automatic),34.12,2148.48,No
CUST-04176,Male,0,Yes,No,4,Yes,No,Fiber optic,Yes,No,Month-to-month,Yes,Mailed check,22.56,163.42,No
CUST-04177,Female,0,Yes,No,38,Yes,No,Fiber optic,No,No,Month-to-month,Yes,Mailed check,99.67,3699.96,No
CUST-04178,Male,0,No,No,27,No,No phone service,No,No internet service,No internet service,Month-to-month,No,Mailed check,80.01,2238.28,Yes
CUST-04179,Female,1,No,Yes,9,Yes,No,No,No internet service,No internet service,Month-to-month,No,Mailed check,91.09,841.66,Yes
CUST-04180,Male,1,Yes,Yes,16,No,No phone service,DSL,Yes,Yes,Month-to-month,Yes,Credit card (automatic),50.38,745.7,No
CUST-04181,Female,0,No,Yes,56,Yes,No,DSL,Yes,Yes,Two year,Yes,Electronic check,70.95,4019.29,No
CUST-04182,Female,0,Yes,No,31,No,No phone service,Fiber optic,No,No,One year,Yes,Credit card (automatic),94.72,2924.13,No
CUST-04183,Female,0,No,No,14,Yes,Yes,Fiber optic,No,Yes,Month-to-month,No,Mailed check,66.26,844.55,No
CUST-04184,Male,0,Yes,Yes,25,Yes,No,DSL,Yes,No,Month-to-month,Yes,Electronic check,80.14,1981.28,No
CUST-04185,Female,1,Yes,No,34,Yes,No,DSL,Yes,Yes,Two year,No,Bank transfer (automatic),98.97,3377.73,No
CUST-04186,Female,0,No,No,67,No,No phone service,Fiber optic,Yes,Yes,Month-to-month,No,Credit card (automatic),41.52,2784.94,Yes
CUST-04187,Female,1,Yes,Yes,24,Yes,No,No,No internet service,No internet service,Month-to-month,No,Electronic check,26.59,670.33,No
CUST-04188,Female,0,Yes,Yes,26,Yes,No,Fiber optic,Yes,No,Two year,Yes,Credit card (automatic),73.18,1957.55,No
CUST-04189,Female,0,Yes,No,20,Yes,No,No,No internet service,No internet service,One year,No,Credit card (automatic),26.21,469.27,No
CUST-04190,Female,0,No,Yes,64,Yes,Yes,DSL,No,No,Month-to-month,No,Mailed check,96.66,6185.19,No
CUST-04191,Male,1,No,Yes,10,Yes,No,DSL,No,Yes,Month-to-month,Yes,Electronic check,91.92,888.7,No
CUST-04192,Male,0,Yes,No,67,Yes,Yes,DSL,Yes,Yes,Month-to-month,Yes,Bank transfer (automatic),108.17,7184.94,Yes
CUST-04193,Female,0,Yes,No,24,Yes,Yes,No,No internet service,No internet service,One year,No,Electronic check,83.96,2012.45,No
CUST-04194,Female,0,Yes,No,5,Yes,Yes,No,No internet service,No internet service,One year,No,Electronic check,26.72,155.18,No
CUST-04195,Male,0,No,No,67,Yes,Yes,Fiber optic,No,Yes,Month-to-month,No,Mailed check,45.32,3060.97,No
CUST-04196,Male,0,Yes,Yes,58,Yes,Yes,DSL,Yes,No,Month-to-month,No,Electronic check,100.79,5826.06,No
CUST-04197,Female,0,Yes,No,27,Yes,Yes,Fiber optic,Yes,Yes,One year,Yes,Bank transfer (automatic),36.71,940.78,No
CUST-04198,Male,0,Yes,No,15,Yes,No,No,No internet service,No internet service,Month-to-month,No,Credit card (automatic),89.85,1315.52,No
CUST-04199,Female,0,No,Yes,35,Yes,No,No,No internet service,No internet service,Two year,No,Mailed check,98.03,3337.21,No
CUST-04200,Female,1,Yes,Yes,53,Yes,Yes,Fiber optic,No,Yes,Month-to-month,Yes,Mailed check,53.01,2750.06,No
CUST-04201,Male,0,No,Yes,44,Yes,No,Fiber optic,Yes,Yes,Month-to-month,Yes,Electronic check,52.23,2242.99,No
CUST-04202,Female,0,Yes,No,26,No,No phone service,Fiber optic,Yes,No,Month-to-month,No,Electronic check,75.78,2012.55,No
CUST-04203,Female,0,Yes,No,47,Yes,No,Fiber optic,No,No,Two year,No,Credit card (automatic),106.13,5030.33,No
CUST-04204,Female,0,Yes,Yes,34,Yes,No,Fiber optic,Yes,Yes,One year,No,Electronic check,42.39,1547.73,No
CUST-04205,Female,0,No,No,50,Yes,No,No,No internet service,No internet service,Two year,Yes,Mailed check,114.13,5718.52,No
CUST-04206,Male,0,Yes,Yes,12,Yes,No,DSL,No,Yes,Month-to-month,No,Electronic check,79.91,934.73,Yes
CUST-04207,Male,0,Yes,No,4,Yes,No,No,No internet service,No internet service,One year,Yes,Mailed check,119.21,477.44,No
CUST-04208,Male,0,Yes,Yes,48,Yes,Yes,DSL,No,Yes,Month-to-month,Yes,Bank transfer (automatic),28.96,1381.62,No
CUST-04209,Female,0,No,Yes,55,Yes,No,Fiber optic,No,Yes,One year,Yes,Mailed check,32.66,1764.71,No
CUST-04210,Male,1,Yes,Yes,1,Yes,No,Fiber optic,No,No,Month-to-month,Yes,Mailed check,102.66,118.66,No
CUST-04211,Male,0,Yes,Yes,66,Yes,Yes,Fiber optic,No,Yes,Month-to-month,No,Mailed check,106.48,7037.35,No
CUST-04212,Male,0,Yes,Yes,30,Yes,Yes,No,No internet service,No internet service,Two year,No,Credit card (automatic),64.55,1932.37,No
CUST-04213,Female,0,No,Yes,3,Yes,Yes,DSL,Yes,No,One year,No,Bank transfer (automatic),91.41,259.52,No
CUST-04214,Female,1,No,No,21,Yes,No,Fiber optic,No,Yes,Two year,Yes,Mailed check,106.76,2273.56,No
CUST-04215,Female,0,No,No,49,Yes,Yes,Fiber optic,No,Yes,Month-to-month,Yes,Electronic check,24.31,1163.5,No
CUST-04216,Female,1,No,Yes,62,Yes,Yes,No,No internet service,No internet service,Month-to-month,No,Electronic check,77.4,4778.64,No
CUST-04217,Female,0,No,No,38,Yes,Yes,Fiber optic,Yes,Yes,Two year,Yes,Mailed check,105.35,4027.05,No
CUST-04218,Male,0,Yes,No,15,Yes,Yes,DSL,No,No,Month-to-month,No,Electronic check,59.82,947.87,No
CUST-04219,Male,0,No,No,52,Yes,No,No,No internet service,No internet service,Month-to-month,Yes,Electronic check,50.24,2658.49,No
CUST-04220,Male,0,No,No,46,Yes,No,No,No internet service,No internet service,Month-to-month,Yes,Credit card (automatic),99.57,4567.24,No
CUST-04221,Female,0,No,Yes,25,Yes,No,DSL,Yes,Yes,Month-to-month,No,Bank transfer (automatic),53.58,1276.28,No
CUST-04222,Male,0,No,No,21,Yes,Yes,No,No internet service,No internet service,Two year,Yes,Electronic check,20.32,412.25,No
CUST-04223,Male,0,No,No,5,Yes,No,Fiber optic,Yes,No,Month-to-month,Yes,Bank transfer (automatic),115.96,583.48,Yes
CUST-04224,Female,0,No,No,70,Yes,No,No,No internet service,No internet service,Two year,No,Electronic check,79.21,5488.99,No
CUST-04225,Female,1,Yes,Yes,47,No,No phone service,Fiber optic,Yes,No,Two year,No,Mailed check,101.95,4776.25,No
CUST-04226,Female,0,Yes,Yes,68,Yes,No,DSL,Yes,No,Month-to-month,Yes,Mailed check,102.53,7032.39,No
CUST-04227,Female,0,No,No,18,Yes,No,No,No internet service,No internet service,Two year,Yes,Bank transfer (automatic),26.64,486.89,No
CUST-04228,Male,0,No,No,21,Yes,No,No,No internet service,No internet service,One year,No,Bank transfer (automatic),37.09,751.86,No
CUST-04229,Female,0,No,No,23,Yes,No,DSL,Yes,Yes,Two year,Yes,Bank transfer (automatic),51.11,1176.97,No
CUST-04230,Female,0,No,No,64,Yes,Yes,Fiber optic,Yes,No,Two year,Yes,Bank transfer (automatic),52.07,3336.67,No
CUST-04231,Female,0,Yes,No,67,Yes,Yes,No,No internet service,No internet service,Month-to-month,Yes,Mailed check,85.88,5735.29,No
CUST-04232,Male,0,No,Yes,40,Yes,No,Fiber optic,Yes,No,Two year,Yes,Electronic check,82.31,3331.02,No
CUST-04233,Male,0,Yes,Yes,10,Yes,No,No,No internet service,No internet service,Month-to-month,No,Mailed check,69.46,603.18,No
CUST-04234,Male,0,Yes,No,52,Yes,Yes,Fiber optic,No,No,One year,No,Bank transfer (automatic),41.13,2162.35,No
CUST-04235,Male,0,Yes,No,61,Yes,No,Fiber optic,No,Yes,Month-to-month,No,Credit card (automatic),58.2,3521.54,No
CUST-04236,Male,0,Yes,No,64,Yes,No,No,No internet service,No internet service,One year,Yes,Electronic check,74.36,4811.33,Yes
CUST-04237,Female,0,No,Yes,5,Yes,No,Fiber optic,Yes,No,Month-to-month,No,Mailed check,66.8,270.27,No
CUST-04238,Female,1,Yes,Yes,53,Yes,Yes,Fiber optic,Yes,No,Month-to-month,No,Credit card (automatic),32.73,1781.62,Yes
CUST-04239,Female,0,No,No,55,Yes,Yes,Fiber optic,Yes,Yes,One year,No,Electronic check,84.95,4632.79,No
CUST-04240,Male,0,No,Yes,37,Yes,Yes,Fiber optic,No,No,Month-to-month,No,Mailed check,27.31,1026.57,Yes
CUST-04241,Female,0,Yes,No,56,Yes,No,Fiber optic,No,No,One year,Yes,Electronic check,57.82,3214.67,No
CUST-04242,Male,0,Yes,Yes,59,Yes,Yes,No,No internet service,No internet service,Two year,No,Credit card (automatic),91.0,5425.36,No
CUST-04243,Male,0,Yes,Yes,69,No,No phone service,DSL,No,Yes,Month-to-month,No,Bank transfer (automatic),22.0,1508.45,No
CUST-04244,Female,0,No,Yes,59,No,No phone service,DSL,Yes,Yes,One year,Yes,Electronic check,77.0,4506.85,No
CUST-04245,Female,1,Yes,Yes,2,Yes,Yes,No,No internet service,No internet service,One year,No,Bank transfer (automatic),53.45,176.85,No
CUST-04246,Female,0,No,Yes,65,Yes,Yes,DSL,No,No,Two year,Yes,Mailed check,20.88,1343.19,No
CUST-04247,Female,0,No,Yes,60,Yes,Yes,No,No internet service,No internet service,One year,Yes,Mailed check,39.04,2368.49,No
CUST-04248,Male,0,No,No,51,Yes,Yes,Fiber optic,Yes,Yes,Month-to-month,No,Electronic check,114.09,5865.54,No
CUST-04249,Male,0,No,No,30,No,No phone service,Fiber optic,Yes,No,Month-to-month,No,Electronic check,72.11,2119.33,No
CUST-04250,Male,0,Yes,No,11,Yes,No,Fiber optic,No,Yes,Two year,No,Credit card (automatic),119.72,1338.02,No
CUST-04251,Female,0,Yes,No,39,Yes,No,DSL,Yes,No,Month-to-month,No,Bank transfer (automatic),72.48,2854.58,No
CUST-04252,Male,0,Yes,No,63,No,No phone service,Fiber optic,Yes,Yes,Month-to-month,Yes,Electronic check,74.39,4609.2,No
CUST-04253,Female,0,Yes,No,64,Yes,No,No,No internet service,No internet service,Two year,Yes,Electronic check,59.18,3803.67,No
CUST-04254,Male,1,Yes,No,61,Yes,Yes,No,No internet service,No internet service,Month-to-month,No,Electronic check,51.0,3093.3,No
CUST-04255,Female,1,Yes,No,54,Yes,Yes,No,No internet service,No internet service,Month-to-month,No,Electronic check,45.15,2519.11,No
CUST-04256,Male,0,No,No,58,No,No phone service,Fiber optic,No,Yes,Two year,No,Electronic check,54.34,3195.03,No
CUST-04257,Female,0,Yes,Yes,56,Yes,No,DSL,Yes,Yes,One year,Yes,Electronic check,65.99,3717.39,No
CUST-04258,Female,0,No,No,34,No,No phone service,Fiber optic,Yes,Yes,Month-to-month,Yes,Credit card (automatic),39.2,1230.73,No
CUST-04259,Male,0,No,No,31,No,No phone service,Fiber optic,No,Yes,Month-to-month,Yes,Electronic check,42.49,1339.44,No
CUST-04260,Female,0,No,Yes,52,Yes,Yes,DSL,No,Yes,Month-to-month,No,Credit card (automatic),47.15,2413.75,No
CUST-04261,Male,0,No,No,1,Yes,Yes,No,No internet service,No internet service,Month-to-month,Yes,Bank transfer (automatic),64.93,108.61,No
CUST-04262,Female,0,Yes,No,55,Yes,No,Fiber optic,No,Yes,Month-to-month,No,Bank transfer (automatic),85.28,4682.4,Yes
CUST-04263,Male,1,Yes,Yes,22,Yes,No,Fiber optic,Yes,No,Month-to-month,No,Credit card (automatic),105.61,2297.47,Yes
CUST-04264,Female,0,No,Yes,40,Yes,Yes,DSL,No,Yes,Month-to-month,Yes,Electronic check,48.71,1926.57,No
CUST-04265,Male,0,No,Yes,1,No,No phone service,DSL,No,No,Two year,No,Mailed check,38.37,19.86,No
CUST-04266,Male,0,Yes,No,65,Yes,No,No,No internet service,No internet service,Two year,Yes,Mailed check,57.88,3694.84,No
CUST-04267,Male,0,No,No,63,Yes,Yes,No,No internet service,No internet service,Month-to-month,Yes,Electronic check,109.44,6833.92,No
CUST-04268,Male,0,Yes,No,54,Yes,No,Fiber optic,Yes,Yes,Month-to-month,Yes,Electronic check,20.99,1116.69,Yes
CUST-04269,Female,0,No,No,42,Yes,Yes,No,No internet service,No internet service,Two year,No,Electronic check,87.79,3764.94,No
CUST-04270,Female,0,No,No,21,Yes,No,DSL,No,No,Month-to-month,Yes,Bank transfer (automatic),67.72,1457.84,Yes
CUST-04271,Male,0,Yes,No,22,Yes,Yes,No,No internet service,No internet service,One year,No,Electronic check,36.1,834.4,No
CUST-04272,Male,0,Yes,No,38,Yes,No,Fiber optic,No,Yes,Two year,Yes,Bank transfer (automatic),52.1,2039.66,No
CUST-04273,Female,0,Yes,No,8,Yes,Yes,No,No internet service,No internet service,Month-to-month,Yes,Credit card (automatic),42.5,354.06,Yes
CUST-04274,Male,0,Yes,No,62,Yes,No,Fiber optic,Yes,No,Month-to-month,No,Mailed check,107.78,6659.53,Yes
CUST-04275,Male,1,Yes,No,47,Yes,Yes,Fiber optic,Yes,Yes,Two year,Yes,Bank transfer (automatic),68.19,3184.38,No
CUST-04276,Male,0,Yes,Yes,17,Yes,Yes,DSL,No,No,One year,No,Bank transfer (automatic),76.31,1255.98,No
CUST-04277,Female,1,Yes,No,17,Yes,No,Fiber optic,Yes,No,Month-to-month,No,Mailed check,79.37,1389.84,No
CUST-04278,Male,0,No,Yes,13,No,No phone service,DSL,No,Yes,Two year,No,Bank transfer (automatic),83.96,1044.67,No
CUST-04279,Female,1,Yes,No,17,Yes,No,Fiber optic,Yes,No,Two year,Yes,Bank transfer (automatic),69.56,1287.04,No
CUST-04280,Female,0,No,Yes,38,Yes,Yes,Fiber optic,Yes,Yes,Month-to-month,No,Electronic check,21.79,782.87,No
CUST-04281,Female,0,Yes,No,45,Yes,Yes,No,No internet service,No internet service,Month-to-month,Yes,Mailed check,53.47,2467.3,No
CUST-04282,Male,0,Yes,No,6,No,No phone service,DSL,No,No,Month-to-month,Yes,Bank transfer (automatic),38.39,291.76,No
CUST-04283,Male,0,No,Yes,35,No,No phone service,No,No internet service,No internet service,Two year,No,Credit card (automatic),88.01,3111.57,No
CUST-04284,Male,0,No,Yes,14,Yes,No,No,No internet service,No internet service,Month-to-month,Yes,Electronic check,25.67,440.41,Yes
CUST-04285,Female,0,No,Yes,61,Yes,Yes,Fiber optic,No,No,Month-to-month,No,Mailed check,76.38,4649.37,No
CUST-04286,Male,0,No,Yes,15,Yes,No,DSL,No,No,Month-to-month,No,Credit card (automatic),41.06,622.31,Yes
CUST-04287,Male,0,Yes,Yes,54,Yes,No,DSL,No,Yes,Month-to-month,No,Mailed check,114.88,6214.74,No
CUST-04288,Female,0,Yes,Yes,27,Yes,Yes,Fiber optic,No,No,Two year,No,Mailed check,53.55,1475.36,No
CUST-04289,Female,0,Yes,No,13,Yes,No,Fiber optic,No,No,Two year,No,Mailed check,52.52,591.81,No
CUST-04290,Female,0,Yes,No,31,Yes,Yes,Fiber optic,Yes,Yes,Month-to-month,Yes,Bank transfer (automatic),112.34,3477.23,No
CUST-04291,Male,0,Yes,Yes,35,Yes,Yes,DSL,No,No,Two year,No,Mailed check,61.73,2203.46,No
CUST-04292,Male,1,No,No,60,Yes,Yes,DSL,Yes,No,Month-to-month,No,Mailed check,116.29,6958.8,No
CUST-04293,Male,0,Yes,No,6,Yes,No,No,No internet service,No internet service,One year,Yes,Mailed check,22.42,232.5,No
CUST-04294,Female,1,Yes,Yes,69,Yes,Yes,Fiber optic,No,No,Two year,Yes,Bank transfer (automatic),50.63,3499.87,No
CUST-04295,Male,0,No,No,58,Yes,Yes,DSL,No,Yes,Month-to-month,Yes,Electronic check,86.62,5049.69,Yes
CUST-04296,Female,1,No,No,49,Yes,No,No,No internet service,No internet service,Two year,Yes,Bank transfer (automatic),109.09,5422.96,No
CUST-04297,Male,0,No,Yes,23,No,No phone service,No,No internet service,No internet service,One year,Yes,Bank transfer (automatic),45.64,1056.19,No
CUST-04298,Male,0,Yes,Yes,34,Yes,Yes,Fiber optic,No,No,One year,No,Bank transfer (automatic),113.05,3920.43,No
CUST-04299,Male,0,No,No,26,Yes,No,Fiber optic,Yes,Yes,Month-to-month,No,Mailed check,79.41,2093.82,No
CUST-04300,Male,0,No,No,47,Yes,Yes,DSL,No,Yes,Two year,No,Electronic check,100.1,4733.95,No
CUST-04301,Male,0,No,Yes,5,Yes,No,Fiber optic,Yes,Yes,Two year,Yes,Credit card (automatic),59.72,254.14,No
CUST-04302,Female,0,No,Yes,20,Yes,Yes,DSL,No,No,Month-to-month,Yes,Mailed check,41.22,879.72,Yes
CUST-04303,Female,0,No,No,6,Yes,Yes,Fiber optic,Yes,Yes,One year,Yes,Credit card (automatic),111.12,636.4,No
CUST-04304,Male,0,Yes,No,70,Yes,No,Fiber optic,Yes,Yes,One year,Yes,Credit card (automatic),113.31,7922.38,No
CUST-04305,Male,0,Yes,Yes,59,Yes,Yes,Fiber optic,Yes,No,Two year,Yes,Electronic check,69.76,4178.8,No
CUST-04306,Female,0,No,Yes,64,Yes,No,Fiber optic,Yes,No,Month-to-month,No,Electronic check,20.65,1303.26,Yes
CUST-04307,Male,0,No,No,18,Yes,No,Fiber optic,Yes,Yes,One year,Yes,Bank transfer (automatic),30.98,575.03,Yes
CUST-04308,Female,0,No,Yes,4,Yes,Yes,DSL,No,No,Month-to-month,No,Credit card (automatic),77.3,306.51,Yes
CUST-04309,Male,0,No,Yes,17,Yes,No,Fiber optic,No,No,Month-to-month,No,Bank transfer (automatic),22.38,379.51,No
CUST-04310,Male,0,No,No,14,Yes,Yes,Fiber optic,No,Yes,Month-to-month,Yes,Credit card (automatic),59.69,828.19,No
CUST-04311,Female,0,No,Yes,13,Yes,Yes,DSL,No,No,Month-to-month,Yes,Bank transfer (automatic),50.34,602.61,Yes
CUST-04312,Female,1,Yes,Yes,7,No,No phone service,No,No internet service,No internet service,Month-to-month,No,Electronic check,91.43,667.27,No
CUST-04313,Male,0,No,Yes,44,Yes,Yes,DSL,Yes,No,Two year,Yes,Credit card (automatic),25.56,1156.35,No
CUST-04314,Female,0,No,Yes,15,Yes,Yes,DSL,Yes,Yes,Two year,Yes,Credit card (automatic),68.87,1003.95,No
CUST-04315,Female,0,No,Yes,19,Yes,Yes,Fiber optic,No,No,Month-to-month,No,Electronic check,77.91,1458.18,No
CUST-04316,Male,0,No,Yes,63,Yes,Yes,No,No internet service,No internet service,Month-to-month,Yes,Credit card (automatic),81.73,5194.64,No
CUST-04317,Male,0,Yes,No,35,Yes,Yes,DSL,Yes,Yes,Two year,Yes,Bank transfer (automatic),60.52,2105.01,No
CUST-04318,Male,0,No,Yes,35,Yes,Yes,DSL,No,No,Month-to-month,No,Bank transfer (automatic),50.44,1770.03,No
CUST-04319,Male,0,Yes,Yes,19,Yes,Yes,DSL,No,No,One year,Yes,Credit card (automatic),88.25,1632.67,No
CUST-04320,Female,0,No,No,20,Yes,No,Fiber optic,Yes,No,Month-to-month,Yes,Credit card (automatic),104.76,2092.03,Yes
CUST-04321,Male,0,No,No,35,Yes,Yes,Fiber optic,Yes,Yes,Two year,No,Bank transfer (automatic),89.36,3083.79,No
CUST-04322,Male,0,No,No,32,Yes,No,Fiber optic,No,No,One year,Yes,Electronic check,113.21,3592.47,No
CUST-04323,Female,0,No,Yes,48,Yes,No,DSL,No,Yes,Month-to-month,No,Electronic check,91.73,4364.83,No
CUST-04324,Female,1,Yes,No,44,Yes,No,DSL,No,No,Month-to-month,Yes,Bank transfer (automatic),96.46,4287.4,No
CUST-04325,Male,0,No,No,24,Yes,Yes,DSL,Yes,No,Month-to-month,Yes,Electronic check,36.79,816.48,No
CUST-04326,Male,0,Yes,No,61,Yes,No,Fiber optic,No,Yes,One year,Yes,Electronic check,61.95,3792.28,No
CUST-04327,Female,0,Yes,Yes,17,Yes,Yes,Fiber optic,Yes,Yes,Month-to-month,No,Credit card (automatic),68.51,1153.51,Yes
CUST-04328,Male,0,No,No,71,Yes,No,Fiber optic,Yes,Yes,Month-to-month,Yes,Mailed check,45.63,3309.54,No
CUST-04329,Female,0,Yes,Yes,50,Yes,No,Fiber optic,No,Yes,Month-to-month,Yes,Bank transfer (automatic),72.85,3681.47,No
CUST-04330,Female,0,Yes,Yes,65,Yes,Yes,Fiber optic,No,Yes,Month-to-month,No,Mailed check,49.08,3128.2,No
CUST-04331,Female,1,No,No,32,Yes,No,No,No internet service,No internet service,Month-to-month,No,Bank transfer (automatic),88.75,2811.97,Yes
CUST-04332,Male,0,No,Yes,36,Yes,No,Fiber optic,No,No,Two year,Yes,Electronic check,67.03,2412.38,No
CUST-04333,Male,0,No,Yes,13,Yes,Yes,Fiber optic,Yes,No,Month-to-month,Yes,Electronic check,65.88,828.4,No
CUST-04334,Female,0,No,Yes,70,Yes,Yes,Fiber optic,Yes,Yes,Two year,Yes,Credit card (automatic),118.36,8330.61,No
CUST-04335,Male,0,No,Yes,58,Yes,Yes,No,No internet service,No internet service,Month-to-month,Yes,Credit card (automatic),59.24,3444.42,No
CUST-04336,Female,0,No,Yes,14,Yes,Yes,No,No internet service,No internet service,Month-to-month,No,Electronic check,56.23,777.55,No
CUST-04337,Male,1,Yes,No,37,Yes,No,Fiber optic,Yes,Yes,Two year,No,Credit card (automatic),51.86,1967.86,No
CUST-04338,Male,1,No,Yes,68,Yes,Yes,DSL,Yes,Yes,Month-to-month,Yes,Credit card (automatic),109.47,7385.09,No
CUST-04339,Female,0,Yes,Yes,40,Yes,Yes,Fiber optic,Yes,Yes,One year,Yes,Bank transfer (automatic),69.67,2773.52,No
CUST-04340,Male,0,No,Yes,59,Yes,No,Fiber optic,Yes,Yes,One year,No,Credit card (automatic),80.0,4732.4,No
CUST-04341,Male,1,Yes,Yes,16,Yes,No,No,No internet service,No internet service,One year,No,Electronic check,38.08,602.21,No
CUST-04342,Male,0,Yes,No,62,Yes,No,DSL,Yes,No,One year,No,Electronic check,74.09,4438.35,No
CUST-04343,Female,0,Yes,No,4,Yes,Yes,No,No internet service,No internet service,One year,Yes,Electronic check,47.46,206.79,No
CUST-04344,Male,0,No,Yes,45,Yes,Yes,Fiber optic,No,Yes,Month-to-month,Yes,Credit card (automatic),93.06,4212.84,No
CUST-04345,Female,0,Yes,Yes,28,Yes,No,No,No internet service,No internet service,One year,No,Credit card (automatic),103.25,2840.37,No
CUST-04346,Male,0,No,No,66,Yes,No,No,No internet service,No internet service,Month-to-month,Yes,Mailed check,91.48,5928.53,No
CUST-04347,Male,0,Yes,Yes,31,Yes,Yes,No,No internet service,No internet service,Month-to-month,No,Electronic check,93.02,2849.73,Yes
CUST-04348,Male,0,No,Yes,3,Yes,Yes,DSL,No,No,Two year,Yes,Credit card (automatic),71.25,203.58,No
CUST-04349,Female,0,No,No,8,Yes,Yes,DSL,Yes,Yes,One year,No,Mailed check,91.21,724.15,No
CUST-04350,Female,0,Yes,No,24,No,No phone service,Fiber optic,Yes,Yes,Two year,Yes,Electronic check,62.27,1396.12,No
CUST-04351,Female,0,No,Yes,15,Yes,No,Fiber optic,Yes,No,Month-to-month,No,Electronic check,85.15,1287.41,Yes
CUST-04352,Male,0,No,No,43,Yes,No,No,No internet service,No internet service,Two year,Yes,Electronic check,45.9,2025.14,No
CUST-04353,Male,0,No,Yes,31,Yes,Yes,Fiber optic,No,Yes,One year,Yes,Bank transfer (automatic),26.98,884.22,No
CUST-04354,Male,0,Yes,Yes,45,Yes,Yes,DSL,Yes,No,Month-to-month,No,Electronic check,61.35,2821.84,No
CUST-04355,Female,0,No,Yes,66,Yes,No,Fiber optic,No,No,Two year,No,Electronic check,66.18,4307.23,No
CUST-04356,Male,0,No,Yes,8,Yes,No,Fiber optic,No,No,Two year,Yes,Mailed check,45.64,409.07,No
CUST-04357,Male,0,Yes,No,71,Yes,Yes,DSL,Yes,Yes,Two year,Yes,Electronic check,92.77,6539.98,No
CUST-04358,Female,0,Yes,No,57,Yes,No,DSL,No,No,Month-to-month,No,Bank transfer (automatic),27.36,1598.98,No
CUST-04359,Male,0,No,No,30,Yes,Yes,DSL,No,No,Month-to-month,No,Credit card (automatic),42.27,1231.23,No
CUST-04360,Female,0,Yes,Yes,18,Yes,Yes,Fiber optic,Yes,Yes,Month-to-month,Yes,Electronic check,94.86,1725.08,Yes
CUST-04361,Male,0,No,No,69,Yes,Yes,DSL,Yes,Yes,Two year,Yes,Credit card (automatic),63.71,4472.75,No
CUST-04362,Male,0,Yes,Yes,39,Yes,Yes,DSL,Yes,Yes,One year,Yes,Bank transfer (automatic),90.53,3577.32,No
CUST-04363,Male,0,Yes,No,60,Yes,No,No,No internet service,No internet service,One year,No,Mailed check,76.75,4558.89,No
CUST-04364,Male,0,Yes,Yes,43,Yes,Yes,DSL,No,Yes,One year,Yes,Mailed check,115.07,4891.07,No
CUST-04365,Male,0,Yes,Yes,45,Yes,No,Fiber optic,No,No,One year,No,Credit card (automatic),79.78,3628.92,No
CUST-04366,Female,0,No,No,23,No,No phone service,Fiber optic,Yes,No,Month-to-month,Yes,Credit card (automatic),21.49,560.24,No
CUST-04367,Male,1,Yes,Yes,69,No,No phone service,Fiber optic,Yes,Yes,One year,Yes,Credit card (automatic),55.29,3836.5,No
CUST-04368,Male,0,No,Yes,6,Yes,No,DSL,No,Yes,Two year,No,Bank transfer (automatic),34.31,180.3,No
CUST-04369,Female,0,No,No,56,Yes,No,No,No internet service,No internet service,One year,No,Credit card (automatic),112.46,6299.85,No
CUST-04370,Female,0,No,No,4,Yes,No,DSL,No,No,Two year,No,Credit card (automatic),30.4,143.22,No
CUST-04371,Female,0,Yes,Yes,23,Yes,No,DSL,No,Yes,Month-to-month,No,Credit card (automatic),58.77,1347.23,No
CUST-04372,Male,0,Yes,Yes,6,Yes,No,Fiber optic,Yes,Yes,Month-to-month,No,Bank transfer (automatic),42.61,209.6,No
CUST-04373,Female,0,Yes,Yes,32,Yes,Yes,No,No internet service,No internet service,Month-to-month,Yes,Bank transfer (automatic),104.67,3402.63,No
CUST-04374,Female,0,Yes,Yes,18,Yes,No,Fiber optic,Yes,Yes,Month-to-month,Yes,Bank transfer (automatic),50.86,1009.39,No
CUST-04375,Female,1,No,No,15,Yes,Yes,Fiber optic,No,Yes,Month-to-month,No,Bank transfer (automatic),119.19,1859.18,Yes
CUST-04376,Female,0,Yes,No,40,Yes,No,Fiber optic,Yes,Yes,One year,Yes,Bank transfer (automatic),23.86,845.84,No
CUST-04377,Male,1,No,Yes,6,Yes,Yes,DSL,Yes,Yes,Two year,No,Electronic check,32.83,254.78,No
CUST-04378,Female,0,Yes,Yes,63,Yes,No,Fiber optic,No,No,Two year,No,Credit card (automatic),42.46,2703.89,No
CUST-04379,Female,1,Yes,Yes,67,Yes,No,No,No internet service,No internet service,Month-to-month,No,Bank transfer (automatic),101.11,6741.51,No
CUST-04380,Male,1,No,Yes,11,Yes,No,Fiber optic,No,Yes,Month-to-month,No,Electronic check,107.85,1088.24,Yes
CUST-04381,Male,1,Yes,No,43,Yes,Yes,DSL,Yes,Yes,Month-to-month,Yes,Credit card (automatic),27.15,1161.77,No
CUST-04382,Female,0,Yes,No,17,No,No phone service,Fiber optic,Yes,Yes,One year,No,Mailed check,23.25,413.43,No
CUST-04383,Male,1,No,No,4,Yes,No,No,No internet service,No internet service,Two year,No,Bank transfer (automatic),94.46,322.5,No
CUST-04384,Female,1,Yes,No,63,No,No phone service,Fiber optic,Yes,No,Month-to-month,No,Mailed check,33.34,2162.03,No
CUST-04385,Male,0,No,Yes,68,Yes,Yes,DSL,No,Yes,Month-to-month,Yes,Electronic check,33.3,2324.8,No
CUST-04386,Male,0,No,Yes,41,No,No phone service,Fiber optic,No,Yes,Month-to-month,Yes,Bank transfer (automatic),22.24,935.24,No
CUST-04387,Female,0,Yes,Yes,5,Yes,Yes,DSL,Yes,Yes,Month-to-month,Yes,Credit card (automatic),24.98,56.26,No
CUST-04388,Male,0,No,No,32,Yes,No,DSL,Yes,Yes,Month-to-month,No,Electronic check,46.37,1470.74,Yes
CUST-04389,Male,0,No,No,70,Yes,Yes,No,No internet service,No internet service,Month-to-month,No,Credit card (automatic),26.5,1891.18,No
CUST-04390,Female,0,Yes,No,35,Yes,Yes,No,No internet service,No internet service,One year,Yes,Bank transfer (automatic),56.89,2024.04,No
CUST-04391,Female,0,Yes,No,22,Yes,Yes,No,No internet service,No internet service,Month-to-month,No,Bank transfer (automatic),103.28,2237.21,No
CUST-04392,Male,0,Yes,Yes,65,Yes,Yes,Fiber optic,No,Yes,Month-to-month,Yes,Bank transfer (automatic),52.63,3393.33,No
CUST-04393,Male,0,No,Yes,22,No,No phone service,Fiber optic,Yes,No,Month-to-month,No,Credit card (automatic),92.78,2004.92,No
CUST-04394,Female,0,No,No,11,Yes,Yes,Fiber optic,Yes,Yes,Month-to-month,Yes,Bank transfer (automatic),29.39,309.15,Yes
CUST-04395,Male,0,Yes,No,3,Yes,Yes,DSL,No,Yes,Month-to-month,No,Credit card (automatic),85.94,233.49,No
CUST-04396,Female,0,No,Yes,9,Yes,No,Fiber optic,Yes,No,Month-to-month,Yes,Electronic check,51.67,431.58,No
CUST-04397,Male,0,No,Yes,60,Yes,No,DSL,Yes,No,Two year,Yes,Electronic check,94.98,5691.92,No
CUST-04398,Male,0,Yes,Yes,14,Yes,No,Fiber optic,Yes,No,Two year,No,Credit card (automatic),33.63,472.82,No
CUST-04399,Female,0,Yes,Yes,18,Yes,No,Fiber optic,No,No,Month-to-month,Yes,Credit card (automatic),109.79,2030.57,No
CUST-04400,Female,0,Yes,Yes,23,Yes,Yes,DSL,Yes,Yes,Month-to-month,No,Credit card (automatic),44.26,928.92,No
CUST-04401,Male,0,No,No,47,No,No phone service,No,No internet service,No internet service,One year,Yes,Mailed check,55.31,2660.53,No
CUST-04402,Male,0,No,Yes,69,Yes,Yes,Fiber optic,Yes,Yes,Month-to-month,No,Bank transfer (automatic),115.02,7899.01,No
CUST-04403,Male,0,Yes,Yes,47,Yes,No,DSL,Yes,No,Month-to-month,Yes,Credit card (automatic),77.85,3751.98,No
CUST-04404,Male,0,No,No,30,Yes,No,DSL,Yes,Yes,Month-to-month,No,Mailed check,56.58,1731.06,No
CUST-04405,Female,1,Yes,Yes,25,Yes,Yes,DSL,Yes,Yes,Month-to-month,Yes,Mailed check,114.96,2901.37,No
CUST-04406,Male,0,Yes,Yes,28,Yes,No,No,No internet service,No internet service,Month-to-month,Yes,Mailed check,52.91,1476.28,No
CUST-04407,Male,0,Yes,No,25,Yes,No,DSL,No,No,Month-to-month,Yes,Credit card (automatic),29.49,840.4,No
CUST-04408,Female,1,No,No,58,Yes,Yes,DSL,Yes,No,One year,Yes,Electronic check,119.68,6939.91,No
CUST-04409,Female,1,No,No,41,Yes,Yes,DSL,Yes,No,Month-to-month,No,Mailed check,46.78,1993.56,No
CUST-04410,Female,1,No,No,25,Yes,No,Fiber optic,No,No,Month-to-month,No,Bank transfer (automatic),105.13,2599.52,No
CUST-04411,Male,0,No,No,48,No,No phone service,Fiber optic,No,Yes,One year,Yes,Credit card (automatic),36.55,1790.23,No
CUST-04412,Female,0,No,No,10,Yes,Yes,DSL,Yes,No,One year,Yes,Bank transfer (automatic),93.14,1026.31,No
CUST-04413,Female,1,No,Yes,11,Yes,Yes,DSL,No,No,Month-to-month,Yes,Bank transfer (automatic),72.44,754.44,Yes
CUST-04414,Male,1,Yes,Yes,21,Yes,No,No,No internet service,No internet service,Month-to-month,Yes,Mailed check,118.09,2504.45,Yes
CUST-04415,Female,0,Yes,Yes,45,Yes,Yes,Fiber optic,Yes,No,Month-to-month,No,Mailed check,75.28,3352.28,No
CUST-04416,Female,0,Yes,Yes,7,Yes,Yes,DSL,No,Yes,Month-to-month,No,Mailed check,22.5,178.98,Yes
CUST-04417,Male,0,Yes,No,64,Yes,No,Fiber optic,No,Yes,Two year,No,Credit card (automatic),80.39,5239.66,No
CUST-04418,Female,0,No,No,64,Yes,No,DSL,Yes,No,Month-to-month,Yes,Bank transfer (automatic),34.53,2163.25,Yes
CUST-04419,Male,0,Yes,No,2,Yes,No,No,No internet service,No internet service,Two year,No,Electronic check,99.85,207.5,No
CUST-04420,Female,0,Yes,Yes,42,Yes,Yes,Fiber optic,No,No,Month-to-month,Yes,Mailed check,105.66,4396.0,No
CUST-04421,Female,0,Yes,No,54,Yes,No,DSL,No,No,One year,No,Electronic check,68.21,3676.88,No
CUST-04422,Female,0,No,Yes,16,Yes,No,Fiber optic,No,Yes,Month-to-month,No,Mailed check,98.32,1604.18,No
CUST-04423,Male,0,Yes,No,18,Yes,No,DSL,No,No,One year,Yes,Credit card (automatic),34.51,606.27,No
CUST-04424,Female,0,Yes,Yes,59,Yes,No,Fiber optic,No,No,One year,No,Credit card (automatic),69.21,4162.09,Yes
CUST-04425,Female,0,Yes,No,16,Yes,No,No,No internet service,No internet service,Month-to-month,No,Electronic check,59.39,974.41,No
CUST-04426,Female,0,Yes,No,6,Yes,Yes,Fiber optic,Yes,Yes,Month-to-month,No,Bank transfer (automatic),81.13,420.61,No
CUST-04427,Female,0,No,Yes,57,Yes,No,Fiber optic,Yes,No,Two year,No,Bank transfer (automatic),24.45,1409.64,No
CUST-04428,Male,0,No,No,47,No,No phone service,DSL,Yes,Yes,Two year,Yes,Mailed check,95.21,4547.93,No
CUST-04429,Female,0,Yes,No,48,Yes,Yes,Fiber optic,No,No,Month-to-month,No,Mailed check,27.91,1366.8,No
CUST-04430,Female,0,Yes,Yes,42,Yes,No,DSL,Yes,Yes,Month-to-month,No,Bank transfer (automatic),85.65,3610.34,No
CUST-04431,Female,0,No,Yes,60,Yes,Yes,DSL,Yes,No,One year,Yes,Electronic check,21.85,1296.12,No
CUST-04432,Female,0,No,No,4,Yes,Yes,No,No internet service,No internet service,Two year,No,Electronic check,103.19,407.91,No
CUST-04433,Male,0,No,No,2,Yes,No,DSL,No,Yes,One year,No,Bank transfer (automatic),37.47,75.48,No
CUST-04434,Male,0,No,No,59,Yes,No,No,No internet service,No internet service,Two year,Yes,Mailed check,71.55,4099.15,No
CUST-04435,Male,0,Yes,No,27,Yes,Yes,Fiber optic,No,Yes,Month-to-month,No,Mailed check,46.15,1269.23,Yes
CUST-04436,Female,1,No,No,27,Yes,No,DSL,No,No,Month-to-month,No,Credit card (automatic),92.26,2540.85,No
CUST-04437,Male,0,Yes,No,7,Yes,No,DSL,No,No,Month-to-month,No,Mailed check,52.14,327.58,No
CUST-04438,Male,0,No,Yes,63,Yes,No,Fiber optic,No,No,Month-to-month,No,Bank transfer (automatic),92.46,5836.6,No
CUST-04439,Male,0,Yes,No,46,Yes,No,Fiber optic,Yes,No,Two year,No,Mailed check,48.49,2248.22,No
CUST-04440,Female,0,No,Yes,63,Yes,No,Fiber optic,No,No,Month-to-month,No,Mailed check,95.25,6041.26,No
CUST-04441,Female,1,Yes,Yes,12,Yes,Yes,Fiber optic,Yes,No,One year,Yes,Electronic check,23.06,277.34,No
CUST-04442,Male,0,No,No,13,Yes,Yes,Fiber optic,No,Yes,Two year,No,Credit card (automatic),48.33,655.27,No
CUST-04443,Female,1,No,Yes,43,Yes,Yes,DSL,No,No,Month-to-month,Yes,Bank transfer (automatic),69.86,2945.9,Yes
CUST-04444,Female,0,Yes,No,17,Yes,Yes,Fiber optic,Yes,No,Month-to-month,No,Mailed check,24.51,365.96,No
CUST-04445,Female,1,Yes,Yes,63,Yes,Yes,Fiber optic,No,No,Month-to-month,No,Bank transfer (automatic),38.6,2453.36,No
CUST-04446,Male,0,No,No,36,Yes,Yes,Fiber optic,Yes,Yes,One year,Yes,Credit card (automatic),113.45,4072.72,No
CUST-04447,Female,1,Yes,Yes,8,Yes,No,DSL,Yes,No,Two year,Yes,Electronic check,117.68,862.4,No
CUST-04448,Female,0,Yes,No,69,Yes,No,DSL,Yes,Yes,Two year,No,Credit card (automatic),93.97,6501.3,No
CUST-04449,Male,0,No,Yes,36,No,No phone service,No,No internet service,No internet service,Two year,Yes,Bank transfer (automatic),45.22,1564.18,No
CUST-04450,Female,1,No,Yes,28,Yes,Yes,No,No internet service,No internet service,Month-to-month,Yes,Bank transfer (automatic),46.05,1424.53,No
CUST-04451,Female,0,No,Yes,47,Yes,No,No,No internet service,No internet service,Month-to-month,Yes,Electronic check,84.58,3866.45,No
CUST-04452,Male,0,Yes,Yes,30,Yes,No,DSL,No,Yes,Month-to-month,No,Bank transfer (automatic),31.76,955.43,No
CUST-04453,Male,0,No,Yes,23,Yes,No,DSL,No,Yes,Month-to-month,Yes,Mailed check,114.83,2585.28,Yes
CUST-04454,Female,0,No,Yes,16,Yes,Yes,Fiber optic,Yes,Yes,Month-to-month,Yes,Bank transfer (automatic),42.48,725.47,No
CUST-04455,Female,0,Yes,No,14,Yes,Yes,Fiber optic,No,Yes,Month-to-month,No,Mailed check,119.96,1659.3,No
CUST-04456,Female,0,Yes,No,71,Yes,No,DSL,No,No,Two year,No,Credit card (automatic),69.57,4990.11,No
CUST-04457,Male,0,No,Yes,52,Yes,Yes,Fiber optic,Yes,Yes,Month-to-month,Yes,Electronic check,97.14,5089.65,No
CUST-04458,Male,0,Yes,Yes,37,Yes,Yes,DSL,Yes,No,Month-to-month,Yes,Mailed check,20.22,694.75,No
CUST-04459,Female,0,Yes,Yes,29,Yes,No,DSL,Yes,No,Month-to-month,Yes,Mailed check,108.87,3120.86,Yes
CUST-04460,Female,0,No,No,67,Yes,No,Fiber optic,Yes,Yes,Two year,No,Electronic check,47.0,3131.77,No
CUST-04461,Female,0,Yes,Yes,15,Yes,No,DSL,Yes,No,Month-to-month,Yes,Mailed check,86.79,1298.47,Yes
CUST-04462,Female,0,Yes,Yes,47,Yes,Yes,Fiber optic,Yes,Yes,Month-to-month,Yes,Mailed check,100.64,4720.26,No
CUST-04463,Male,0,Yes,Yes,46,Yes,No,DSL,Yes,Yes,Month-to-month,Yes,Bank transfer (automatic),36.41,1711.27,Yes
CUST-04464,Female,0,No,No,52,Yes,Yes,Fiber optic,Yes,No,Month-to-month,No,Credit card (automatic),64.25,3352.7,No
CUST-04465,Male,0,Yes,Yes,19,Yes,No,No,No internet service,No internet service,Two year,Yes,Credit card (automatic),69.38,1287.59,No
CUST-04466,Male,0,No,No,21,Yes,No,Fiber optic,Yes,No,Month-to-month,Yes,Mailed check,51.21,1029.79,No
CUST-04467,Male,0,No,Yes,64,Yes,No,No,No internet service,No internet service,Two year,No,Electronic check,68.18,4322.73,No
CUST-04468,Female,0,Yes,Yes,37,Yes,No,Fiber optic,Yes,No,Two year,No,Bank transfer (automatic),51.75,1931.25,No
CUST-04469,Male,1,No,No,27,Yes,Yes,Fiber optic,No,Yes,Month-to-month,No,Bank transfer (automatic),56.07,1504.24,No
CUST-04470,Male,0,No,Yes,55,Yes,No,No,No internet service,No internet service,Month-to-month,Yes,Mailed check,86.93,4885.17,No
CUST-04471,Female,1,No,Yes,29,Yes,No,DSL,No,Yes,Month-to-month,Yes,Bank transfer (automatic),83.26,2414.53,Yes
CUST-04472,Female,0,Yes,Yes,20,Yes,No,Fiber optic,No,No,Month-to-month,No,Electronic check,43.23,874.04,Yes
CUST-04473,Male,0,No,No,25,Yes,Yes,No,No internet service,No internet service,Month-to-month,Yes,Electronic check,109.75,2653.7,No
CUST-04474,Female,0,No,No,70,Yes,No,DSL,Yes,No,Two year,No,Mailed check,106.28,7372.7,No
CUST-04475,Male,0,No,Yes,63,Yes,Yes,Fiber optic,Yes,No,Month-to-month,Yes,Mailed check,70.91,4411.26,No
CUST-04476,Female,0,No,Yes,36,No,No phone service,No,No internet service,No internet service,Two year,Yes,Electronic check,63.33,2253.23,No
CUST-04477,Male,0,No,No,2,Yes,Yes,No,No internet service,No internet service,One year,No,Electronic check,57.69,41.27,No
CUST-04478,Male,0,No,No,22,Yes,Yes,No,No internet service,No internet service,Month-to-month,No,Credit card (automatic),90.73,1938.31,Yes
CUST-04479,Female,0,No,Yes,16,Yes,Yes,Fiber optic,Yes,No,One year,No,Electronic check,87.17,1427.97,No
CUST-04480,Female,0,Yes,Yes,18,Yes,Yes,Fiber optic,No,Yes,Two year,Yes,Bank transfer (automatic),39.62,670.17,No
CUST-04481,Female,0,Yes,Yes,69,Yes,Yes,Fiber optic,No,Yes,Month-to-month,Yes,Credit card (automatic),87.15,6011.3,No
CUST-04482,Male,0,Yes,No,54,No,No phone service,DSL,Yes,Yes,Month-to-month,Yes,Credit card (automatic),45.24,2472.57,No
CUST-04483,Male,1,No,No,30,Yes,No,No,No internet service,No internet service,Month-to-month,Yes,Mailed check,21.86,703.13,Yes
CUST-04484,Female,0,No,No,45,Yes,Yes,No,No internet service,No internet service,Month-to-month,No,Mailed check,89.92,4061.03,No
CUST-04485,Male,1,Yes,No,19,Yes,Yes,Fiber optic,Yes,Yes,Month-to-month,Yes,Electronic check,84.48,1622.76,Yes
CUST-04486,Female,1,No,Yes,34,Yes,No,Fiber optic,Yes,Yes,One year,Yes,Electronic check,61.08,2125.58,No
CUST-04487,Male,1,No,No,13,Yes,Yes,Fiber optic,No,Yes,Month-to-month,No,Mailed check,72.57,964.12,Yes
CUST-04488,Male,1,Yes,No,43,Yes,Yes,Fiber optic,No,Yes,Month-to-month,Yes,Bank transfer (automatic),114.72,4984.73,Yes
CUST-04489,Female,1,No,No,62,Yes,No,No,No internet service,No internet service,Month-to-month,Yes,Mailed check,79.52,4823.07,Yes
CUST-04490,Female,0,Yes,Yes,22,Yes,No,Fiber optic,Yes,No,Two year,Yes,Mailed check,85.79,1883.2,No
CUST-04491,Male,0,Yes,Yes,52,Yes,No,No,No internet service,No internet service,Month-to-month,No,Credit card (automatic),26.39,1375.06,No
CUST-04492,Male,0,No,Yes,52,Yes,No,Fiber optic,No,Yes,One year,Yes,Mailed check,36.6,1897.31,No
CUST-04493,Male,0,Yes,Yes,36,Yes,Yes,No,No internet service,No internet service,Month-to-month,Yes,Credit card (automatic),50.1,1809.76,Yes
CUST-04494,Male,0,No,No,19,Yes,Yes,Fiber optic,Yes,No,Two year,Yes,Credit card (automatic),73.94,1384.44,No
CUST-04495,Female,0,No,No,38,Yes,Yes,Fiber optic,No,No,Month-to-month,No,Electronic check,97.66,3750.53,No
CUST-04496,Female,0,Yes,Yes,70,Yes,No,No,No internet service,No internet service,Two year,Yes,Credit card (automatic),52.12,3621.62,No
CUST-04497,Female,1,No,Yes,57,Yes,No,DSL,No,Yes,Month-to-month,Yes,Mailed check,55.64,3160.59,No
CUST-04498,Male,0,No,Yes,20,Yes,No,No,No internet service,No internet service,Month-to-month,No,Mailed check,45.62,984.6,No
CUST-04499,Male,0,Yes,No,9,Yes,No,DSL,No,No,One year,No,Mailed check,45.46,474.36,No
CUST-04500,Male,0,No,No,32,Yes,Yes,Fiber optic,No,No,One year,Yes,Mailed check,114.89,3684.36,No
CUST-04501,Male,0,No,No,4,Yes,No,DSL,No,Yes,Month-to-month,Yes,Credit card (automatic),83.55,302.36,Yes
CUST-04502,Female,1,Yes,No,50,Yes,No,DSL,No,Yes,Two year,Yes,Credit card (automatic),35.59,1697.79,No
CUST-04503,Female,0,No,Yes,5,Yes,Yes,Fiber optic,No,No,Month-to-month,No,Bank transfer (automatic),92.22,454.53,No
CUST-04504,Female,0,No,Yes,20,Yes,No,DSL,No,No,Month-to-month,No,Bank transfer (automatic),92.2,1869.41,No
CUST-04505,Male,0,No,No,37,Yes,No,No,No internet service,No internet service,Month-to-month,No,Electronic check,86.65,3169.99,Yes
CUST-04506,Female,0,Yes,No,22,Yes,Yes,Fiber optic,No,Yes,Two year,Yes,Mailed check,33.47,736.64,No
CUST-04507,Female,0,Yes,Yes,58,Yes,No,No,No internet service,No internet service,Month-to-month,No,Electronic check,60.8,3508.98,No
CUST-04508,Female,0,Yes,Yes,68,Yes,No,No,No internet service,No internet service,One year,No,Credit card (automatic),30.68,2000.13,No
CUST-04509,Female,0,No,Yes,44,Yes,Yes,Fiber optic,No,Yes,Month-to-month,No,Credit card (automatic),101.66,4478.9,Yes
CUST-04510,Male,0,Yes,No,34,Yes,No,DSL,No,No,Month-to-month,Yes,Mailed check,85.52,2929.43,No
CUST-04511,Male,1,Yes,Yes,42,Yes,No,Fiber optic,Yes,Yes,Month-to-month,No,Electronic check,70.72,2978.21,No
CUST-04512,Female,0,Yes,No,9,Yes,Yes,Fiber optic,No,No,Month-to-month,Yes,Credit card (automatic),54.3,569.32,No
CUST-04513,Female,0,Yes,Yes,7,No,No phone service,DSL,No,Yes,Two year,No,Credit card (automatic),38.42,252.85,No
CUST-04514,Female,0,No,No,68,Yes,No,Fiber optic,Yes,No,One year,No,Credit card (automatic),30.64,2063.45,No
CUST-04515,Female,0,Yes,Yes,19,Yes,Yes,Fiber optic,No,No,Two year,Yes,Mailed check,116.92,2329.8,No
CUST-04516,Female,1,No,Yes,31,No,No phone service,Fiber optic,No,No,Month-to-month,Yes,Bank transfer (automatic),39.96,1176.32,No
CUST-04517,Male,0,Yes,Yes,35,Yes,No,DSL,No,Yes,Two year,Yes,Bank transfer (automatic),25.99,878.66,No
CUST-04518,Female,1,No,Yes,57,Yes,No,Fiber optic,No,No,One year,Yes,Credit card (automatic),116.17,6639.74,Yes
CUST-04519,Female,0,Yes,Yes,61,Yes,No,DSL,No,No,Month-to-month,No,Mailed check,74.9,4625.16,No
CUST-04520,Female,0,No,Yes,31,Yes,No,No,No internet service,No internet service,One year,Yes,Electronic check,99.67,3136.51,No
CUST-04521,Male,0,Yes,No,53,No,No phone service,Fiber optic,No,Yes,One year,No,Credit card (automatic),24.38,1240.15,No
CUST-04522,Male,0,No,Yes,32,Yes,Yes,Fiber optic,Yes,Yes,One year,Yes,Mailed check,76.69,2535.46,No
CUST-04523,Male,0,Yes,No,66,Yes,No,No,No internet service,No internet service,Month-to-month,Yes,Credit card (automatic),59.82,3971.32,No
CUST-04524,Male,0,No,Yes,59,Yes,Yes,Fiber optic,Yes,No,One year,No,Credit card (automatic),97.2,5693.83,No
CUST-04525,Male,0,Yes,Yes,10,Yes,No,Fiber optic,No,No,Month-to-month,Yes,Mailed check,23.84,201.64,Yes
CUST-04526,Female,0,No,Yes,2,Yes,No,Fiber optic,No,No,Month-to-month,Yes,Mailed check,60.17,123.92,Yes
CUST-04527,Female,0,Yes,Yes,66,Yes,Yes,DSL,No,No,Two year,Yes,Credit card (automatic),99.91,6701.68,No
CUST-04528,Male,0,No,No,60,Yes,No,Fiber optic,No,Yes,Month-to-month,No,Bank transfer (automatic),72.27,4346.82,No
CUST-04529,Male,0,Yes,Yes,17,Yes,No,DSL,Yes,No,Two year,No,Electronic check,75.0,1382.16,No
CUST-04530,Male,1,Yes,Yes,16,Yes,Yes,DSL,Yes,No,Month-to-month,No,Bank transfer (automatic),29.72,519.42,Yes
CUST-04531,Female,0,Yes,Yes,16,Yes,No,No,No internet service,No internet service,Month-to-month,No,Mailed check,33.23,468.57,No
CUST-04532,Male,0,No,No,46,Yes,No,DSL,Yes,No,Two year,No,Electronic check,87.7,4104.58,No
CUST-04533,Male,0,Yes,No,39,Yes,Yes,DSL,Yes,Yes,One year,Yes,Electronic check,87.5,3365.29,No
CUST-04534,Male,0,Yes,Yes,31,Yes,No,Fiber optic,Yes,Yes,Month-to-month,Yes,Credit card (automatic),117.91,3624.45,No
CUST-04535,Female,0,Yes,Yes,1,Yes,No,No,No internet service,No internet service,Month-to-month,Yes,Bank transfer (automatic),91.2,104.99,No
CUST-04536,Male,1,No,Yes,11,Yes,No,Fiber optic,Yes,Yes,Month-to-month,Yes,Mailed check,69.32,761.1,Yes
CUST-04537,Female,1,No,Yes,4,Yes,No,No,No internet service,No internet service,Month-to-month,Yes,Mailed check,105.73,467.59,No
CUST-04538,Female,1,Yes,No,71,Yes,No,No,No internet service,No internet service,Two year,No,Electronic check,30.45,2187.04,No
CUST-04539,Female,0,Yes,No,26,Yes,No,Fiber optic,No,Yes,Month-to-month,Yes,Bank transfer (automatic),64.93,1682.28,No
CUST-04540,Female,0,No,No,50,Yes,Yes,Fiber optic,No,Yes,Two year,No,Bank transfer (automatic),48.71,2520.45,No
CUST-04541,Female,0,No,No,12,Yes,No,DSL,Yes,Yes,One year,No,Mailed check,30.46,341.79,No
CUST-04542,Male,0,No,No,65,Yes,No,Fiber optic,Yes,No,Two year,Yes,Bank transfer (automatic),96.35,6212.75,No
CUST-04543,Female,0,Yes,No,47,Yes,No,No,No internet service,No internet service,Month-to-month,No,Electronic check,71.08,3363.92,No
CUST-04544,Female,0,Yes,Yes,53,Yes,Yes,No,No internet service,No internet service,Month-to-month,Yes,Mailed check,75.68,4010.13,No
CUST-04545,Female,0,No,Yes,71,Yes,Yes,Fiber optic,Yes,No,One year,No,Credit card (automatic),61.13,4352.5,No
CUST-04546,Male,0,Yes,Yes,2,Yes,No,No,No internet service,No internet service,Two year,Yes,Credit card (automatic),66.03,168.97,No
CUST-04547,Female,0,No,No,24,Yes,No,No,No internet service,No internet service,Month-to-month,Yes,Electronic check,31.6,749.15,No
CUST-04548,Female,0,No,Yes,4,Yes,No,DSL,Yes,No,Two year,No,Bank transfer (automatic),87.29,442.09,No
CUST-04549,Female,0,No,No,19,Yes,Yes,Fiber optic,Yes,Yes,Month-to-month,Yes,Mailed check,63.24,1214.81,No
CUST-04550,Male,1,No,Yes,26,Yes,Yes,No,No internet service,No internet service,Month-to-month,Yes,Electronic check,101.68,2621.16,Yes
CUST-04551,Female,0,Yes,No,40,Yes,Yes,DSL,No,Yes,Month-to-month,No,Mailed check,39.63,1614.68,No
CUST-04552,Female,0,No,Yes,50,Yes,Yes,DSL,No,No,Month-to-month,Yes,Mailed check,40.51,2021.23,No
CUST-04553,Female,0,Yes,Yes,43,No,No phone service,Fiber optic,Yes,No,Two year,Yes,Electronic check,84.58,3642.6,No
CUST-04554,Female,0,Yes,No,67,Yes,No,DSL,Yes,No,Month-to-month,No,Credit card (automatic),104.6,6952.89,No
CUST-04555,Female,0,No,Yes,12,Yes,No,Fiber optic,No,Yes,One year,Yes,Mailed check,67.22,757.0,No
CUST-04556,Female,0,Yes,No,67,No,No phone service,DSL,Yes,No,Month-to-month,Yes,Mailed check,92.7,6263.98,No
CUST-04557,Female,0,Yes,Yes,27,Yes,Yes,Fiber optic,No,No,Two year,Yes,Mailed check,119.93,3176.39,No
CUST-04558,Male,0,Yes,Yes,54,Yes,Yes,No,No internet service,No internet service,Two year,Yes,Electronic check,119.03,6421.5,No
CUST-04559,Male,0,No,Yes,66,Yes,No,No,No internet service,No internet service,One year,Yes,Electronic check,94.43,6248.67,No
CUST-04560,Male,0,No,Yes,49,Yes,Yes,DSL,Yes,Yes,One year,Yes,Credit card (automatic),93.96,4674.69,No
CUST-04561,Female,0,No,Yes,16,Yes,No,Fiber optic,No,Yes,One year,No,Mailed check,44.76,692.1,No
CUST-04562,Male,1,Yes,No,2,Yes,Yes,Fiber optic,No,Yes,Month-to-month,No,Electronic check,103.35,244.64,No
CUST-04563,Female,0,Yes,No,60,Yes,Yes,No,No internet service,No internet service,Month-to-month,No,Mailed check,60.51,3624.57,No
CUST-04564,Male,1,No,No,54,Yes,No,DSL,No,No,One year,No,Credit card (automatic),116.2,6165.79,No
CUST-04565,Male,0,Yes,Yes,30,Yes,Yes,Fiber optic,No,No,Month-to-month,No,Bank transfer (automatic),28.14,846.5,No
CUST-04566,Female,0,No,No,38,No,No phone service,Fiber optic,No,No,Month-to-month,No,Bank transfer (automatic),63.58,2412.69,No
CUST-04567,Female,0,No,No,28,Yes,Yes,Fiber optic,No,No,Month-to-month,No,Bank transfer (automatic),75.58,2137.5,No
CUST-04568,Female,1,No,Yes,25,Yes,Yes,DSL,No,Yes,One year,Yes,Credit card (automatic),60.52,1480.87,No
CUST-04569,Female,0,Yes,Yes,10,No,No phone service,No,No internet service,No internet service,Month-to-month,Yes,Electronic check,41.06,383.8,No
CUST-04570,Female,1,Yes,Yes,60,Yes,Yes,Fiber optic,No,No,Two year,Yes,Mailed check,79.3,4818.05,No
CUST-04571,Male,0,No,No,42,Yes,Yes,No,No internet service,No internet service,Month-to-month,No,Electronic check,95.59,3997.97,No
CUST-04572,Female,0,No,No,40,Yes,No,Fiber optic,No,No,Month-to-month,No,Bank transfer (automatic),84.48,3283.53,No
CUST-04573,Male,0,No,Yes,42,Yes,Yes,DSL,Yes,No,Month-to-month,No,Bank transfer (automatic),43.44,1849.0,Yes
CUST-04574,Male,0,Yes,No,47,Yes,No,DSL,Yes,No,One year,Yes,Mailed check,93.16,4421.65,No
CUST-04575,Female,0,No,No,37,Yes,No,Fiber optic,No,No,Month-to-month,Yes,Mailed check,45.69,1733.22,No
CUST-04576,Male,0,No,No,22,No,No phone service,No,No internet service,No internet service,One year,No,Credit card (automatic),37.52,794.67,No
CUST-04577,Male,0,Yes,No,57,Yes,Yes,No,No internet service,No internet service,Month-to-month,No,Mailed check,89.07,5077.0,No
CUST-04578,Female,0,Yes,Yes,27,Yes,No,No,No internet service,No internet service,Two year,No,Electronic check,104.28,2842.12,No
CUST-04579,Female,0,Yes,Yes,41,Yes,Yes,Fiber optic,Yes,Yes,Two year,No,Electronic check,68.15,2842.35,No
CUST-04580,Male,0,No,Yes,34,Yes,No,DSL,Yes,No,Month-to-month,Yes,Mailed check,73.14,2511.86,Yes
CUST-04581,Male,0,Yes,No,32,Yes,No,DSL,No,Yes,One year,Yes,Electronic check,50.27,1647.42,No
CUST-04582,Male,0,No,Yes,66,Yes,Yes,No,No internet service,No internet service,Month-to-month,Yes,Electronic check,69.46,4547.75,No
CUST-04583,Female,0,No,Yes,12,Yes,No,DSL,No,No,Month-to-month,No,Bank transfer (automatic),33.2,283.9,No
CUST-04584,Female,1,No,No,40,Yes,No,DSL,Yes,No,Month-to-month,Yes,Bank transfer (automatic),115.58,4675.88,Yes
CUST-04585,Female,0,Yes,Yes,10,Yes,No,Fiber optic,Yes,No,Month-to-month,No,Mailed check,100.04,953.1,No
CUST-04586,Male,1,No,No,48,Yes,Yes,DSL,Yes,Yes,Two year,No,Mailed check,86.8,4157.83,No
CUST-04587,Female,0,Yes,Yes,20,Yes,No,Fiber optic,Yes,No,Two year,No,Mailed check,73.82,1516.79,No
CUST-04588,Female,0,Yes,No,39,Yes,Yes,DSL,Yes,Yes,Month-to-month,Yes,Bank transfer (automatic),99.22,3870.91,No
CUST-04589,Male,0,Yes,Yes,60,Yes,Yes,DSL,No,Yes,Month-to-month,No,Electronic check,69.48,4203.93,No
CUST-04590,Male,0,No,Yes,66,Yes,Yes,DSL,No,No,Month-to-month,No,Credit card (automatic),50.0,3422.74,No
CUST-04591,Male,0,Yes,Yes,65,Yes,Yes,Fiber optic,Yes,No,Month-to-month,No,Electronic check,36.04,2370.18,No
CUST-04592,Female,0,No,No,51,Yes,Yes,Fiber optic,Yes,No,One year,No,Credit card (automatic),84.76,4286.33,No
CUST-04593,Female,0,No,No,36,Yes,No,DSL,Yes,Yes,Two year,No,Bank transfer (automatic),112.94,3993.48,No
CUST-04594,Female,0,Yes,Yes,24,Yes,No,DSL,Yes,No,Two year,No,Credit card (automatic),35.36,882.47,No
CUST-04595,Female,0,No,No,27,Yes,No,No,No internet service,No internet service,Month-to-month,Yes,Mailed check,38.0,1030.08,No
CUST-04596,Female,0,Yes,No,2,Yes,Yes,Fiber optic,Yes,No,One year,No,Mailed check,63.36,57.77,Yes
CUST-04597,Female,0,Yes,No,31,Yes,No,Fiber optic,No,Yes,Month-to-month,Yes,Mailed check,100.69,3180.34,No
CUST-04598,Female,1,Yes,Yes,57,Yes,No,Fiber optic,No,Yes,Month-to-month,Yes,Mailed check,49.39,2851.44,No
CUST-04599,Male,0,Yes,Yes,66,Yes,No,Fiber optic,No,No,Month-to-month,No,Electronic check,45.39,2995.16,No
CUST-04600,Female,0,No,Yes,29,Yes,Yes,No,No internet service,No internet service,Month-to-month,No,Mailed check,82.0,2487.34,No
CUST-04601,Female,0,Yes,No,15,Yes,No,No,No internet service,No internet service,Two year,Yes,Credit card (automatic),73.56,1154.56,No
CUST-04602,Male,0,No,Yes,12,Yes,No,DSL,Yes,No,Month-to-month,Yes,Bank transfer (automatic),26.02,262.71,No
CUST-04603,Male,0,No,Yes,28,Yes,Yes,No,No internet service,No internet service,Two year,Yes,Mailed check,28.15,846.83,No
CUST-04604,Male,0,Yes,Yes,24,Yes,No,Fiber optic,Yes,Yes,Month-to-month,No,Electronic check,84.3,2035.95,No
CUST-04605,Male,0,No,Yes,21,No,No phone service,Fiber optic,No,No,Month-to-month,No,Mailed check,66.51,1491.38,No
CUST-04606,Female,0,Yes,Yes,10,Yes,Yes,Fiber optic,No,Yes,One year,Yes,Mailed check,117.1,1218.15,No
CUST-04607,Female,0,Yes,Yes,18,Yes,Yes,No,No internet service,No internet service,Month-to-month,Yes,Electronic check,87.85,1605.52,Yes
CUST-04608,Male,0,Yes,No,14,Yes,Yes,No,No internet service,No internet service,Two year,No,Bank transfer (automatic),21.01,315.51,No
CUST-04609,Male,0,No,Yes,34,Yes,Yes,DSL,Yes,Yes,One year,Yes,Electronic check,68.1,2255.98,No
CUST-04610,Female,0,Yes,Yes,58,Yes,No,Fiber optic,No,No,Month-to-month,No,Credit card (automatic),61.44,3537.92,No
CUST-04611,Male,0,No,Yes,22,Yes,Yes,No,No internet service,No internet service,Two year,No,Electronic check,30.67,685.16,No
CUST-04612,Male,0,Yes,No,70,Yes,No,Fiber optic,No,No,Two year,No,Credit card (automatic),112.32,7793.81,No
CUST-04613,Female,1,No,Yes,36,Yes,Yes,No,No internet service,No internet service,Month-to-month,No,Mailed check,100.5,3641.36,No
CUST-04614,Male,0,Yes,No,45,Yes,Yes,Fiber optic,Yes,No,Two year,Yes,Electronic check,43.01,1898.29,No
CUST-04615,Female,1,No,No,36,Yes,Yes,Fiber optic,Yes,Yes,Two year,Yes,Mailed check,45.6,1621.94,No
CUST-04616,Male,0,Yes,No,22,Yes,No,Fiber optic,Yes,Yes,Month-to-month,Yes,Electronic check,23.2,545.94,No
CUST-04617,Female,0,No,Yes,61,Yes,No,Fiber optic,No,Yes,Month-to-month,No,Credit card (automatic),49.67,3002.07,No
CUST-04618,Male,0,Yes,No,56,Yes,No,Fiber optic,No,No,One year,No,Electronic check,78.46,4417.23,No
CUST-04619,Female,0,No,Yes,33,Yes,No,Fiber optic,Yes,Yes,Two year,Yes,Credit card (automatic),62.08,2055.89,No
CUST-04620,Female,0,Yes,Yes,45,Yes,Yes,No,No internet service,No internet service,One year,Yes,Mailed check,116.93,5208.92,No
CUST-04621,Male,0,No,No,36,Yes,Yes,DSL,Yes,Yes,Month-to-month,Yes,Electronic check,25.61,966.03,No
CUST-04622,Male,0,Yes,No,20,No,No phone service,No,No internet service,No internet service,Month-to-month,No,Electronic check,79.14,1629.44,No
CUST-04623,Male,0,Yes,Yes,18,Yes,No,Fiber optic,Yes,Yes,Two year,Yes,Mailed check,105.83,1954.3,No
CUST-04624,Male,0,Yes,Yes,38,Yes,No,No,No internet service,No internet service,Month-to-month,No,Electronic check,68.07,2682.04,No
CUST-04625,Male,1,No,No,67,Yes,Yes,Fiber optic,No,Yes,Month-to-month,No,Credit card (automatic),20.3,1339.54,No
CUST-04626,Female,1,No,Yes,23,Yes,Yes,No,No internet service,No internet service,Month-to-month,No,Electronic check,44.28,920.96,No
CUST-04627,Female,0,Yes,Yes,16,Yes,No,Fiber optic,Yes,Yes,Month-to-month,No,Mailed check,52.38,805.23,No
CUST-04628,Female,0,No,No,59,Yes,No,DSL,No,Yes,Month-to-month,No,Electronic check,116.6,6927.37,No
CUST-04629,Female,0,Yes,Yes,69,Yes,Yes,Fiber optic,No,No,Month-to-month,Yes,Bank transfer (automatic),111.18,7667.35,No
CUST-04630,Male,0,Yes,Yes,68,Yes,Yes,Fiber optic,Yes,No,Month-to-month,No,Electronic check,114.92,7744.32,No
CUST-04631,Female,0,Yes,Yes,21,Yes,Yes,Fiber optic,Yes,No,Month-to-month,No,Electronic check,102.58,2070.01,No
CUST-04632,Female,1,No,Yes,70,No,No phone service,Fiber optic,No,No,Two year,Yes,Electronic check,55.16,3932.22,No
CUST-04633,Female,0,Yes,No,12,Yes,No,DSL,No,No,Month-to-month,No,Mailed check,110.59,1357.51,No
CUST-04634,Male,1,No,Yes,16,Yes,Yes,No,No internet service,No internet service,Two year,Yes,Mailed check,118.17,1865.89,No
CUST-04635,Male,0,No,No,14,Yes,Yes,DSL,No,No,Two year,No,Credit card (automatic),55.01,864.27,No
CUST-04636,Female,0,Yes,No,61,Yes,Yes,Fiber optic,Yes,No,One year,Yes,Bank transfer (automatic),46.06,2942.11,No
CUST-04637,Male,0,No,Yes,71,Yes,No,Fiber optic,No,Yes,One year,Yes,Mailed check,74.69,5354.73,No
CUST-04638,Female,0,No,Yes,46,Yes,No,No,No internet service,No internet service,Month-to-month,No,Bank transfer (automatic),38.72,1818.89,No
CUST-04639,Male,0,No,Yes,32,Yes,Yes,Fiber optic,Yes,Yes,One year,No,Electronic check,23.26,770.73,No
CUST-04640,Male,0,Yes,Yes,15,Yes,Yes,Fiber optic,No,No,Two year,No,Electronic check,114.58,1761.48,No
CUST-04641,Male,0,Yes,No,44,Yes,Yes,DSL,Yes,Yes,Two year,Yes,Electronic check,112.57,5051.0,No
CUST-04642,Female,1,No,Yes,17,Yes,No,DSL,No,Yes,Month-to-month,Yes,Electronic check,36.27,567.95,Yes
CUST-04643,Male,1,No,No,41,Yes,No,Fiber optic,No,No,Month-to-month,Yes,Bank transfer (automatic),60.77,2474.62,No
CUST-04644,Female,0,Yes,Yes,54,Yes,No,DSL,Yes,No,Month-to-month,No,Credit card (automatic),103.1,5565.01,No
CUST-04645,Male,0,Yes,Yes,44,No,No phone service,Fiber optic,Yes,No,Month-to-month,No,Bank transfer (automatic),86.1,3817.12,No
CUST-04646,Female,0,No,No,5,Yes,Yes,DSL,Yes,No,Two year,Yes,Electronic check,59.48,375.67,No
CUST-04647,Female,1,Yes,No,27,Yes,Yes,No,No internet service,No internet service,Month-to-month,No,Credit card (automatic),94.42,2569.98,No
CUST-04648,Female,0,Yes,No,43,Yes,No,No,No internet service,No internet service,Month-to-month,Yes,Credit card (automatic),109.7,4748.36,No
CUST-04649,Female,0,No,No,31,Yes,No,Fiber optic,Yes,Yes,One year,No,Electronic check,112.62,3525.06,No
CUST-04650,Female,0,Yes,No,17,Yes,No,Fiber optic,Yes,Yes,Month-to-month,No,Credit card (automatic),57.88,985.11,No
CUST-04651,Female,0,No,Yes,54,Yes,Yes,DSL,Yes,Yes,Month-to-month,No,Mailed check,37.36,1996.63,No
CUST-04652,Male,0,No,No,62,Yes,No,Fiber optic,No,Yes,Month-to-month,No,Electronic check,111.28,6903.09,No
CUST-04653,Female,0,No,No,32,Yes,Yes,No,No internet service,No internet service,Month-to-month,Yes,Credit card (automatic),29.26,903.61,No
CUST-04654,Male,0,No,Yes,40,Yes,Yes,No,No internet service,No internet service,One year,No,Bank transfer (automatic),92.17,3654.95,No
CUST-04655,Female,0,Yes,Yes,13,Yes,Yes,Fiber optic,Yes,No,One year,No,Credit card (automatic),34.05,461.05,No
CUST-04656,Female,1,Yes,No,35,Yes,No,DSL,Yes,Yes,Two year,Yes,Bank transfer (automatic),58.94,2038.99,No
CUST-04657,Male,0,Yes,Yes,5,No,No phone service,DSL,No,No,One year,No,Mailed check,61.16,398.14,No
CUST-04658,Female,0,Yes,Yes,29,Yes,No,DSL,No,No,One year,Yes,Electronic check,35.88,1047.85,No
CUST-04659,Male,0,No,Yes,70,No,No phone service,DSL,No,Yes,Month-to-month,No,Credit card (automatic),112.27,7926.86,No
CUST-04660,Female,0,Yes,Yes,25,No,No phone service,DSL,Yes,No,Month-to-month,Yes,Mailed check,20.27,444.5,No
CUST-04661,Male,0,No,Yes,22,No,No phone service,DSL,Yes,No,Month-to-month,Yes,Bank transfer (automatic),109.38,2345.64,No
CUST-04662,Male,0,No,Yes,66,Yes,No,Fiber optic,Yes,No,Two year,Yes,Mailed check,108.38,7147.53,No
CUST-04663,Female,1,No,No,45,Yes,Yes,DSL,No,Yes,Month-to-month,Yes,Mailed check,51.7,2373.34,No
CUST-04664,Male,0,Yes,No,69,Yes,Yes,Fiber optic,No,Yes,Month-to-month,No,Bank transfer (automatic),90.43,6215.17,Yes
CUST-04665,Male,0,No,Yes,1,Yes,No,Fiber optic,Yes,No,Two year,No,Electronic check,45.28,40.26,No
CUST-04666,Female,0,No,No,44,Yes,No,Fiber optic,No,Yes,Month-to-month,Yes,Mailed check,95.88,4268.72,No
CUST-04667,Female,0,Yes,No,39,Yes,Yes,DSL,No,No,Month-to-month,Yes,Mailed check,76.11,2948.89,No
CUST-04668,Female,0,No,Yes,54,Yes,No,DSL,Yes,Yes,Month-to-month,Yes,Bank transfer (automatic),50.02,2663.2,No
CUST-04669,Male,1,Yes,Yes,29,Yes,Yes,DSL,Yes,Yes,One year,No,Bank transfer (automatic),60.02,1776.0,No
CUST-04670,Male,0,Yes,Yes,54,Yes,No,No,No internet service,No internet service,Two year,Yes,Mailed check,88.99,4740.26,No
CUST-04671,Male,0,No,Yes,16,Yes,Yes,Fiber optic,Yes,No,Two year,No,Credit card (automatic),110.61,1751.08,No
CUST-04672,Female,0,No,No,20,Yes,No,Fiber optic,Yes,Yes,Month-to-month,Yes,Bank transfer (automatic),33.07,667.11,No
CUST-04673,Female,0,Yes,Yes,46,Yes,Yes,No,No internet service,No internet service,Month-to-month,No,Electronic check,77.14,3574.89,No
CUST-04674,Male,0,Yes,No,67,Yes,No,Fiber optic,Yes,Yes,Month-to-month,No,Credit card (automatic),45.37,3080.92,No
CUST-04675,Female,0,No,Yes,65,Yes,No,DSL,Yes,Yes,Month-to-month,Yes,Credit card (automatic),100.14,6558.03,No
CUST-04676,Female,0,No,No,58,Yes,No,Fiber optic,Yes,Yes,Month-to-month,Yes,Mailed check,27.02,1552.04,No
CUST-04677,Female,1,No,Yes,53,Yes,Yes,No,No internet service,No internet service,Month-to-month,Yes,Electronic check,88.9,4759.58,No
CUST-04678,Female,1,No,Yes,1,Yes,No,Fiber optic,No,No,Month-to-month,No,Credit card (automatic),37.49,62.8,No
CUST-04679,Female,0,No,Yes,66,Yes,No,DSL,Yes,Yes,Month-to-month,Yes,Bank transfer (automatic),79.64,5292.3,No
CUST-04680,Male,0,No,Yes,29,No,No phone service,No,No internet service,No internet service,One year,Yes,Electronic check,103.57,2971.84,No
CUST-04681,Male,0,No,No,70,Yes,No,Fiber optic,Yes,Yes,Month-to-month,Yes,Electronic check,95.51,6718.96,Yes
CUST-04682,Female,0,No,Yes,8,Yes,Yes,No,No internet service,No internet service,Month-to-month,Yes,Mailed check,95.29,754.68,Yes
CUST-04683,Female,0,No,No,29,Yes,Yes,Fiber optic,No,Yes,Two year,Yes,Credit card (automatic),71.78,2084.01,No
CUST-04684,Male,0,No,No,51,Yes,Yes,Fiber optic,Yes,Yes,One year,Yes,Bank transfer (automatic),109.07,5570.83,No
CUST-04685,Male,0,Yes,Yes,33,Yes,Yes,Fiber optic,Yes,Yes,One year,No,Credit card (automatic),78.81,2706.39,No
CUST-04686,Male,0,Yes,Yes,3,Yes,Yes,No,No internet service,No internet service,Month-to-month,No,Credit card (automatic),111.75,289.51,Yes
CUST-04687,Male,0,Yes,No,60,Yes,Yes,Fiber optic,No,Yes,Month-to-month,Yes,Bank transfer (automatic),74.65,4538.47,No
CUST-04688,Male,1,Yes,Yes,35,Yes,No,DSL,No,Yes,Month-to-month,No,Credit card (automatic),70.6,2542.52,No
CUST-04689,Female,0,No,No,69,Yes,Yes,Fiber optic,Yes,Yes,Month-to-month,No,Electronic check,42.24,2955.84,No
CUST-04690,Male,0,Yes,Yes,20,Yes,No,DSL,Yes,No,One year,No,Mailed check,74.48,1462.83,No
CUST-04691,Male,0,No,Yes,39,Yes,Yes,DSL,Yes,No,Month-to-month,Yes,Mailed check,34.06,1413.17,No
CUST-04692,Male,0,No,Yes,4,Yes,No,Fiber optic,No,No,Month-to-month,Yes,Electronic check,106.97,411.28,No
CUST-04693,Male,0,No,No,19,Yes,Yes,Fiber optic,No,Yes,Month-to-month,Yes,Credit card (automatic),87.59,1698.57,Yes
CUST-04694,Female,0,No,Yes,45,Yes,Yes,DSL,No,Yes,Month-to-month,Yes,Credit card (automatic),119.36,5377.25,No
CUST-04695,Female,0,No,No,43,Yes,No,DSL,Yes,No,Month-to-month,Yes,Mailed check,29.21,1237.57,No
CUST-04696,Male,1,Yes,Yes,13,Yes,No,DSL,No,No,One year,No,Mailed check,44.07,600.24,No
CUST-04697,Male,0,Yes,No,13,Yes,Yes,Fiber optic,Yes,No,Two year,No,Bank transfer (automatic),107.72,1494.33,Yes
CUST-04698,Female,0,Yes,Yes,60,Yes,Yes,DSL,No,Yes,Month-to-month,Yes,Bank transfer (automatic),59.53,3584.62,No
CUST-04699,Male,0,No,No,57,Yes,No,Fiber optic,Yes,No,One year,Yes,Bank transfer (automatic),66.63,3896.83,No
CUST-04700,Male,0,Yes,Yes,52,Yes,No,Fiber optic,Yes,Yes,Month-to-month,No,Bank transfer (automatic),106.07,5506.48,No
CUST-04701,Female,1,Yes,No,53,Yes,Yes,Fiber optic,Yes,No,One year,Yes,Mailed check,72.18,3829.41,No
CUST-04702,Female,0,No,No,43,Yes,Yes,DSL,Yes,No,Month-to-month,Yes,Credit card (automatic),39.35,1630.76,No
CUST-04703,Male,0,No,No,42,Yes,No,Fiber optic,No,No,Month-to-month,No,Electronic check,109.2,4558.51,Yes
CUST-04704,Male,0,Yes,No,26,Yes,Yes,Fiber optic,Yes,No,Month-to-month,Yes,Mailed check,23.11,589.94,No
CUST-04705,Female,0,No,No,23,Yes,Yes,DSL,No,Yes,Month-to-month,No,Electronic check,109.54,2502.97,Yes
CUST-04706,Female,0,No,No,43,Yes,No,Fiber optic,No,No,Month-to-month,Yes,Electronic check,25.05,1029.14,Yes
CUST-04707,Female,0,Yes,Yes,28,Yes,No,Fiber optic,No,Yes,One year,No,Credit card (automatic),86.58,2386.15,No
CUST-04708,Male,0,Yes,Yes,9,Yes,Yes,Fiber optic,No,Yes,Month-to-month,Yes,Credit card (automatic),27.17,230.2,Yes
CUST-04709,Male,0,No,Yes,20,Yes,Yes,Fiber optic,Yes,Yes,Two year,Yes,Electronic check,90.62,1871.73,No
CUST-04710,Male,0,No,No,56,No,No phone service,Fiber optic,Yes,Yes,Month-to-month,Yes,Mailed check,23.4,1235.62,No
CUST-04711,Female,0,Yes,Yes,39,Yes,No,No,No internet service,No internet service,Month-to-month,No,Electronic check,104.25,3961.64,No
CUST-04712,Male,1,Yes,No,51,Yes,No,No,No internet service,No internet service,Two year,Yes,Credit card (automatic),66.59,3308.05,Yes
CUST-04713,Female,0,Yes,No,12,Yes,No,DSL,Yes,No,Month-to-month,Yes,Bank transfer (automatic),29.35,309.83,No
CUST-04714,Male,0,No,Yes,55,Yes,No,Fiber optic,Yes,No,Two year,Yes,Credit card (automatic),90.68,5019.25,No
CUST-04715,Female,0,Yes,Yes,11,Yes,Yes,DSL,No,No,Month-to-month,Yes,Credit card (automatic),68.93,740.41,No
CUST-04716,Male,0,Yes,Yes,26,Yes,No,Fiber optic,No,Yes,Month-to-month,No,Mailed check,39.09,997.84,No
CUST-04717,Female,0,Yes,No,42,No,No phone service,Fiber optic,Yes,No,One year,Yes,Electronic check,21.57,886.32,No
CUST-04718,Female,0,No,Yes,27,Yes,No,DSL,Yes,No,Two year,Yes,Electronic check,61.8,1574.71,No
CUST-04719,Female,1,No,No,11,Yes,Yes,DSL,Yes,No,Month-to-month,Yes,Electronic check,28.56,357.23,Yes
CUST-04720,Female,0,Yes,No,38,Yes,Yes,DSL,No,Yes,One year,Yes,Bank transfer (automatic),29.42,1183.49,No
CUST-04721,Male,0,No,No,43,Yes,No,Fiber optic,No,No,Month-to-month,Yes,Bank transfer (automatic),46.73,1992.62,No
CUST-04722,Female,0,Yes,Yes,19,Yes,Yes,Fiber optic,No,Yes,Two year,Yes,Bank transfer (automatic),83.05,1582.22,No
CUST-04723,Male,0,Yes,Yes,64,Yes,No,Fiber optic,No,Yes,One year,Yes,Bank transfer (automatic),72.99,4677.3,No
CUST-04724,Male,0,Yes,Yes,6,Yes,No,Fiber optic,Yes,No,Two year,Yes,Bank transfer (automatic),26.9,108.01,No
CUST-04725,Female,1,No,Yes,46,Yes,No,Fiber optic,No,Yes,Month-to-month,No,Credit card (automatic),116.84,5352.57,No
CUST-04726,Female,0,Yes,No,42,Yes,Yes,DSL,Yes,No,Two year,No,Mailed check,108.72,4655.53,No
CUST-04727,Male,0,No,No,65,No,No phone service,DSL,No,No,Month-to-month,No,Mailed check,45.92,2984.6,Yes
CUST-04728,Male,0,No,No,59,Yes,Yes,No,No internet service,No internet service,Month-to-month,Yes,Credit card (automatic),32.23,1912.75,No
CUST-04729,Male,0,Yes,No,52,Yes,No,Fiber optic,Yes,Yes,Two year,Yes,Bank transfer (automatic),114.24,5905.8,No
CUST-04730,Male,0,No,Yes,47,Yes,Yes,Fiber optic,Yes,No,Month-to-month,No,Credit card (automatic),66.11,3085.67,No
CUST-04731,Male,0,Yes,Yes,7,Yes,No,Fiber optic,No,No,One year,No,Credit card (automatic),51.12,390.15,No
CUST-04732,Male,0,Yes,No,11,Yes,Yes,DSL,No,No,One year,Yes,Credit card (automatic),69.04,717.46,No
CUST-04733,Male,0,Yes,Yes,61,Yes,No,No,No internet service,No internet service,Month-to-month,No,Electronic check,97.27,6014.47,No
CUST-04734,Female,0,Yes,No,68,Yes,No,Fiber optic,No,No,Month-to-month,No,Mailed check,36.84,2424.31,No
CUST-04735,Male,0,No,No,25,No,No phone service,DSL,No,No,Month-to-month,Yes,Credit card (automatic),96.75,2387.09,Yes
CUST-04736,Male,0,Yes,Yes,12,Yes,No,DSL,No,Yes,Two year,Yes,Bank transfer (automatic),94.94,1065.29,No
CUST-04737,Female,0,Yes,No,26,Yes,Yes,DSL,Yes,Yes,Month-to-month,Yes,Credit card (automatic),73.93,1988.4,No
CUST-04738,Male,0,Yes,Yes,12,Yes,No,DSL,No,Yes,Month-to-month,No,Bank transfer (automatic),106.58,1277.15,No
CUST-04739,Male,0,Yes,Yes,43,Yes,No,DSL,Yes,No,One year,No,Bank transfer (automatic),33.21,1413.71,No
CUST-04740,Female,0,No,No,51,Yes,Yes,DSL,No,Yes,Month-to-month,Yes,Electronic check,79.55,4076.93,Yes
CUST-04741,Male,0,No,Yes,37,Yes,No,DSL,No,No,Month-to-month,No,Mailed check,64.93,2472.36,No
CUST-04742,Male,0,Yes,Yes,46,Yes,No,Fiber optic,No,Yes,One year,Yes,Credit card (automatic),62.23,2873.38,No
CUST-04743,Female,1,No,No,53,Yes,No,DSL,Yes,Yes,Month-to-month,Yes,Mailed check,45.26,2455.91,Yes
CUST-04744,Female,0,Yes,Yes,13,Yes,No,DSL,Yes,Yes,Month-to-month,Yes,Bank transfer (automatic),57.23,729.31,No
CUST-04745,Male,0,Yes,Yes,54,Yes,Yes,Fiber optic,Yes,No,One year,No,Credit card (automatic),30.82,1616.21,No
CUST-04746,Female,1,Yes,Yes,57,Yes,Yes,Fiber optic,Yes,Yes,Month-to-month,Yes,Credit card (automatic),45.16,2585.73,No
CUST-04747,Female,0,No,Yes,4,Yes,Yes,No,No internet service,No internet service,Two year,Yes,Credit card (automatic),47.2,153.93,No
CUST-04748,Male,0,Yes,Yes,49,Yes,No,Fiber optic,Yes,No,One year,Yes,Mailed check,92.07,4545.87,No
CUST-04749,Female,0,No,Yes,7,Yes,Yes,DSL,No,No,Month-to-month,No,Credit card (automatic),24.86,153.55,No
CUST-04750,Female,0,No,No,11,Yes,Yes,Fiber optic,Yes,Yes,Month-to-month,Yes,Electronic check,85.12,932.09,No
CUST-04751,Male,0,Yes,Yes,54,No,No phone service,No,No internet service,No internet service,Month-to-month,Yes,Electronic check,42.14,2163.54,No
CUST-04752,Male,0,No,No,45,Yes,No,No,No internet service,No internet service,Two year,No,Mailed check,28.19,1262.31,No
CUST-04753,Female,0,Yes,No,23,Yes,Yes,No,No internet service,No internet service,Two year,No,Credit card (automatic),50.08,1139.71,No
CUST-04754,Female,0,No,No,28,Yes,Yes,Fiber optic,Yes,No,Month-to-month,No,Electronic check,42.45,1246.75,Yes
CUST-04755,Male,0,No,No,57,Yes,No,Fiber optic,No,Yes,One year,No,Credit card (automatic),75.2,4329.91,No
CUST-04756,Male,0,No,No,26,Yes,No,DSL,Yes,No,Two year,Yes,Bank transfer (automatic),55.74,1450.45,No
CUST-04757,Female,0,No,No,25,No,No phone service,Fiber optic,Yes,Yes,One year,Yes,Bank transfer (automatic),116.6,2833.48,No
CUST-04758,Male,0,Yes,Yes,54,Yes,No,Fiber optic,No,Yes,One year,Yes,Credit card (automatic),116.35,6260.89,No
CUST-04759,Male,0,Yes,Yes,29,Yes,Yes,DSL,Yes,No,Month-to-month,Yes,Credit card (automatic),64.37,1924.93,Yes
CUST-04760,Female,1,Yes,No,36,Yes,Yes,No,No internet service,No internet service,Two year,No,Credit card (automatic),99.51,3572.44,No
CUST-04761,Female,0,Yes,No,14,Yes,No,DSL,No,Yes,Two year,No,Bank transfer (automatic),21.33,245.28,No
CUST-04762,Male,0,Yes,No,35,Yes,No,DSL,Yes,No,Month-to-month,Yes,Electronic check,74.78,2674.89,No
CUST-04763,Male,0,Yes,Yes,30,Yes,Yes,DSL,Yes,No,Month-to-month,Yes,Bank transfer (automatic),94.33,2748.72,No
CUST-04764,Female,0,Yes,Yes,17,Yes,Yes,Fiber optic,Yes,No,Month-to-month,Yes,Credit card (automatic),41.69,703.08,No
CUST-04765,Male,0,No,No,67,Yes,Yes,Fiber optic,No,Yes,One year,Yes,Mailed check,26.12,1777.94,No
CUST-04766,Female,0,No,No,30,Yes,Yes,DSL,Yes,No,Month-to-month,Yes,Electronic check,35.59,1074.0,No
CUST-04767,Male,0,Yes,No,45,Yes,No,No,No internet service,No internet service,Two year,No,Mailed check,64.18,2826.02,No
CUST-04768,Male,0,Yes,No,51,Yes,Yes,DSL,No,No,Two year,Yes,Bank transfer (automatic),70.64,3556.18,No
CUST-04769,Male,0,No,No,47,Yes,No,Fiber optic,Yes,No,Month-to-month,No,Electronic check,58.09,2695.33,Yes
CUST-04770,Female,0,No,No,53,Yes,No,Fiber optic,No,No,One year,No,Electronic check,64.0,3431.22,No
CUST-04771,Female,0,Yes,Yes,64,Yes,Yes,No,No internet service,No internet service,Month-to-month,No,Mailed check,67.02,4297.81,No
CUST-04772,Male,0,Yes,Yes,38,Yes,No,No,No internet service,No internet service,Two year,No,Mailed check,96.94,3664.34,No
CUST-04773,Male,0,No,Yes,64,No,No phone service,DSL,Yes,Yes,Month-to-month,No,Mailed check,30.52,1973.73,No
CUST-04774,Female,0,No,No,7,Yes,No,Fiber optic,Yes,Yes,Month-to-month,Yes,Mailed check,96.9,640.79,Yes
CUST-04775,Female,0,No,Yes,22,Yes,No,No,No internet service,No internet service,Month-to-month,Yes,Electronic check,88.86,1991.84,Yes
CUST-04776,Male,0,No,Yes,41,Yes,Yes,DSL,Yes,Yes,Month-to-month,Yes,Bank transfer (automatic),94.17,3883.5,No
CUST-04777,Female,1,No,No,10,Yes,Yes,DSL,Yes,No,Month-to-month,No,Mailed check,93.45,923.28,Yes
CUST-04778,Female,0,Yes,No,57,Yes,Yes,Fiber optic,No,Yes,One year,No,Credit card (automatic),67.06,3814.31,No
CUST-04779,Male,0,No,No,7,Yes,No,Fiber optic,Yes,No,Month-to-month,No,Electronic check,41.14,270.89,Yes
CUST-04780,Male,0,Yes,No,50,Yes,No,No,No internet service,No internet service,One year,Yes,Mailed check,73.66,3732.8,No
CUST-04781,Female,0,No,No,52,No,No phone service,Fiber optic,Yes,No,Month-to-month,Yes,Credit card (automatic),115.8,6032.4,No
CUST-04782,Female,0,Yes,Yes,33,Yes,No,Fiber optic,No,No,Month-to-month,Yes,Bank transfer (automatic),78.85,2591.23,Yes
CUST-04783,Male,1,Yes,Yes,1,Yes,Yes,No,No internet service,No internet service,Two year,Yes,Bank transfer (automatic),21.1,0.0,No
CUST-04784,Female,0,Yes,No,53,Yes,Yes,Fiber optic,No,Yes,Month-to-month,Yes,Mailed check,25.97,1405.88,No
CUST-04785,Male,1,Yes,No,60,Yes,No,Fiber optic,No,Yes,Month-to-month,No,Credit card (automatic),119.29,7184.54,Yes
CUST-04786,Male,0,Yes,Yes,34,Yes,Yes,No,No internet service,No internet service,Two year,No,Mailed check,27.19,898.18,No
CUST-04787,Female,0,No,Yes,4,No,No phone service,Fiber optic,Yes,No,Month-to-month,Yes,Electronic check,24.6,77.39,Yes
CUST-04788,Male,0,Yes,Yes,17,Yes,Yes,DSL,Yes,Yes,Two year,Yes,Electronic check,55.3,934.25,No
CUST-04789,Male,0,No,No,4,Yes,No,Fiber optic,Yes,No,Month-to-month,Yes,Electronic check,116.93,410.04,No
CUST-04790,Male,1,Yes,No,43,Yes,No,Fiber optic,No,Yes,Two year,Yes,Mailed check,51.87,2234.1,No
CUST-04791,Male,0,No,No,4,Yes,Yes,No,No internet service,No internet service,Month-to-month,Yes,Mailed check,60.99,161.69,No
CUST-04792,Male,1,Yes,No,1,Yes,Yes,DSL,No,Yes,Month-to-month,No,Mailed check,83.41,19.44,No
CUST-04793,Female,0,Yes,Yes,71,Yes,No,Fiber optic,Yes,Yes,Month-to-month,No,Bank transfer (automatic),22.41,1565.63,No
CUST-04794,Male,1,No,Yes,50,Yes,No,DSL,Yes,No,Two year,No,Bank transfer (automatic),109.78,5457.59,No
CUST-04795,Male,0,No,No,61,Yes,No,Fiber optic,No,Yes,Two year,Yes,Credit card (automatic),71.94,4410.91,No
CUST-04796,Male,0,No,Yes,35,No,No phone service,Fiber optic,No,Yes,Month-to-month,No,Mailed check,66.68,2347.95,Yes
CUST-04797,Female,0,No,No,8,Yes,Yes,No,No internet service,No internet service,Two year,No,Electronic check,106.07,917.39,No
CUST-04798,Male,0,No,Yes,24,Yes,Yes,Fiber optic,Yes,No,Two year,No,Electronic check,115.31,2772.08,No
CUST-04799,Male,0,Yes,No,36,Yes,No,No,No internet service,No internet service,Month-to-month,No,Mailed check,62.34,2254.55,No
CUST-04800,Male,0,Yes,No,50,No,No phone service,Fiber optic,Yes,No,Month-to-month,No,Credit card (automatic),37.24,1803.85,Yes
CUST-04801,Male,0,Yes,Yes,43,Yes,No,Fiber optic,No,No,Month-to-month,Yes,Electronic check,101.57,4309.46,No
CUST-04802,Female,0,No,Yes,27,Yes,Yes,DSL,No,Yes,Two year,Yes,Credit card (automatic),60.33,1632.13,No
CUST-04803,Female,0,Yes,Yes,32,Yes,Yes,DSL,No,Yes,One year,Yes,Mailed check,113.55,3637.69,No
CUST-04804,Male,0,No,Yes,18,Yes,No,DSL,No,No,Two year,No,Bank transfer (automatic),114.99,2084.3,No
CUST-04805,Female,0,Yes,Yes,28,Yes,No,DSL,Yes,Yes,Month-to-month,Yes,Electronic check,31.48,944.92,No
CUST-04806,Female,0,No,No,29,Yes,No,DSL,No,No,Two year,No,Credit card (automatic),115.66,3298.3,No
CUST-04807,Female,0,No,No,16,Yes,Yes,Fiber optic,Yes,No,One year,Yes,Bank transfer (automatic),56.83,993.78,No
CUST-04808,Male,0,Yes,No,47,Yes,Yes,No,No internet service,No internet service,Month-to-month,Yes,Credit card (automatic),84.63,3903.11,No
CUST-04809,Male,1,No,Yes,59,Yes,No,Fiber optic,Yes,No,Month-to-month,No,Bank transfer (automatic),23.48,1403.97,No
CUST-04810,Male,0,Yes,No,31,Yes,No,DSL,Yes,Yes,Two year,Yes,Mailed check,108.89,3313.27,No
CUST-04811,Male,0,Yes,Yes,4,Yes,No,Fiber optic,Yes,Yes,Month-to-month,No,Bank transfer (automatic),84.16,372.85,No
CUST-04812,Male,0,No,Yes,37,Yes,Yes,Fiber optic,Yes,Yes,One year,Yes,Electronic check,84.36,3047.13,No
CUST-04813,Male,0,Yes,Yes,17,Yes,No,Fiber optic,Yes,Yes,One year,Yes,Mailed check,110.22,1737.12,No
CUST-04814,Female,0,No,No,39,Yes,No,Fiber optic,Yes,No,Month-to-month,No,Mailed check,70.83,2769.66,Yes
CUST-04815,Female,0,No,No,48,Yes,Yes,DSL,Yes,Yes,Month-to-month,No,Electronic check,61.05,2924.15,No
CUST-04816,Female,0,Yes,Yes,46,Yes,No,No,No internet service,No internet service,Two year,No,Bank transfer (automatic),106.61,4959.36,No
CUST-04817,Female,0,No,No,48,Yes,Yes,Fiber optic,No,Yes,Two year,No,Mailed check,94.24,4527.41,No
CUST-04818,Female,0,No,No,39,Yes,No,Fiber optic,No,Yes,One year,Yes,Mailed check,114.9,4443.86,No
CUST-04819,Male,0,Yes,Yes,4,Yes,Yes,Fiber optic,No,No,One year,Yes,Mailed check,114.01,429.05,No
CUST-04820,Male,0,No,Yes,30,Yes,Yes,DSL,No,Yes,Month-to-month,Yes,Credit card (automatic),58.23,1907.7,No
CUST-04821,Female,0,No,No,30,No,No phone service,Fiber optic,No,Yes,Month-to-month,No,Electronic check,64.7,1897.27,No
CUST-04822,Male,0,No,No,22,Yes,No,No,No internet service,No internet service,Two year,No,Electronic check,45.6,1029.43,No
CUST-04823,Male,0,No,Yes,66,Yes,No,Fiber optic,Yes,No,Month-to-month,Yes,Mailed check,86.06,5700.07,No
CUST-04824,Male,1,Yes,No,12,Yes,Yes,DSL,Yes,No,Month-to-month,No,Mailed check,56.45,704.79,Yes
CUST-04825,Male,0,Yes,No,36,Yes,No,Fiber optic,Yes,No,Month-to-month,Yes,Electronic check,98.61,3573.27,Yes
CUST-04826,Male,1,Yes,No,18,No,No phone service,Fiber optic,No,No,Month-to-month,No,Bank transfer (automatic),32.16,565.5,Yes
CUST-04827,Female,1,Yes,Yes,53,Yes,Yes,Fiber optic,No,No,One year,Yes,Mailed check,31.64,1588.82,No
CUST-04828,Female,0,Yes,Yes,71,Yes,Yes,No,No internet service,No internet service,Two year,Yes,Credit card (automatic),40.45,2879.73,No
CUST-04829,Female,0,Yes,Yes,1,Yes,No,Fiber optic,No,No,Month-to-month,No,Electronic check,28.43,27.79,Yes
CUST-04830,Male,0,No,No,58,Yes,Yes,Fiber optic,No,No,Month-to-month,Yes,Bank transfer (automatic),82.0,4762.2,No
CUST-04831,Male,0,No,Yes,6,Yes,No,Fiber optic,No,No,Two year,Yes,Bank transfer (automatic),34.74,236.7,No
CUST-04832,Male,0,No,Yes,70,Yes,No,DSL,Yes,No,Month-to-month,Yes,Electronic check,36.0,2499.32,Yes
CUST-04833,Male,0,No,No,44,Yes,Yes,Fiber optic,Yes,Yes,Two year,Yes,Credit card (automatic),21.42,911.47,No
CUST-04834,Female,0,No,No,24,Yes,No,Fiber optic,No,Yes,Two year,Yes,Mailed check,98.21,2402.08,No
CUST-04835,Male,0,Yes,No,19,Yes,No,DSL,No,No,Two year,No,Electronic check,101.23,1906.93,No
CUST-04836,Female,0,Yes,No,18,Yes,No,Fiber optic,No,Yes,Month-to-month,No,Credit card (automatic),36.2,626.91,Yes
CUST-04837,Female,0,No,Yes,30,Yes,Yes,Fiber optic,Yes,No,Month-to-month,No,Electronic check,93.95,2789.49,No
CUST-04838,Female,0,Yes,Yes,42,Yes,No,Fiber optic,No,No,One year,Yes,Bank transfer (automatic),63.35,2690.43,No
CUST-04839,Female,0,Yes,No,33,No,No phone service,Fiber optic,No,No,One year,Yes,Mailed check,43.96,1440.19,No
CUST-04840,Male,0,Yes,Yes,12,Yes,Yes,DSL,Yes,Yes,One year,Yes,Bank transfer (automatic),82.14,1096.32,No
CUST-04841,Male,0,Yes,Yes,27,Yes,No,DSL,No,No,Month-to-month,No,Electronic check,37.85,1024.82,No
CUST-04842,Female,0,Yes,No,39,Yes,Yes,DSL,Yes,Yes,Month-to-month,No,Credit card (automatic),95.69,3671.58,No
CUST-04843,Male,0,No,No,9,Yes,No,Fiber optic,Yes,No,Month-to-month,No,Electronic check,24.76,201.0,Yes
CUST-04844,Male,1,No,No,21,Yes,Yes,Fiber optic,Yes,Yes,One year,Yes,Mailed check,115.91,2466.88,No
CUST-04845,Male,0,Yes,Yes,29,Yes,No,DSL,No,Yes,Month-to-month,Yes,Electronic check,27.19,758.5,No
CUST-04846,Female,0,Yes,Yes,33,Yes,No,Fiber optic,No,No,Month-to-month,Yes,Electronic check,77.94,2571.16,Yes
CUST-04847,Female,0,Yes,Yes,62,Yes,Yes,Fiber optic,No,Yes,One year,No,Bank transfer (automatic),110.22,6882.56,No
CUST-04848,Female,0,No,Yes,15,Yes,Yes,No,No internet service,No internet service,One year,No,Mailed check,21.19,374.29,No
CUST-04849,Female,0,Yes,Yes,2,No,No phone service,DSL,No,No,One year,Yes,Electronic check,69.85,113.48,No
CUST-04850,Female,0,Yes,Yes,52,Yes,Yes,Fiber optic,No,Yes,One year,Yes,Mailed check,55.0,2847.16,No
CUST-04851,Female,0,Yes,No,44,Yes,Yes,Fiber optic,Yes,Yes,Month-to-month,No,Mailed check,78.03,3438.16,Yes
CUST-04852,Female,0,Yes,No,54,No,No phone service,DSL,Yes,Yes,One year,Yes,Credit card (automatic),42.55,2364.82,No
CUST-04853,Male,1,No,No,18,Yes,No,No,No internet service,No internet service,Month-to-month,No,Credit card (automatic),26.49,421.83,Yes
CUST-04854,Female,0,No,No,3,No,No phone service,No,No internet service,No internet service,Month-to-month,Yes,Bank transfer (automatic),82.59,265.76,No
CUST-04855,Male,0,Yes,Yes,7,Yes,Yes,DSL,No,Yes,One year,Yes,Bank transfer (automatic),61.68,434.53,No
CUST-04856,Female,0,No,No,43,Yes,No,Fiber optic,No,Yes,Month-to-month,No,Credit card (automatic),82.25,3491.9,No
CUST-04857,Male,1,Yes,No,38,Yes,No,DSL,No,No,Month-to-month,Yes,Electronic check,41.05,1621.77,No
CUST-04858,Male,0,No,No,37,No,No phone service,No,No internet service,No internet service,One year,Yes,Electronic check,53.87,2042.71,No
CUST-04859,Male,0,Yes,No,58,Yes,Yes,DSL,No,Yes,Month-to-month,No,Mailed check,76.17,4494.77,No
CUST-04860,Male,0,No,Yes,33,Yes,No,No,No internet service,No internet service,Month-to-month,No,Bank transfer (automatic),79.31,2676.24,No
CUST-04861,Female,0,Yes,Yes,59,Yes,Yes,No,No internet service,No internet service,Two year,Yes,Credit card (automatic),57.23,3377.08,No
CUST-04862,Female,0,Yes,Yes,11,No,No phone service,Fiber optic,Yes,No,Two year,No,Electronic check,48.01,559.08,No
CUST-04863,Female,0,Yes,No,68,Yes,Yes,Fiber optic,Yes,Yes,Month-to-month,No,Credit card (automatic),47.37,3237.75,No
CUST-04864,Female,0,Yes,No,68,Yes,No,DSL,No,No,One year,Yes,Mailed check,37.47,2502.61,No
CUST-04865,Female,1,No,Yes,22,Yes,Yes,Fiber optic,No,No,Month-to-month,Yes,Credit card (automatic),52.54,1090.66,No
CUST-04866,Female,0,No,No,66,Yes,No,DSL,Yes,Yes,Month-to-month,No,Mailed check,39.94,2654.49,No
CUST-04867,Female,0,No,No,44,Yes,Yes,Fiber optic,Yes,Yes,One year,No,Bank transfer (automatic),83.38,3673.54,No
CUST-04868,Female,0,No,Yes,6,Yes,No,DSL,No,No,Month-to-month,Yes,Electronic check,76.91,444.64,No
CUST-04869,Female,0,Yes,No,42,Yes,No,Fiber optic,Yes,Yes,Two year,No,Electronic check,58.26,2442.3,No
CUST-04870,Female,0,No,No,25,Yes,Yes,Fiber optic,No,No,One year,No,Electronic check,52.58,1402.97,No
CUST-04871,Female,1,No,No,57,Yes,Yes,No,No internet service,No internet service,Month-to-month,Yes,Bank transfer (automatic),43.76,2385.34,No
CUST-04872,Male,0,No,No,55,Yes,Yes,Fiber optic,No,No,Month-to-month,Yes,Mailed check,73.55,4077.24,No
CUST-04873,Male,0,No,No,16,Yes,No,No,No internet service,No internet service,Month-to-month,No,Electronic check,111.89,1832.37,No
CUST-04874,Male,0,Yes,No,14,Yes,No,No,No internet service,No internet service,Month-to-month,Yes,Bank transfer (automatic),88.57,1288.37,Yes
CUST-04875,Male,0,Yes,No,39,Yes,No,DSL,Yes,Yes,Month-to-month,No,Electronic check,94.44,3614.24,No
CUST-04876,Male,0,No,No,28,Yes,No,Fiber optic,Yes,Yes,Month-to-month,No,Electronic check,103.44,2881.66,No
CUST-04877,Female,0,No,No,51,Yes,Yes,Fiber optic,Yes,No,Month-to-month,Yes,Bank transfer (automatic),55.16,2796.0,Yes
CUST-04878,Female,1,Yes,No,49,Yes,No,Fiber optic,No,Yes,Month-to-month,Yes,Electronic check,26.29,1302.81,No
CUST-04879,Male,1,Yes,Yes,9,Yes,Yes,DSL,No,Yes,Two year,No,Electronic check,82.26,683.87,No
CUST-04880,Female,0,No,Yes,58,Yes,No,Fiber optic,Yes,No,Month-to-month,Yes,Credit card (automatic),38.87,2273.38,No
CUST-04881,Male,0,No,Yes,45,No,No phone service,DSL,Yes,No,One year,No,Credit card (automatic),76.9,3416.26,No
CUST-04882,Female,0,No,Yes,22,Yes,Yes,No,No internet service,No internet service,Month-to-month,Yes,Mailed check,93.95,2052.02,No
CUST-04883,Female,1,No,No,32,Yes,Yes,No,No internet service,No internet service,Two year,Yes,Bank transfer (automatic),98.36,3214.77,No
CUST-04884,Male,0,Yes,Yes,69,Yes,No,Fiber optic,Yes,No,Month-to-month,No,Credit card (automatic),50.18,3504.53,No
CUST-04885,Male,0,Yes,Yes,69,Yes,No,Fiber optic,Yes,No,Month-to-month,No,Credit card (automatic),71.24,4921.75,No
CUST-04886,Male,0,Yes,Yes,42,Yes,Yes,Fiber optic,No,Yes,Month-to-month,Yes,Electronic check,82.1,3378.59,No
CUST-04887,Female,0,Yes,Yes,53,Yes,No,DSL,Yes,Yes,Month-to-month,Yes,Credit card (automatic),101.95,5419.97,Yes
CUST-04888,Male,0,Yes,Yes,59,Yes,No,DSL,No,No,Month-to-month,Yes,Mailed check,96.14,5692.24,No
CUST-04889,Female,0,Yes,No,39,Yes,Yes,No,No internet service,No internet service,One year,No,Electronic check,118.8,4528.23,No
CUST-04890,Female,0,No,Yes,15,Yes,Yes,Fiber optic,Yes,No,Month-to-month,Yes,Electronic check,20.81,329.69,No
CUST-04891,Female,0,Yes,No,71,Yes,Yes,Fiber optic,Yes,Yes,Two year,No,Mailed check,63.75,4472.45,No
CUST-04892,Female,0,No,No,29,Yes,No,Fiber optic,Yes,Yes,Month-to-month,No,Electronic check,45.6,1248.42,No
CUST-04893,Male,0,Yes,No,3,Yes,Yes,No,No internet service,No internet service,Two year,Yes,Mailed check,31.99,39.87,No
CUST-04894,Male,0,No,No,10,Yes,Yes,DSL,Yes,Yes,Two year,Yes,Mailed check,111.15,1003.43,No
CUST-04895,Male,0,Yes,Yes,29,Yes,Yes,No,No internet service,No internet service,Month-to-month,No,Mailed check,119.8,3453.82,No
CUST-04896,Male,0,Yes,No,35,Yes,No,Fiber optic,No,Yes,Month-to-month,No,Credit card (automatic),38.06,1281.84,No
CUST-04897,Female,0,No,No,6,Yes,Yes,No,No internet service,No internet service,Two year,Yes,Electronic check,23.84,200.07,No
CUST-04898,Male,0,No,No,12,Yes,No,Fiber optic,Yes,No,One year,No,Bank transfer (automatic),47.51,552.17,Yes
CUST-04899,Male,0,No,Yes,38,Yes,No,DSL,Yes,Yes,Month-to-month,Yes,Credit card (automatic),103.49,3896.63,No
CUST-04900,Male,0,No,No,19,Yes,Yes,DSL,No,Yes,Month-to-month,Yes,Bank transfer (automatic),49.39,858.76,No
CUST-04901,Male,0,Yes,Yes,67,Yes,No,No,No internet service,No internet service,One year,Yes,Electronic check,25.69,1699.83,No
CUST-04902,Female,0,Yes,Yes,8,Yes,Yes,DSL,Yes,No,Month-to-month,No,Mailed check,25.25,269.67,No
CUST-04903,Female,1,Yes,No,8,Yes,No,Fiber optic,Yes,No,Month-to-month,No,Bank transfer (automatic),62.74,579.29,No
CUST-04904,Female,0,Yes,No,47,Yes,Yes,Fiber optic,No,Yes,Two year,No,Credit card (automatic),113.18,5301.22,No
CUST-04905,Female,1,Yes,No,4,Yes,No,Fiber optic,Yes,Yes,Two year,No,Mailed check,48.59,190.88,No
CUST-04906,Male,0,No,No,51,Yes,No,Fiber optic,No,Yes,Two year,Yes,Bank transfer (automatic),62.72,3233.87,No
CUST-04907,Female,0,Yes,Yes,67,Yes,No,Fiber optic,No,No,Two year,No,Electronic check,30.19,1971.45,No
CUST-04908,Male,1,Yes,No,45,Yes,Yes,DSL,No,No,Two year,No,Bank transfer (automatic),69.36,3139.65,No
CUST-04909,Male,0,No,Yes,8,Yes,Yes,No,No internet service,No internet service,Month-to-month,Yes,Credit card (automatic),89.65,835.54,No
CUST-04910,Male,0,Yes,Yes,16,Yes,No,Fiber optic,Yes,Yes,Month-to-month,No,Electronic check,47.12,792.18,No
CUST-04911,Male,0,No,Yes,67,Yes,Yes,DSL,Yes,No,One year,No,Mailed check,49.67,3364.55,No
CUST-04912,Female,0,Yes,Yes,9,Yes,No,DSL,Yes,Yes,Month-to-month,Yes,Credit card (automatic),104.2,1004.99,No
CUST-04913,Female,0,Yes,No,60,Yes,Yes,Fiber optic,No,Yes,One year,No,Mailed check,21.04,1307.59,No
CUST-04914,Male,0,Yes,Yes,71,Yes,Yes,Fiber optic,Yes,Yes,Month-to-month,No,Electronic check,83.65,5926.51,No
CUST-04915,Female,0,No,Yes,15,Yes,No,DSL,Yes,No,Two year,No,Bank transfer (automatic),59.39,831.86,No
CUST-04916,Female,0,No,No,71,Yes,Yes,Fiber optic,Yes,Yes,Month-to-month,No,Credit card (automatic),49.84,3531.97,No
CUST-04917,Male,0,No,No,41,Yes,Yes,Fiber optic,Yes,Yes,Two year,No,Mailed check,85.76,3467.68,No
CUST-04918,Male,0,Yes,No,22,Yes,No,No,No internet service,No internet service,Two year,No,Electronic check,103.47,2262.25,No
CUST-04919,Female,1,No,No,24,Yes,No,No,No internet service,No internet service,Two year,Yes,Electronic check,75.84,1776.6,No
CUST-04920,Male,0,Yes,Yes,44,Yes,Yes,Fiber optic,No,No,Month-to-month,No,Bank transfer (automatic),23.11,997.35,No
CUST-04921,Female,0,Yes,Yes,1,Yes,No,Fiber optic,No,Yes,Month-to-month,Yes,Credit card (automatic),66.14,0.0,No
CUST-04922,Male,0,No,Yes,10,Yes,Yes,No,No internet service,No internet service,Two year,Yes,Bank transfer (automatic),66.28,628.13,No
CUST-04923,Male,0,No,Yes,56,Yes,Yes,Fiber optic,No,Yes,One year,Yes,Electronic check,74.38,4185.56,No
CUST-04924,Male,0,No,Yes,50,No,No phone service,DSL,Yes,No,Month-to-month,No,Bank transfer (automatic),87.1,4387.9,No
CUST-04925,Male,1,Yes,Yes,12,Yes,Yes,Fiber optic,Yes,No,Two year,Yes,Credit card (automatic),21.93,285.21,No
CUST-04926,Female,0,No,No,60,Yes,Yes,Fiber optic,No,Yes,Month-to-month,Yes,Electronic check,70.2,4193.2,No
CUST-04927,Female,0,Yes,No,26,Yes,No,DSL,No,No,Month-to-month,No,Mailed check,78.83,2055.82,No
CUST-04928,Female,1,Yes,Yes,41,Yes,No,DSL,No,Yes,One year,No,Electronic check,54.34,2325.14,No
CUST-04929,Female,1,No,Yes,36,No,No phone service,DSL,Yes,No,Month-to-month,Yes,Bank transfer (automatic),86.84,3090.2,Yes
CUST-04930,Male,0,Yes,Yes,23,Yes,Yes,Fiber optic,No,No,Month-to-month,Yes,Bank transfer (automatic),42.82,1065.11,No
CUST-04931,Male,0,No,Yes,43,Yes,No,Fiber optic,No,No,Month-to-month,No,Bank transfer (automatic),51.74,2152.63,No
CUST-04932,Female,0,Yes,Yes,6,Yes,No,DSL,Yes,Yes,Month-to-month,No,Bank transfer (automatic),116.28,612.24,Yes
CUST-04933,Female,0,Yes,No,69,Yes,No,No,No internet service,No internet service,Two year,Yes,Electronic check,54.81,3774.53,No
CUST-04934,Female,0,Yes,No,43,Yes,Yes,Fiber optic,Yes,No,Month-to-month,No,Credit card (automatic),54.65,2348.08,Yes
CUST-04935,Female,0,No,No,25,Yes,No,Fiber optic,No,Yes,Month-to-month,No,Electronic check,79.57,1932.72,No
CUST-04936,Female,0,Yes,Yes,18,Yes,No,No,No internet service,No internet service,Month-to-month,Yes,Credit card (automatic),117.1,2091.34,No
CUST-04937,Male,0,Yes,Yes,62,Yes,Yes,DSL,Yes,No,Two year,No,Electronic check,118.31,7355.35,No
CUST-04938,Female,0,Yes,No,13,Yes,No,Fiber optic,Yes,No,Month-to-month,Yes,Electronic check,77.97,964.87,Yes
CUST-04939,Female,1,No,Yes,43,Yes,No,Fiber optic,Yes,No,Month-to-month,No,Credit card (automatic),20.11,915.53,Yes
CUST-04940,Male,0,Yes,Yes,28,No,No phone service,Fiber optic,No,No,Month-to-month,No,Bank transfer (automatic),110.07,3138.22,No
CUST-04941,Male,0,Yes,Yes,18,Yes,Yes,Fiber optic,No,No,Month-to-month,Yes,Credit card (automatic),77.02,1448.61,Yes
CUST-04942,Female,0,No,Yes,59,Yes,Yes,No,No internet service,No internet service,Month-to-month,No,Credit card (automatic),56.6,3294.01,No
CUST-04943,Female,1,Yes,No,60,Yes,Yes,DSL,No,No,One year,Yes,Mailed check,102.92,6136.31,No
CUST-04944,Female,1,No,Yes,63,Yes,No,Fiber optic,Yes,Yes,One year,No,Mailed check,59.98,3770.1,No
CUST-04945,Male,0,No,No,57,Yes,No,No,No internet service,No internet service,Month-to-month,Yes,Bank transfer (automatic),23.4,1320.19,No
CUST-04946,Female,0,No,Yes,51,Yes,No,DSL,No,No,Month-to-month,Yes,Mailed check,102.11,5191.33,Yes
CUST-04947,Female,1,Yes,No,56,Yes,Yes,Fiber optic,Yes,No,Two year,No,Electronic check,74.59,4214.83,No
CUST-04948,Male,1,Yes,No,27,Yes,Yes,No,No internet service,No internet service,One year,Yes,Mailed check,53.81,1483.45,No
CUST-04949,Male,0,Yes,Yes,32,No,No phone service,DSL,No,Yes,Month-to-month,No,Credit card (automatic),45.09,1399.15,No
CUST-04950,Male,0,Yes,No,9,Yes,No,Fiber optic,Yes,No,Month-to-month,No,Electronic check,79.38,657.36,No
CUST-04951,Male,0,Yes,No,68,Yes,No,Fiber optic,No,No,Month-to-month,Yes,Credit card (automatic),40.8,2712.45,No
CUST-04952,Female,0,Yes,No,46,Yes,Yes,Fiber optic,Yes,Yes,Month-to-month,Yes,Electronic check,52.39,2365.99,No
CUST-04953,Male,1,No,No,67,Yes,No,DSL,Yes,Yes,Two year,Yes,Credit card (automatic),83.65,5646.84,No
CUST-04954,Male,0,No,No,26,Yes,No,Fiber optic,No,Yes,Two year,Yes,Electronic check,108.15,2819.07,No
CUST-04955,Male,0,No,Yes,8,Yes,No,Fiber optic,No,No,One year,Yes,Bank transfer (automatic),73.29,632.61,No
CUST-04956,Female,0,Yes,No,6,Yes,Yes,Fiber optic,Yes,Yes,Two year,No,Credit card (automatic),95.91,490.46,No
CUST-04957,Male,0,No,Yes,24,No,No phone service,DSL,Yes,No,One year,No,Credit card (automatic),96.31,2325.11,No
CUST-04958,Female,0,No,No,48,No,No phone service,Fiber optic,No,Yes,Month-to-month,Yes,Electronic check,86.44,4162.15,No
CUST-04959,Male,0,Yes,No,45,No,No phone service,No,No internet service,No internet service,Month-to-month,Yes,Credit card (automatic),44.58,2066.12,No
CUST-04960,Female,0,Yes,Yes,13,Yes,No,Fiber optic,Yes,Yes,Month-to-month,No,Bank transfer (automatic),106.68,1366.39,No
CUST-04961,Female,1,No,No,69,Yes,Yes,No,No internet service,No internet service,Month-to-month,No,Credit card (automatic),63.63,4366.48,No
CUST-04962,Female,0,No,No,25,No,No phone service,DSL,Yes,Yes,Month-to-month,No,Bank transfer (automatic),24.42,685.82,No
CUST-04963,Male,0,Yes,No,20,Yes,No,Fiber optic,Yes,No,Month-to-month,Yes,Mailed check,44.46,880.65,Yes
CUST-04964,Female,0,No,Yes,66,Yes,Yes,Fiber optic,No,No,Month-to-month,Yes,Mailed check,96.55,6381.16,Yes
CUST-04965,Male,0,No,Yes,45,Yes,No,DSL,Yes,No,Month-to-month,Yes,Mailed check,26.91,1234.76,No
CUST-04966,Male,0,Yes,No,47,Yes,No,Fiber optic,No,No,Two year,No,Bank transfer (automatic),34.74,1549.39,No
CUST-04967,Female,0,No,Yes,63,Yes,No,DSL,Yes,Yes,Month-to-month,No,Bank transfer (automatic),89.42,5635.52,No
CUST-04968,Male,0,Yes,No,55,Yes,No,No,No internet service,No internet service,Month-to-month,Yes,Electronic check,109.26,5947.04,No
CUST-04969,Female,0,Yes,Yes,19,Yes,Yes,Fiber optic,No,Yes,One year,Yes,Credit card (automatic),83.37,1579.65,Yes
CUST-04970,Male,0,No,Yes,35,Yes,Yes,DSL,Yes,Yes,Two year,Yes,Bank transfer (automatic),42.23,1463.32,No
CUST-04971,Female,0,No,Yes,53,Yes,Yes,Fiber optic,No,No,Month-to-month,No,Electronic check,25.34,1317.7,No
CUST-04972,Male,0,Yes,No,26,Yes,No,No,No internet service,No internet service,Month-to-month,No,Mailed check,81.51,2150.59,No
CUST-04973,Female,0,Yes,Yes,14,Yes,No,Fiber optic,Yes,No,Two year,Yes,Credit card (automatic),24.74,351.23,No
CUST-04974,Male,0,No,No,45,Yes,Yes,DSL,No,No,One year,Yes,Bank transfer (automatic),81.27,3604.1,No
CUST-04975,Male,0,Yes,Yes,44,Yes,No,Fiber optic,No,No,Two year,No,Electronic check,42.56,1817.9,No
CUST-04976,Female,0,No,No,65,Yes,No,Fiber optic,No,No,One year,No,Electronic check,110.47,7222.56,No
CUST-04977,Male,0,No,No,51,Yes,Yes,No,No internet service,No internet service,Month-to-month,Yes,Bank transfer (automatic),67.51,3441.12,No
CUST-04978,Male,0,Yes,Yes,43,Yes,Yes,DSL,No,Yes,Month-to-month,No,Mailed check,42.39,1751.56,No
CUST-04979,Female,0,No,Yes,23,Yes,No,DSL,No,No,Month-to-month,No,Electronic check,105.31,2401.31,No
CUST-04980,Female,0,No,No,56,Yes,No,No,No internet service,No internet service,Month-to-month,Yes,Bank transfer (automatic),45.4,2534.53,No
CUST-04981,Female,0,Yes,No,19,Yes,No,DSL,Yes,No,Two year,No,Bank transfer (automatic),50.66,900.84,No
CUST-04982,Female,0,No,Yes,55,No,No phone service,Fiber optic,Yes,No,One year,Yes,Electronic check,103.43,5656.8,No
CUST-04983,Female,0,Yes,Yes,60,Yes,No,Fiber optic,No,No,Month-to-month,No,Credit card (automatic),50.88,3098.69,No
CUST-04984,Male,0,Yes,No,59,Yes,Yes,No,No internet service,No internet service,Two year,No,Credit card (automatic),61.02,3724.66,No
CUST-04985,Female,0,No,No,33,No,No phone service,Fiber optic,No,Yes,Month-to-month,Yes,Credit card (automatic),54.77,1822.54,No
CUST-04986,Male,0,Yes,No,19,Yes,Yes,Fiber optic,No,Yes,Month-to-month,Yes,Electronic check,31.64,533.42,No
CUST-04987,Male,0,Yes,No,28,Yes,No,Fiber optic,Yes,Yes,One year,Yes,Electronic check,23.89,658.04,No
CUST-04988,Male,1,No,Yes,52,Yes,Yes,DSL,Yes,No,Two year,Yes,Bank transfer (automatic),92.45,4813.5,No
CUST-04989,Male,0,No,Yes,49,Yes,Yes,Fiber optic,Yes,Yes,Month-to-month,Yes,Bank transfer (automatic),84.51,4180.31,No
CUST-04990,Male,0,No,Yes,37,Yes,Yes,Fiber optic,No,Yes,One year,Yes,Bank transfer (automatic),48.24,1825.38,Yes
CUST-04991,Female,1,No,Yes,26,Yes,No,DSL,No,No,Month-to-month,Yes,Mailed check,49.56,1356.77,No
CUST-04992,Female,0,Yes,Yes,40,Yes,Yes,DSL,No,Yes,One year,Yes,Mailed check,114.5,4579.92,No
CUST-04993,Female,0,Yes,Yes,38,Yes,No,DSL,Yes,No,One year,Yes,Credit card (automatic),118.77,4514.14,No
CUST-04994,Female,0,Yes,No,54,Yes,No,Fiber optic,No,Yes,Two year,No,Bank transfer (automatic),67.34,3541.96,No
CUST-04995,Female,0,No,Yes,22,Yes,No,No,No internet service,No internet service,Month-to-month,Yes,Electronic check,100.25,2154.86,Yes
CUST-04996,Female,0,Yes,No,16,Yes,Yes,No,No internet service,No internet service,One year,No,Bank transfer (automatic),93.67,1430.61,No
CUST-04997,Male,0,No,Yes,28,Yes,Yes,Fiber optic,No,Yes,Month-to-month,Yes,Bank transfer (automatic),49.73,1350.41,No
CUST-04998,Female,1,No,Yes,35,Yes,No,No,No internet service,No internet service,Month-to-month,No,Credit card (automatic),25.86,847.51,No
CUST-04999,Female,0,No,No,60,Yes,Yes,No,No internet service,No internet service,Two year,Yes,Mailed check,34.26,2001.39,No
CUST-05000,Female,1,Yes,Yes,45,Yes,No,No,No internet service,No internet service,Two year,Yes,Bank transfer (automatic),103.83,4726.81,No
CUST-05001,Female,0,Yes,No,46,Yes,No,Fiber optic,Yes,No,Month-to-month,Yes,Electronic check,93.12,4187.34,No
CUST-05002,Female,0,No,No,55,No,No phone service,Fiber optic,Yes,Yes,Month-to-month,Yes,Credit card (automatic),86.43,4743.73,Yes
CUST-05003,Male,1,No,No,26,Yes,No,DSL,No,No,Month-to-month,No,Mailed check,33.06,902.77,No
CUST-05004,Male,0,No,Yes,25,Yes,Yes,Fiber optic,No,No,Month-to-month,No,Bank transfer (automatic),83.99,2084.68,No
CUST-05005,Male,0,No,No,65,Yes,Yes,Fiber optic,Yes,Yes,Month-to-month,No,Mailed check,97.22,6385.66,No
CUST-05006,Female,0,Yes,No,6,Yes,Yes,Fiber optic,Yes,No,Two year,No,Electronic check,106.06,606.38,No
CUST-05007,Female,0,Yes,No,23,No,No phone service,Fiber optic,No,Yes,Month-to-month,Yes,Electronic check,21.32,577.9,No
CUST-05008,Female,1,No,No,64,Yes,No,DSL,Yes,Yes,Month-to-month,No,Bank transfer (automatic),88.45,5582.37,No
CUST-05009,Male,0,Yes,No,43,No,No phone service,No,No internet service,No internet service,Two year,No,Credit card (automatic),21.91,1008.58,No
CUST-05010,Male,0,No,Yes,23,Yes,Yes,DSL,No,No,One year,Yes,Credit card (automatic),90.69,2041.16,No
CUST-05011,Female,0,No,Yes,30,Yes,No,DSL,No,No,Two year,No,Credit card (automatic),83.56,2579.04,No
CUST-05012,Female,0,No,Yes,18,No,No phone service,Fiber optic,No,Yes,Two year,Yes,Credit card (automatic),34.83,603.54,No
CUST-05013,Male,0,No,No,21,Yes,No,DSL,No,Yes,Two year,Yes,Credit card (automatic),96.61,2084.04,No
CUST-05014,Male,0,Yes,Yes,57,Yes,No,No,No internet service,No internet service,One year,Yes,Bank transfer (automatic),26.83,1593.0,No
CUST-05015,Male,0,No,Yes,23,Yes,Yes,DSL,No,Yes,Month-to-month,Yes,Mailed check,102.64,2331.82,Yes
CUST-05016,Female,0,Yes,No,45,Yes,No,DSL,No,No,Month-to-month,No,Electronic check,46.19,2129.64,No
CUST-05017,Male,0,No,No,44,Yes,No,DSL,No,No,Month-to-month,No,Bank transfer (automatic),88.89,3909.76,No
CUST-05018,Female,0,No,Yes,47,No,No phone service,DSL,Yes,Yes,Two year,No,Electronic check,112.37,5208.26,No
CUST-05019,Female,0,Yes,Yes,40,Yes,Yes,DSL,Yes,Yes,Month-to-month,Yes,Bank transfer (automatic),53.98,2184.62,No
CUST-05020,Female,0,Yes,Yes,51,Yes,Yes,Fiber optic,No,No,Month-to-month,No,Bank transfer (automatic),70.29,3533.96,No
CUST-05021,Male,1,Yes,No,42,Yes,No,DSL,No,Yes,One year,Yes,Electronic check,66.31,2752.37,No
CUST-05022,Male,0,No,Yes,7,No,No phone service,Fiber optic,Yes,Yes,Month-to-month,No,Bank transfer (automatic),35.76,205.68,No
CUST-05023,Male,0,No,Yes,50,Yes,No,Fiber optic,No,Yes,Month-to-month,No,Bank transfer (automatic),79.03,3970.41,No
CUST-05024,Male,0,Yes,Yes,48,Yes,Yes,Fiber optic,Yes,No,Two year,Yes,Bank transfer (automatic),94.3,4477.12,No
CUST-05025,Female,0,Yes,Yes,6,Yes,No,No,No internet service,No internet service,Two year,No,Bank transfer (automatic),111.69,608.82,No
CUST-05026,Female,0,No,No,9,Yes,Yes,No,No internet service,No internet service,Month-to-month,No,Bank transfer (automatic),105.08,893.55,No
CUST-05027,Female,0,No,Yes,57,Yes,No,DSL,No,Yes,Month-to-month,No,Credit card (automatic),71.0,4011.51,No
CUST-05028,Female,0,Yes,No,31,Yes,No,No,No internet service,No internet service,One year,No,Bank transfer (automatic),91.9,2873.73,No
CUST-05029,Male,0,Yes,Yes,21,Yes,No,No,No internet service,No internet service,Two year,Yes,Bank transfer (automatic),100.08,2147.13,No
CUST-05030,Female,1,No,No,40,Yes,Yes,Fiber optic,No,Yes,Month-to-month,No,Bank transfer (automatic),69.35,2818.74,No
CUST-05031,Male,0,No,Yes,45,Yes,No,Fiber optic,Yes,Yes,One year,Yes,Mailed check,31.54,1417.56,No
CUST-05032,Female,1,No,Yes,49,Yes,No,Fiber optic,Yes,No,Two year,Yes,Bank transfer (automatic),63.79,3122.68,No
CUST-05033,Male,0,No,No,20,Yes,Yes,No,No internet service,No internet service,Month-to-month,Yes,Bank transfer (automatic),104.25,2075.81,Yes
CUST-05034,Female,0,No,Yes,17,Yes,No,Fiber optic,Yes,Yes,Two year,No,Mailed check,79.66,1376.43,No
CUST-05035,Female,0,Yes,Yes,28,Yes,No,DSL,Yes,Yes,Two year,Yes,Mailed check,92.45,2644.58,No
CUST-05036,Male,0,No,No,41,Yes,No,DSL,Yes,No,Two year,No,Electronic check,38.53,1572.18,No
CUST-05037,Female,0,Yes,No,66,Yes,Yes,Fiber optic,No,No,Month-to-month,No,Electronic check,116.43,7711.01,No
CUST-05038,Male,1,No,No,25,Yes,No,DSL,Yes,No,Month-to-month,No,Electronic check,60.41,1448.23,No
CUST-05039,Female,0,No,Yes,58,No,No phone service,DSL,Yes,Yes,Month-to-month,No,Electronic check,85.36,4993.51,Yes
CUST-05040,Male,0,No,Yes,41,Yes,Yes,DSL,Yes,Yes,Two year,Yes,Mailed check,21.89,908.29,No
CUST-05041,Male,0,No,No,6,Yes,Yes,DSL,No,Yes,Two year,Yes,Electronic check,32.73,144.75,No
CUST-05042,Male,0,Yes,No,38,Yes,No,Fiber optic,No,Yes,One year,Yes,Bank transfer (automatic),98.2,3785.06,No
CUST-05043,Male,0,No,No,6,Yes,Yes,Fiber optic,Yes,Yes,Month-to-month,No,Mailed check,116.8,638.74,No
CUST-05044,Female,0,No,Yes,45,No,No phone service,DSL,Yes,Yes,Month-to-month,Yes,Credit card (automatic),52.01,2226.7,No
CUST-05045,Male,0,No,Yes,14,Yes,Yes,DSL,No,Yes,Month-to-month,No,Bank transfer (automatic),23.72,374.42,No
CUST-05046,Male,0,Yes,No,66,Yes,No,DSL,No,Yes,Month-to-month,No,Credit card (automatic),56.09,3721.21,No
CUST-05047,Male,1,No,No,40,Yes,Yes,Fiber optic,No,Yes,Two year,No,Electronic check,21.75,809.45,No
CUST-05048,Male,0,No,No,3,Yes,Yes,Fiber optic,Yes,Yes,Month-to-month,Yes,Electronic check,39.24,135.49,No
CUST-05049,Female,0,Yes,No,24,Yes,No,No,No internet service,No internet service,Month-to-month,Yes,Bank transfer (automatic),95.25,2344.49,No
CUST-05050,Male,0,No,Yes,19,No,No phone service,No,No internet service,No internet service,One year,Yes,Electronic check,113.71,2173.55,No
CUST-05051,Female,0,Yes,No,18,Yes,Yes,DSL,No,Yes,Month-to-month,No,Electronic check,28.74,639.25,Yes
CUST-05052,Female,0,Yes,No,64,Yes,Yes,DSL,Yes,No,One year,No,Electronic check,75.79,4808.01,No
CUST-05053,Male,0,No,Yes,35,Yes,Yes,No,No internet service,No internet service,Two year,No,Electronic check,45.39,1476.87,No
CUST-05054,Male,1,No,No,62,No,No phone service,Fiber optic,No,No,Month-to-month,Yes,Credit card (automatic),33.91,2031.87,No
CUST-05055,Male,0,Yes,No,1,No,No phone service,DSL,No,No,Month-to-month,No,Bank transfer (automatic),41.9,0.0,Yes
CUST-05056,Male,0,No,Yes,25,No,No phone service,DSL,Yes,Yes,Month-to-month,No,Electronic check,77.78,2051.44,No
CUST-05057,Female,1,No,No,45,Yes,No,Fiber optic,No,No,Month-to-month,Yes,Credit card (automatic),26.51,1192.7,Yes
CUST-05058,Female,0,Yes,No,49,Yes,Yes,DSL,Yes,No,Two year,No,Mailed check,63.42,3204.54,No
CUST-05059,Male,0,Yes,No,16,Yes,Yes,DSL,Yes,No,Month-to-month,Yes,Bank transfer (automatic),33.52,518.59,Yes
CUST-05060,Male,0,No,Yes,19,Yes,No,Fiber optic,No,Yes,Two year,No,Bank transfer (automatic),47.27,852.88,No
CUST-05061,Female,0,No,No,23,Yes,Yes,Fiber optic,No,No,Two year,Yes,Mailed check,39.08,812.34,No
CUST-05062,Female,0,No,Yes,25,Yes,Yes,DSL,No,Yes,Month-to-month,Yes,Electronic check,108.3,2687.66,No
CUST-05063,Male,0,No,Yes,16,Yes,Yes,Fiber optic,Yes,No,Month-to-month,Yes,Bank transfer (automatic),90.8,1495.01,No
CUST-05064,Male,0,Yes,Yes,54,Yes,Yes,DSL,No,Yes,Month-to-month,Yes,Mailed check,106.85,5758.67,No
CUST-05065,Male,0,No,No,1,Yes,No,DSL,No,No,Two year,No,Mailed check,58.35,0.0,No
CUST-05066,Male,0,No,Yes,42,Yes,Yes,DSL,No,Yes,Month-to-month,Yes,Credit card (automatic),51.34,2188.94,No
CUST-05067,Male,0,No,Yes,19,Yes,No,Fiber optic,Yes,No,Two year,No,Mailed check,58.06,1145.08,No
CUST-05068,Male,0,Yes,No,34,Yes,Yes,Fiber optic,Yes,Yes,Two year,Yes,Bank transfer (automatic),21.85,716.41,No
CUST-05069,Female,0,Yes,Yes,55,Yes,No,No,No internet service,No internet service,One year,Yes,Mailed check,92.47,5053.1,No
CUST-05070,Female,1,No,Yes,18,Yes,No,DSL,No,No,Month-to-month,No,Mailed check,54.98,904.17,Yes
CUST-05071,Female,0,Yes,Yes,34,Yes,No,No,No internet service,No internet service,Month-to-month,No,Mailed check,51.33,1776.62,No
CUST-05072,Female,0,Yes,No,45,Yes,No,Fiber optic,Yes,Yes,Two year,No,Bank transfer (automatic),79.81,3568.33,No
CUST-05073,Male,1,No,Yes,6,Yes,No,DSL,No,Yes,Month-to-month,Yes,Mailed check,63.62,247.78,Yes
CUST-05074,Male,0,Yes,Yes,21,Yes,Yes,Fiber optic,Yes,Yes,Month-to-month,No,Credit card (automatic),118.08,2405.43,No
CUST-05075,Female,1,Yes,No,70,No,No phone service,DSL,No,Yes,Month-to-month,No,Bank transfer (automatic),55.63,3922.21,No
CUST-05076,Male,0,No,No,48,Yes,Yes,DSL,No,No,Two year,Yes,Credit card (automatic),81.39,3889.62,No
CUST-05077,Male,1,Yes,Yes,39,Yes,No,No,No internet service,No internet service,One year,Yes,Credit card (automatic),51.17,1938.86,No
CUST-05078,Male,0,Yes,No,31,No,No phone service,DSL,Yes,No,Two year,Yes,Bank transfer (automatic),119.06,3693.55,No
CUST-05079,Female,0,No,Yes,10,Yes,No,DSL,Yes,Yes,Two year,No,Mailed check,64.51,603.1,No
CUST-05080,Female,1,No,No,30,Yes,No,Fiber optic,Yes,No,Month-to-month,Yes,Electronic check,83.41,2470.16,No
CUST-05081,Female,0,Yes,Yes,18,No,No phone service,Fiber optic,No,Yes,Two year,No,Bank transfer (automatic),32.67,574.58,No
CUST-05082,Female,0,No,No,60,Yes,No,Fiber optic,No,Yes,Month-to-month,No,Mailed check,93.3,5682.27,No
CUST-05083,Female,0,No,Yes,15,Yes,No,DSL,Yes,Yes,Month-to-month,Yes,Bank transfer (automatic),46.92,787.84,Yes
CUST-05084,Female,0,Yes,Yes,4,No,No phone service,DSL,Yes,No,One year,Yes,Mailed check,64.86,160.88,No
CUST-05085,Female,0,Yes,No,63,Yes,No,No,No internet service,No internet service,Month-to-month,Yes,Mailed check,108.31,6820.3,No
CUST-05086,Male,0,No,No,40,Yes,Yes,Fiber optic,Yes,No,Two year,No,Electronic check,117.06,4609.79,No
CUST-05087,Female,1,No,No,9,Yes,No,DSL,No,No,Two year,No,Bank transfer (automatic),62.46,508.98,No
CUST-05088,Male,0,No,No,9,Yes,No,DSL,No,Yes,One year,No,Bank transfer (automatic),103.48,838.38,No
CUST-05089,Male,0,Yes,No,26,Yes,Yes,DSL,Yes,No,Two year,Yes,Bank transfer (automatic),25.33,615.19,No
CUST-05090,Female,0,Yes,Yes,4,No,No phone service,Fiber optic,Yes,No,Month-to-month,No,Credit card (automatic),104.76,359.38,Yes
CUST-05091,Male,0,Yes,Yes,16,Yes,Yes,No,No internet service,No internet service,Month-to-month,No,Bank transfer (automatic),82.95,1378.48,No
CUST-05092,Male,0,No,No,15,Yes,Yes,Fiber optic,No,Yes,Month-to-month,Yes,Credit card (automatic),68.87,990.95,No
CUST-05093,Female,0,Yes,Yes,52,Yes,No,Fiber optic,No,No,Month-to-month,Yes,Credit card (automatic),109.0,5570.71,Yes
CUST-05094,Male,0,Yes,Yes,69,Yes,Yes,Fiber optic,No,No,Month-to-month,No,Mailed check,104.53,7212.43,No
CUST-05095,Female,1,No,No,5,Yes,Yes,Fiber optic,No,Yes,Month-to-month,Yes,Credit card (automatic),49.69,239.6,No
CUST-05096,Male,0,Yes,Yes,20,Yes,No,Fiber optic,Yes,Yes,One year,Yes,Bank transfer (automatic),99.15,1969.82,No
CUST-05097,Male,0,No,No,18,Yes,Yes,Fiber optic,Yes,No,Month-to-month,Yes,Electronic check,29.95,569.6,Yes
CUST-05098,Male,0,No,Yes,2,Yes,Yes,Fiber optic,No,No,Two year,No,Bank transfer (automatic),102.28,266.15,No
CUST-05099,Male,0,No,Yes,13,Yes,No,Fiber optic,No,No,One year,No,Mailed check,87.55,1124.24,No
CUST-05100,Female,0,No,No,4,Yes,No,DSL,Yes,Yes,Month-to-month,No,Mailed check,28.79,128.44,No
CUST-05101,Female,0,No,Yes,42,Yes,Yes,Fiber optic,Yes,Yes,Month-to-month,Yes,Credit card (automatic),88.31,3696.38,No
CUST-05102,Female,0,Yes,No,61,Yes,No,Fiber optic,No,No,Two year,Yes,Mailed check,78.05,4786.37,No
CUST-05103,Male,0,No,Yes,8,Yes,No,DSL,No,Yes,Month-to-month,Yes,Mailed check,79.46,562.2,No
CUST-05104,Male,0,No,Yes,67,Yes,No,DSL,Yes,Yes,Month-to-month,Yes,Credit card (automatic),49.09,3319.9,No
CUST-05105,Male,0,No,Yes,63,Yes,Yes,Fiber optic,Yes,No,Month-to-month,No,Credit card (automatic),46.65,2953.1,No
CUST-05106,Male,0,No,No,9,Yes,Yes,No,No internet service,No internet service,Month-to-month,Yes,Mailed check,96.25,818.27,Yes
CUST-05107,Female,0,Yes,No,11,No,No phone service,DSL,No,Yes,Month-to-month,Yes,Bank transfer (automatic),45.68,612.9,No
CUST-05108,Male,0,Yes,Yes,42,Yes,No,No,No internet service,No internet service,One year,No,Bank transfer (automatic),64.63,2646.49,No
CUST-05109,Female,0,Yes,No,13,Yes,No,Fiber optic,Yes,No,Month-to-month,Yes,Credit card (automatic),89.48,1179.73,No
CUST-05110,Male,0,Yes,No,36,Yes,Yes,DSL,No,No,Two year,Yes,Mailed check,27.96,958.7,No
CUST-05111,Male,0,No,No,13,Yes,Yes,DSL,Yes,Yes,Month-to-month,No,Mailed check,79.45,1061.75,No
CUST-05112,Female,0,No,Yes,12,Yes,Yes,DSL,No,Yes,Month-to-month,No,Bank transfer (automatic),78.94,1047.26,No
CUST-05113,Female,0,No,No,37,Yes,Yes,No,No internet service,No internet service,Two year,Yes,Credit card (automatic),88.42,3310.32,No
CUST-05114,Female,0,Yes,No,52,Yes,Yes,No,No internet service,No internet service,Month-to-month,Yes,Mailed check,56.99,2957.68,No
CUST-05115,Female,0,No,No,71,Yes,Yes,Fiber optic,Yes,No,One year,Yes,Mailed check,64.9,4654.33,No
CUST-05116,Male,0,Yes,No,2,Yes,No,DSL,No,Yes,Two year,Yes,Electronic check,53.0,76.48,No
CUST-05117,Female,0,No,No,56,Yes,Yes,No,No internet service,No internet service,Month-to-month,Yes,Electronic check,100.82,5670.37,No
CUST-05118,Female,0,No,No,60,Yes,Yes,DSL,No,No,Month-to-month,No,Credit card (automatic),33.06,1987.99,No
CUST-05119,Male,0,Yes,No,23,Yes,Yes,No,No internet service,No internet service,Month-to-month,No,Electronic check,116.3,2614.07,No
CUST-05120,Male,0,No,No,40,Yes,No,Fiber optic,Yes,No,Month-to-month,Yes,Electronic check,83.48,3424.63,Yes
CUST-05121,Male,1,No,No,64,Yes,No,Fiber optic,Yes,No,Month-to-month,No,Mailed check,108.69,7018.35,No
CUST-05122,Male,0,No,No,23,Yes,No,Fiber optic,Yes,Yes,Month-to-month,Yes,Mailed check,62.62,1397.45,No
CUST-05123,Female,0,No,Yes,29,Yes,No,DSL,Yes,No,Month-to-month,No,Credit card (automatic),53.23,1594.95,No
CUST-05124,Female,1,No,Yes,51,Yes,No,DSL,Yes,Yes,Month-to-month,No,Credit card (automatic),110.07,5554.7,No
CUST-05125,Male,0,Yes,Yes,69,Yes,No,No,No internet service,No internet service,One year,No,Credit card (automatic),29.89,2085.56,No
CUST-05126,Female,0,No,Yes,31,Yes,No,Fiber optic,Yes,No,Month-to-month,Yes,Mailed check,31.71,985.39,No
CUST-05127,Female,0,No,Yes,50,Yes,No,DSL,No,Yes,One year,No,Mailed check,49.93,2580.42,No
CUST-05128,Male,0,Yes,No,20,No,No phone service,Fiber optic,No,No,Two year,No,Electronic check,115.98,2336.2,No
CUST-05129,Female,1,No,No,55,Yes,Yes,No,No internet service,No internet service,Month-to-month,No,Bank transfer (automatic),83.31,4504.79,Yes
CUST-05130,Female,1,No,No,2,Yes,Yes,DSL,Yes,No,Month-to-month,Yes,Mailed check,75.42,201.8,Yes
CUST-05131,Male,0,No,No,25,Yes,Yes,Fiber optic,No,Yes,Two year,No,Credit card (automatic),90.54,2241.47,No
CUST-05132,Female,0,No,Yes,13,Yes,No,DSL,Yes,No,One year,No,Credit card (automatic),61.75,778.36,No
CUST-05133,Female,0,No,Yes,70,Yes,Yes,No,No internet service,No internet service,Two year,No,Mailed check,95.81,6708.16,No
CUST-05134,Male,0,No,No,67,Yes,Yes,DSL,Yes,Yes,Two year,Yes,Bank transfer (automatic),59.32,3945.71,No
CUST-05135,Female,0,Yes,No,58,Yes,Yes,Fiber optic,No,No,One year,Yes,Bank transfer (automatic),102.64,6042.86,No
CUST-05136,Male,0,Yes,Yes,64,Yes,Yes,Fiber optic,Yes,Yes,Two year,No,Credit card (automatic),46.73,3030.98,No
CUST-05137,Male,0,No,No,69,Yes,Yes,Fiber optic,Yes,No,Month-to-month,Yes,Credit card (automatic),47.75,3237.56,No
CUST-05138,Male,1,No,No,59,Yes,No,DSL,No,No,Month-to-month,Yes,Credit card (automatic),72.24,4225.78,No
CUST-05139,Male,0,No,Yes,60,Yes,Yes,Fiber optic,Yes,Yes,One year,No,Bank transfer (automatic),63.08,3719.32,No
CUST-05140,Male,0,No,No,62,Yes,No,Fiber optic,No,Yes,One year,No,Credit card (automatic),84.81,5306.61,No
CUST-05141,Male,0,No,No,16,Yes,No,No,No internet service,No internet service,Month-to-month,No,Credit card (automatic),56.43,899.54,No
CUST-05142,Female,1,Yes,No,68,Yes,No,Fiber optic,Yes,No,Two year,Yes,Electronic check,43.06,2879.25,No
CUST-05143,Male,0,No,Yes,15,No,No phone service,DSL,Yes,No,Two year,No,Mailed check,66.98,1083.29,No
CUST-05144,Female,0,Yes,Yes,55,Yes,No,DSL,Yes,No,Month-to-month,No,Credit card (automatic),76.1,4210.74,No
CUST-05145,Male,0,No,Yes,35,Yes,Yes,No,No internet service,No internet service,Month-to-month,Yes,Electronic check,34.26,1208.38,No
CUST-05146,Male,1,Yes,Yes,55,Yes,Yes,No,No internet service,No internet service,Month-to-month,Yes,Electronic check,75.67,4168.77,No
CUST-05147,Male,1,Yes,Yes,14,Yes,Yes,DSL,No,Yes,Month-to-month,Yes,Bank transfer (automatic),51.93,659.12,No
CUST-05148,Female,0,Yes,Yes,49,No,No phone service,Fiber optic,No,Yes,Month-to-month,Yes,Bank transfer (automatic),59.25,2931.22,No
CUST-05149,Female,0,Yes,Yes,7,No,No phone service,DSL,Yes,No,Month-to-month,Yes,Electronic check,47.93,314.57,No
CUST-05150,Male,0,No,No,30,Yes,Yes,No,No internet service,No internet service,Month-to-month,Yes,Credit card (automatic),113.14,3437.73,No
CUST-05151,Female,0,No,Yes,49,No,No phone service,DSL,No,No,Month-to-month,Yes,Credit card (automatic),88.33,4360.13,Yes
CUST-05152,Male,1,No,No,16,Yes,No,Fiber optic,No,Yes,One year,Yes,Bank transfer (automatic),46.25,736.95,Yes
CUST-05153,Male,0,No,Yes,51,Yes,Yes,Fiber optic,Yes,Yes,Month-to-month,No,Bank transfer (automatic),84.5,4302.91,No
CUST-05154,Female,0,No,No,42,Yes,No,No,No internet service,No internet service,Month-to-month,Yes,Bank transfer (automatic),104.86,4487.07,No
CUST-05155,Male,0,Yes,No,17,Yes,No,No,No internet service,No internet service,Month-to-month,No,Electronic check,60.16,955.88,No
CUST-05156,Male,0,No,Yes,63,Yes,No,DSL,No,Yes,One year,No,Electronic check,103.0,6460.33,No
CUST-05157,Female,0,Yes,No,45,Yes,Yes,No,No internet service,No internet service,Month-to-month,No,Mailed check,35.44,1651.63,No
CUST-05158,Male,0,No,Yes,7,Yes,No,Fiber optic,Yes,No,One year,No,Credit card (automatic),102.28,790.22,Yes
CUST-05159,Male,0,Yes,No,27,No,No phone service,Fiber optic,Yes,Yes,Two year,Yes,Bank transfer (automatic),74.03,1991.92,No
CUST-05160,Female,0,No,No,10,Yes,Yes,No,No internet service,No internet service,One year,No,Electronic check,42.3,388.03,No
CUST-05161,Female,0,Yes,No,34,Yes,Yes,DSL,No,Yes,Two year,Yes,Bank transfer (automatic),60.71,2030.19,No
CUST-05162,Male,1,Yes,Yes,36,Yes,Yes,Fiber optic,No,No,Month-to-month,No,Mailed check,118.8,4205.08,No
CUST-05163,Male,0,No,No,25,Yes,Yes,No,No internet service,No internet service,Month-to-month,No,Credit card (automatic),98.36,2559.09,No
CUST-05164,Female,0,Yes,No,6,Yes,No,DSL,Yes,No,Month-to-month,No,Credit card (automatic),77.51,457.66,No
CUST-05165,Female,0,Yes,Yes,24,Yes,Yes,No,No internet service,No internet service,One year,No,Mailed check,31.52,779.72,No
CUST-05166,Male,0,No,Yes,18,Yes,Yes,No,No internet service,No internet service,Two year,Yes,Credit card (automatic),61.78,1135.79,No
CUST-05167,Female,0,Yes,No,6,Yes,Yes,DSL,Yes,No,Month-to-month,No,Credit card (automatic),46.31,352.05,Yes
CUST-05168,Female,0,Yes,Yes,29,Yes,No,No,No internet service,No internet service,Month-to-month,Yes,Mailed check,27.1,764.94,No
CUST-05169,Female,1,No,Yes,25,No,No phone service,DSL,No,Yes,One year,No,Mailed check,74.22,1838.06,No
CUST-05170,Male,0,Yes,Yes,55,Yes,No,Fiber optic,No,No,Month-to-month,Yes,Mailed check,108.92,6032.15,Yes
CUST-05171,Male,0,Yes,Yes,46,Yes,No,Fiber optic,No,Yes,Month-to-month,Yes,Bank transfer (automatic),87.56,3938.01,No
CUST-05172,Male,0,Yes,No,24,Yes,No,DSL,No,Yes,Two year,Yes,Credit card (automatic),44.97,1153.8,No
CUST-05173,Male,0,Yes,Yes,26,Yes,Yes,No,No internet service,No internet service,Month-to-month,No,Mailed check,77.36,2098.27,No
CUST-05174,Male,0,No,No,28,Yes,Yes,Fiber optic,Yes,Yes,Month-to-month,Yes,Electronic check,114.32,3213.25,Yes
CUST-05175,Female,1,No,Yes,3,Yes,Yes,Fiber optic,Yes,Yes,Month-to-month,No,Bank transfer (automatic),92.29,229.98,No
CUST-05176,Female,0,No,Yes,38,Yes,No,No,No internet service,No internet service,Two year,Yes,Bank transfer (automatic),88.95,3422.76,No
CUST-05177,Female,0,No,Yes,61,No,No phone service,DSL,Yes,No,One year,Yes,Credit card (automatic),116.82,7116.47,No
CUST-05178,Male,0,No,No,51,Yes,Yes,Fiber optic,Yes,Yes,Month-to-month,No,Credit card (automatic),99.89,5101.5,No
CUST-05179,Male,0,No,No,48,Yes,No,No,No internet service,No internet service,Month-to-month,No,Mailed check,33.66,1626.6,No
CUST-05180,Female,1,Yes,No,21,Yes,Yes,Fiber optic,Yes,Yes,Month-to-month,No,Mailed check,54.76,1117.04,No
CUST-05181,Female,0,Yes,No,54,Yes,No,No,No internet service,No internet service,Month-to-month,Yes,Bank transfer (automatic),116.51,6308.9,No
CUST-05182,Female,0,Yes,Yes,56,Yes,Yes,Fiber optic,Yes,Yes,Two year,Yes,Electronic check,68.97,3789.16,No
CUST-05183,Female,0,No,No,59,Yes,Yes,DSL,No,No,Month-to-month,Yes,Bank transfer (automatic),31.16,1728.65,No
CUST-05184,Male,0,No,Yes,51,Yes,No,DSL,Yes,No,Two year,No,Mailed check,65.86,3377.08,No
CUST-05185,Male,0,Yes,No,20,Yes,No,Fiber optic,Yes,Yes,Month-to-month,Yes,Mailed check,89.7,1846.18,No
CUST-05186,Female,0,Yes,Yes,59,No,No phone service,DSL,No,No,Two year,No,Credit card (automatic),119.75,7039.57,No
CUST-05187,Male,0,No,No,71,Yes,Yes,No,No internet service,No internet service,One year,Yes,Electronic check,52.39,3691.2,No
CUST-05188,Male,0,Yes,Yes,9,No,No phone service,DSL,No,Yes,Month-to-month,Yes,Electronic check,71.41,675.07,Yes
CUST-05189,Male,0,No,Yes,1,Yes,No,Fiber optic,Yes,No,Month-to-month,No,Credit card (automatic),107.97,106.93,No
CUST-05190,Male,0,Yes,No,29,Yes,Yes,DSL,Yes,Yes,Month-to-month,Yes,Electronic check,55.53,1582.07,No
CUST-05191,Female,0,No,No,63,Yes,Yes,Fiber optic,Yes,No,Month-to-month,No,Mailed check,30.93,1963.85,Yes
CUST-05192,Female,0,Yes,Yes,56,Yes,No,Fiber optic,No,No,Two year,Yes,Electronic check,114.89,6434.16,No
CUST-05193,Male,0,No,Yes,68,Yes,Yes,No,No internet service,No internet service,Month-to-month,No,Electronic check,68.84,4618.66,No
CUST-05194,Female,0,Yes,No,35,Yes,Yes,Fiber optic,Yes,Yes,Month-to-month,No,Mailed check,70.28,2454.36,No
CUST-05195,Male,0,No,Yes,3,Yes,Yes,DSL,Yes,No,Month-to-month,No,Credit card (automatic),82.12,255.51,No
CUST-05196,Female,0,Yes,No,7,Yes,No,No,No internet service,No internet service,Two year,Yes,Bank transfer (automatic),20.35,115.76,No
CUST-05197,Female,0,Yes,Yes,27,Yes,Yes,DSL,Yes,Yes,Month-to-month,No,Credit card (automatic),113.11,3100.26,No
CUST-05198,Female,0,Yes,No,1,Yes,No,No,No internet service,No internet service,Month-to-month,Yes,Electronic check,56.15,80.32,No
CUST-05199,Female,0,No,No,71,Yes,Yes,No,No internet service,No internet service,Two year,No,Electronic check,59.69,4224.14,No
CUST-05200,Female,0,Yes,No,44,Yes,No,DSL,Yes,No,One year,Yes,Mailed check,37.41,1652.72,No
CUST-05201,Female,0,Yes,Yes,41,No,No phone service,DSL,Yes,Yes,Two year,No,Mailed check,57.82,2351.8,No
CUST-05202,Female,0,No,No,42,Yes,No,No,No internet service,No internet service,Month-to-month,No,Electronic check,100.39,4205.16,Yes
CUST-05203,Male,1,Yes,No,33,Yes,No,No,No internet service,No internet service,One year,Yes,Mailed check,100.0,3290.62,No
CUST-05204,Female,0,Yes,No,50,No,No phone service,Fiber optic,Yes,Yes,Two year,No,Electronic check,113.58,5590.49,No
CUST-05205,Male,0,Yes,No,63,Yes,No,No,No internet service,No internet service,Month-to-month,Yes,Mailed check,60.32,3801.53,No
CUST-05206,Female,0,Yes,No,37,No,No phone service,No,No internet service,No internet service,Month-to-month,No,Bank transfer (automatic),90.87,3378.11,No
CUST-05207,Female,0,Yes,Yes,59,Yes,No,Fiber optic,No,No,Month-to-month,Yes,Credit card (automatic),70.72,4295.55,No
CUST-05208,Female,0,Yes,Yes,48,Yes,Yes,Fiber optic,No,No,One year,Yes,Mailed check,100.4,4841.19,No
CUST-05209,Male,0,Yes,Yes,5,Yes,Yes,Fiber optic,No,Yes,Month-to-month,Yes,Credit card (automatic),91.25,423.6,Yes
CUST-05210,Male,0,No,No,48,Yes,No,DSL,No,No,Month-to-month,No,Credit card (automatic),56.79,2643.88,No
CUST-05211,Male,0,Yes,Yes,3,Yes,Yes,Fiber optic,No,Yes,One year,Yes,Bank transfer (automatic),53.67,108.19,No
CUST-05212,Male,0,No,No,47,Yes,Yes,Fiber optic,Yes,No,One year,Yes,Mailed check,45.24,2101.32,No
CUST-05213,Male,0,Yes,Yes,62,Yes,Yes,Fiber optic,No,No,One year,No,Mailed check,77.65,4790.23,No
CUST-05214,Female,0,No,Yes,14,Yes,No,DSL,No,Yes,One year,No,Mailed check,116.38,1617.45,No
CUST-05215,Male,0,No,Yes,63,Yes,Yes,No,No internet service,No internet service,Month-to-month,Yes,Credit card (automatic),40.01,2500.51,No
CUST-05216,Male,0,Yes,Yes,61,Yes,Yes,No,No internet service,No internet service,Month-to-month,Yes,Credit card (automatic),29.53,1789.78,No
CUST-05217,Male,0,No,No,31,Yes,Yes,DSL,Yes,No,One year,No,Credit card (automatic),31.94,969.02,No
CUST-05218,Female,0,Yes,Yes,17,Yes,No,Fiber optic,Yes,Yes,Two year,Yes,Credit card (automatic),98.31,1672.19,No
CUST-05219,Female,0,No,Yes,24,Yes,No,No,No internet service,No internet service,Month-to-month,No,Bank transfer (automatic),55.01,1275.07,No
CUST-05220,Female,0,No,No,23,Yes,Yes,Fiber optic,No,No,One year,No,Bank transfer (automatic),42.44,913.18,No
CUST-05221,Male,0,No,Yes,50,Yes,Yes,Fiber optic,Yes,Yes,Month-to-month,Yes,Electronic check,55.28,2752.1,No
CUST-05222,Female,0,No,Yes,70,Yes,No,DSL,No,No,Month-to-month,No,Mailed check,84.53,5938.8,No
CUST-05223,Male,0,Yes,No,27,Yes,Yes,DSL,Yes,Yes,Month-to-month,No,Credit card (automatic),74.68,1960.41,No
CUST-05224,Female,1,Yes,Yes,15,Yes,Yes,No,No internet service,No internet service,One year,Yes,Electronic check,94.36,1386.67,No
CUST-05225,Female,0,No,Yes,50,Yes,No,Fiber optic,Yes,Yes,Month-to-month,Yes,Bank transfer (automatic),53.91,2688.19,Yes
CUST-05226,Female,0,No,No,36,Yes,Yes,No,No internet service,No internet service,Month-to-month,No,Electronic check,65.2,2338.69,No
CUST-05227,Female,0,Yes,No,8,Yes,Yes,DSL,Yes,No,Month-to-month,No,Electronic check,30.2,279.24,No
CUST-05228,Female,0,No,Yes,3,Yes,Yes,Fiber optic,Yes,No,One year,No,Credit card (automatic),27.31,128.92,No
CUST-05229,Male,0,No,Yes,62,No,No phone service,DSL,Yes,No,Month-to-month,Yes,Mailed check,66.23,4117.36,No
CUST-05230,Male,0,Yes,Yes,47,Yes,No,No,No internet service,No internet service,Month-to-month,Yes,Mailed check,50.16,2417.99,No
CUST-05231,Female,0,No,No,61,Yes,No,No,No internet service,No internet service,Two year,No,Bank transfer (automatic),81.28,4939.63,No
CUST-05232,Male,1,No,No,32,Yes,No,Fiber optic,Yes,Yes,Month-to-month,Yes,Electronic check,24.3,819.61,No
CUST-05233,Female,0,No,Yes,13,Yes,Yes,DSL,No,No,One year,No,Bank transfer (automatic),32.18,387.69,No
CUST-05234,Female,1,Yes,No,1,Yes,No,Fiber optic,Yes,No,Month-to-month,No,Credit card (automatic),106.52,121.32,No
CUST-05235,Female,0,No,No,34,Yes,No,Fiber optic,No,No,Month-to-month,Yes,Mailed check,76.63,2637.63,No
CUST-05236,Female,1,No,Yes,62,No,No phone service,No,No internet service,No internet service,Month-to-month,No,Bank transfer (automatic),91.21,5657.83,No
CUST-05237,Female,1,Yes,No,71,Yes,Yes,Fiber optic,Yes,No,Month-to-month,Yes,Mailed check,104.2,7349.95,No
CUST-05238,Female,0,Yes,No,31,Yes,Yes,DSL,No,Yes,Month-to-month,No,Credit card (automatic),66.38,1974.15,No
CUST-05239,Female,0,Yes,No,64,Yes,No,Fiber optic,No,Yes,Month-to-month,Yes,Bank transfer (automatic),96.11,6178.89,No
CUST-05240,Male,0,Yes,No,25,Yes,Yes,Fiber optic,No,Yes,One year,Yes,Mailed check,72.46,1797.85,No
CUST-05241,Male,0,Yes,Yes,38,Yes,No,No,No internet service,No internet service,Two year,Yes,Mailed check,42.27,1596.11,No
CUST-05242,Female,1,No,No,14,Yes,Yes,No,No internet service,No internet service,Two year,Yes,Bank transfer (automatic),53.77,827.79,No
CUST-05243,Male,0,No,Yes,8,Yes,No,No,No internet service,No internet service,Two year,Yes,Bank transfer (automatic),69.04,505.01,No
CUST-05244,Female,0,No,Yes,54,Yes,Yes,Fiber optic,No,No,Month-to-month,No,Mailed check,51.69,2828.28,Yes
CUST-05245,Male,0,No,Yes,2,Yes,No,Fiber optic,Yes,Yes,Month-to-month,Yes,Bank transfer (automatic),53.55,70.21,No
CUST-05246,Male,0,No,Yes,56,Yes,Yes,No,No internet service,No internet service,Two year,No,Credit card (automatic),53.74,3000.57,No
CUST-05247,Female,0,Yes,No,61,Yes,Yes,DSL,Yes,No,Two year,Yes,Electronic check,32.28,1914.78,Yes
CUST-05248,Female,0,Yes,Yes,22,Yes,No,Fiber optic,Yes,No,Month-to-month,No,Credit card (automatic),28.46,588.89,No
CUST-05249,Male,0,Yes,Yes,35,Yes,No,Fiber optic,Yes,No,One year,Yes,Credit card (automatic),24.65,883.41,No
CUST-05250,Female,0,Yes,No,16,No,No phone service,DSL,Yes,No,Month-to-month,Yes,Credit card (automatic),31.1,562.3,No
CUST-05251,Male,1,No,No,50,Yes,Yes,Fiber optic,Yes,Yes,Month-to-month,Yes,Electronic check,54.37,2739.68,No
CUST-05252,Female,0,Yes,No,43,Yes,No,Fiber optic,No,Yes,Two year,No,Electronic check,79.39,3429.06,No
CUST-05253,Male,1,No,Yes,17,Yes,No,DSL,No,Yes,Two year,Yes,Bank transfer (automatic),38.81,787.22,No
CUST-05254,Male,0,No,Yes,58,Yes,Yes,Fiber optic,No,Yes,Two year,No,Mailed check,108.8,6338.43,No
CUST-05255,Male,0,Yes,No,2,Yes,Yes,Fiber optic,No,No,Month-to-month,No,Bank transfer (automatic),100.84,155.0,No
CUST-05256,Female,0,No,No,4,Yes,No,Fiber optic,Yes,No,Two year,No,Electronic check,72.05,204.04,No
CUST-05257,Male,0,Yes,Yes,39,Yes,No,Fiber optic,No,Yes,Month-to-month,No,Credit card (automatic),92.42,3623.34,Yes
CUST-05258,Female,0,Yes,No,6,No,No phone service,DSL,No,Yes,Two year,Yes,Credit card (automatic),56.63,269.45,No
CUST-05259,Female,0,Yes,No,69,Yes,Yes,DSL,Yes,No,Two year,No,Credit card (automatic),23.68,1583.85,No
CUST-05260,Female,0,Yes,Yes,69,Yes,Yes,No,No internet service,No internet service,Two year,Yes,Bank transfer (automatic),110.43,7634.84,No
CUST-05261,Female,0,Yes,No,20,Yes,No,No,No internet service,No internet service,Month-to-month,No,Mailed check,32.78,707.6,No
CUST-05262,Female,1,No,No,64,Yes,Yes,No,No internet service,No internet service,Two year,No,Credit card (automatic),114.79,7332.28,No
CUST-05263,Male,0,No,No,16,Yes,No,Fiber optic,Yes,No,Month-to-month,No,Electronic check,77.19,1174.73,No
CUST-05264,Female,0,No,No,51,Yes,Yes,Fiber optic,No,No,Month-to-month,Yes,Bank transfer (automatic),50.56,2571.24,No
CUST-05265,Female,0,Yes,No,37,Yes,Yes,No,No internet service,No internet service,One year,Yes,Mailed check,69.55,2559.75,No
CUST-05266,Male,1,No,No,69,Yes,No,Fiber optic,Yes,Yes,Two year,No,Mailed check,70.16,4846.92,No
CUST-05267,Male,1,No,Yes,42,Yes,No,DSL,No,No,Month-to-month,Yes,Bank transfer (automatic),22.33,877.74,No
CUST-05268,Female,1,No,Yes,57,Yes,No,Fiber optic,No,Yes,Two year,No,Bank transfer (automatic),55.55,3124.49,No
CUST-05269,Female,0,Yes,No,66,Yes,Yes,Fiber optic,No,Yes,Two year,No,Mailed check,93.99,6254.52,No
CUST-05270,Female,1,Yes,Yes,9,Yes,Yes,No,No internet service,No internet service,Month-to-month,No,Credit card (automatic),71.01,677.15,No
CUST-05271,Male,0,No,No,64,No,No phone service,No,No internet service,No internet service,Month-to-month,Yes,Mailed check,44.42,2901.08,No
CUST-05272,Female,1,No,Yes,22,No,No phone service,No,No internet service,No internet service,One year,No,Electronic check,53.51,1084.7,No
CUST-05273,Female,0,No,No,34,Yes,No,DSL,No,No,Month-to-month,Yes,Mailed check,106.31,3570.23,Yes
CUST-05274,Male,1,No,Yes,55,Yes,Yes,Fiber optic,No,Yes,Month-to-month,No,Bank transfer (automatic),72.55,4039.8,No
CUST-05275,Male,0,Yes,No,29,Yes,Yes,No,No internet service,No internet service,One year,No,Electronic check,72.84,2141.98,No
CUST-05276,Male,0,No,No,38,Yes,No,Fiber optic,Yes,No,Month-to-month,Yes,Bank transfer (automatic),116.15,4434.07,No
CUST-05277,Female,0,No,No,18,Yes,No,Fiber optic,No,No,Month-to-month,Yes,Credit card (automatic),52.09,919.5,No
CUST-05278,Female,0,No,Yes,71,Yes,No,No,No internet service,No internet service,Month-to-month,Yes,Credit card (automatic),67.95,4793.44,No
CUST-05279,Female,0,Yes,Yes,65,Yes,Yes,Fiber optic,Yes,No,Month-to-month,Yes,Electronic check,101.17,6577.66,Yes
CUST-05280,Male,0,Yes,Yes,1,Yes,Yes,Fiber optic,No,Yes,Month-to-month,No,Bank transfer (automatic),95.89,73.46,Yes
CUST-05281,Male,0,No,No,4,Yes,Yes,DSL,Yes,No,Month-to-month,No,Electronic check,46.58,212.73,No
CUST-05282,Female,0,Yes,Yes,4,Yes,Yes,No,No internet service,No internet service,Month-to-month,Yes,Electronic check,35.11,142.3,Yes
CUST-05283,Male,0,Yes,Yes,27,Yes,No,No,No internet service,No internet service,Month-to-month,Yes,Credit card (automatic),90.07,2383.33,No
CUST-05284,Male,0,Yes,No,43,Yes,No,Fiber optic,Yes,No,Month-to-month,No,Bank transfer (automatic),45.77,1999.86,No
CUST-05285,Male,1,No,No,59,Yes,Yes,Fiber optic,No,No,Month-to-month,No,Mailed check,112.27,6686.64,No
CUST-05286,Male,0,Yes,Yes,32,Yes,No,Fiber optic,Yes,Yes,Two year,No,Credit card (automatic),32.92,1119.49,No
CUST-05287,Female,0,No,No,33,Yes,Yes,DSL,Yes,No,Month-to-month,Yes,Electronic check,51.83,1744.06,Yes
CUST-05288,Female,0,Yes,Yes,28,Yes,No,DSL,No,Yes,Two year,Yes,Bank transfer (automatic),25.48,747.79,No
CUST-05289,Male,0,Yes,No,55,Yes,No,Fiber optic,Yes,Yes,Two year,No,Electronic check,90.33,4910.09,No
CUST-05290,Male,0,No,No,60,No,No phone service,DSL,Yes,No,One year,No,Electronic check,109.13,6514.23,No
CUST-05291,Male,0,No,Yes,70,No,No phone service,DSL,Yes,Yes,Month-to-month,No,Electronic check,83.59,5842.88,No
CUST-05292,Male,0,Yes,No,62,Yes,No,No,No internet service,No internet service,Month-to-month,No,Bank transfer (automatic),113.78,7083.99,No
CUST-05293,Male,0,Yes,No,34,Yes,Yes,No,No internet service,No internet service,Month-to-month,Yes,Credit card (automatic),32.85,1086.88,No
CUST-05294,Female,0,No,No,56,Yes,No,DSL,No,No,Two year,No,Mailed check,28.77,1595.77,Yes
CUST-05295,Male,1,Yes,No,13,Yes,Yes,DSL,No,No,Two year,No,Electronic check,103.84,1377.9,No
CUST-05296,Female,0,No,No,56,Yes,No,No,No internet service,No internet service,One year,No,Mailed check,105.55,5917.66,No
CUST-05297,Female,0,No,No,18,Yes,Yes,No,No internet service,No internet service,One year,No,Credit card (automatic),103.1,1872.49,No
CUST-05298,Male,1,No,No,54,Yes,No,Fiber optic,No,No,Two year,Yes,Electronic check,99.9,5355.7,No
CUST-05299,Female,0,Yes,No,43,Yes,Yes,DSL,No,Yes,Month-to-month,Yes,Bank transfer (automatic),56.22,2401.44,Yes
CUST-05300,Male,0,Yes,No,39,No,No phone service,DSL,Yes,No,One year,Yes,Electronic check,41.75,1604.77,No
CUST-05301,Male,0,No,No,61,Yes,No,No,No internet service,No internet service,One year,Yes,Electronic check,112.88,6885.63,No
CUST-05302,Male,0,Yes,No,42,Yes,Yes,No,No internet service,No internet service,Month-to-month,No,Electronic check,50.7,2107.74,No
CUST-05303,Female,0,No,No,18,Yes,No,Fiber optic,No,No,Two year,No,Electronic check,59.84,1048.68,No
CUST-05304,Female,1,Yes,Yes,23,Yes,Yes,No,No internet service,No internet service,Month-to-month,Yes,Credit card (automatic),89.96,2075.33,No
CUST-05305,Female,0,Yes,No,54,Yes,Yes,DSL,Yes,No,Month-to-month,No,Credit card (automatic),49.34,2769.2,No
CUST-05306,Male,0,Yes,No,30,No,No phone service,DSL,Yes,Yes,Month-to-month,Yes,Bank transfer (automatic),101.91,3086.48,No
CUST-05307,Female,1,Yes,No,58,Yes,Yes,DSL,No,No,Month-to-month,No,Electronic check,27.0,1476.99,No
CUST-05308,Female,1,No,Yes,68,Yes,Yes,DSL,Yes,Yes,Month-to-month,Yes,Bank transfer (automatic),99.12,6757.72,No
CUST-05309,Female,0,Yes,Yes,67,No,No phone service,No,No internet service,No internet service,Month-to-month,Yes,Electronic check,80.19,5346.98,No
CUST-05310,Male,0,No,Yes,71,Yes,Yes,No,No internet service,No internet service,Month-to-month,No,Bank transfer (automatic),77.3,5441.25,No
CUST-05311,Female,0,Yes,Yes,18,Yes,Yes,DSL,Yes,No,Month-to-month,No,Electronic check,65.84,1220.31,No
CUST-05312,Male,0,No,No,7,Yes,No,Fiber optic,No,No,Two year,No,Credit card (automatic),47.7,337.76,No
CUST-05313,Female,0,Yes,No,40,Yes,Yes,Fiber optic,Yes,No,One year,Yes,Electronic check,66.41,2780.72,No
CUST-05314,Female,0,No,No,70,Yes,Yes,DSL,No,Yes,Two year,Yes,Electronic check,65.0,4544.29,No
CUST-05315,Female,0,Yes,Yes,65,Yes,No,No,No internet service,No internet service,Two year,Yes,Credit card (automatic),78.38,5083.39,No
CUST-05316,Male,0,No,No,68,Yes,Yes,Fiber optic,Yes,Yes,Two year,Yes,Bank transfer (automatic),48.16,3334.74,No
CUST-05317,Male,0,Yes,Yes,49,Yes,Yes,Fiber optic,No,No,Two year,No,Mailed check,27.76,1361.34,No
CUST-05318,Female,0,Yes,Yes,52,No,No phone service,DSL,No,Yes,Month-to-month,Yes,Credit card (automatic),34.51,1741.66,No
CUST-05319,Female,0,Yes,Yes,29,Yes,No,Fiber optic,Yes,No,Month-to-month,Yes,Bank transfer (automatic),89.92,2563.64,No
CUST-05320,Male,1,No,No,21,Yes,No,No,No internet service,No internet service,Two year,Yes,Electronic check,22.25,450.83,No
CUST-05321,Male,0,No,No,9,Yes,Yes,DSL,Yes,No,Month-to-month,Yes,Mailed check,105.64,983.64,Yes
CUST-05322,Female,0,Yes,No,47,Yes,Yes,DSL,Yes,No,Month-to-month,Yes,Bank transfer (automatic),89.44,4267.29,No
CUST-05323,Female,1,No,No,42,Yes,No,Fiber optic,Yes,Yes,One year,Yes,Bank transfer (automatic),96.81,4106.12,No
CUST-05324,Male,0,Yes,Yes,51,Yes,No,Fiber optic,No,No,Two year,Yes,Electronic check,103.6,5312.0,No
CUST-05325,Female,0,Yes,No,56,Yes,No,DSL,No,Yes,Two year,No,Electronic check,32.27,1861.96,No
CUST-05326,Male,0,Yes,No,51,Yes,Yes,DSL,Yes,No,Two year,No,Bank transfer (automatic),102.25,5245.81,No
CUST-05327,Female,0,No,No,70,Yes,No,DSL,Yes,No,Month-to-month,Yes,Electronic check,70.46,4887.04,No
CUST-05328,Female,0,No,Yes,20,Yes,Yes,No,No internet service,No internet service,One year,No,Mailed check,108.55,2159.96,Yes
CUST-05329,Female,1,Yes,Yes,27,Yes,No,DSL,Yes,No,Two year,No,Electronic check,108.66,2908.06,No
CUST-05330,Female,0,No,No,38,Yes,Yes,DSL,Yes,Yes,Two year,Yes,Mailed check,22.42,915.07,No
CUST-05331,Male,0,No,No,65,Yes,No,No,No internet service,No internet service,One year,No,Mailed check,58.29,3741.12,No
CUST-05332,Female,0,Yes,Yes,54,No,No phone service,No,No internet service,No internet service,Two year,No,Electronic check,72.64,3875.8,No
CUST-05333,Female,0,Yes,Yes,24,Yes,No,Fiber optic,No,Yes,Month-to-month,No,Bank transfer (automatic),87.84,2116.66,No
CUST-05334,Female,0,No,No,47,No,No phone service,No,No internet service,No internet service,Two year,No,Mailed check,48.62,2381.59,No
CUST-05335,Female,0,Yes,Yes,71,Yes,Yes,Fiber optic,No,Yes,Two year,Yes,Electronic check,45.21,3246.65,No
CUST-05336,Female,0,Yes,Yes,63,Yes,No,DSL,Yes,No,Month-to-month,Yes,Credit card (automatic),58.13,3714.27,No
CUST-05337,Female,0,No,Yes,57,Yes,No,Fiber optic,No,Yes,Month-to-month,Yes,Mailed check,70.09,3939.79,No
CUST-05338,Male,0,No,Yes,55,No,No phone service,Fiber optic,Yes,Yes,Two year,No,Bank transfer (automatic),115.11,6364.49,No
CUST-05339,Female,1,No,Yes,60,Yes,Yes,DSL,No,Yes,Month-to-month,Yes,Bank transfer (automatic),96.21,5717.04,No
CUST-05340,Male,0,Yes,Yes,62,Yes,No,DSL,No,Yes,Month-to-month,Yes,Bank transfer (automatic),62.93,3938.21,No
CUST-05341,Male,0,Yes,Yes,30,Yes,No,No,No internet service,No internet service,Two year,Yes,Credit card (automatic),25.44,684.66,No
CUST-05342,Male,0,No,No,22,Yes,No,Fiber optic,No,Yes,Month-to-month,No,Mailed check,36.85,793.74,Yes
CUST-05343,Male,0,No,Yes,29,Yes,Yes,DSL,No,No,Month-to-month,Yes,Credit card (automatic),65.59,1799.45,Yes
CUST-05344,Female,0,Yes,No,41,Yes,Yes,No,No internet service,No internet service,One year,Yes,Credit card (automatic),101.38,4112.34,No
CUST-05345,Female,0,No,No,42,Yes,Yes,DSL,Yes,No,Two year,Yes,Credit card (automatic),58.07,2367.71,No
CUST-05346,Female,1,No,No,65,Yes,Yes,DSL,Yes,Yes,Two year,No,Credit card (automatic),73.85,4832.81,No
CUST-05347,Male,0,Yes,No,31,Yes,Yes,No,No internet service,No internet service,One year,Yes,Mailed check,109.18,3389.3,No
CUST-05348,Female,1,Yes,No,30,Yes,Yes,DSL,No,No,Two year,Yes,Mailed check,111.38,3318.02,No
CUST-05349,Male,1,No,No,18,Yes,No,Fiber optic,No,Yes,Month-to-month,No,Bank transfer (automatic),41.58,754.3,No
CUST-05350,Male,0,No,Yes,17,Yes,Yes,Fiber optic,Yes,No,Two year,Yes,Credit card (automatic),24.36,372.57,No
CUST-05351,Female,0,Yes,Yes,38,Yes,No,DSL,No,Yes,Month-to-month,No,Credit card (automatic),50.54,1936.61,No
CUST-05352,Male,0,Yes,No,14,Yes,No,DSL,No,Yes,Two year,Yes,Electronic check,89.58,1250.23,No
CUST-05353,Male,0,Yes,No,56,Yes,No,Fiber optic,Yes,No,Month-to-month,Yes,Mailed check,115.11,6560.2,No
CUST-05354,Male,1,Yes,Yes,22,Yes,Yes,No,No internet service,No internet service,One year,No,Electronic check,27.7,691.08,No
CUST-05355,Male,0,No,Yes,67,Yes,Yes,Fiber optic,No,Yes,Two year,No,Mailed check,22.85,1577.98,No
CUST-05356,Female,0,Yes,No,56,Yes,No,DSL,Yes,No,Month-to-month,No,Credit card (automatic),108.41,6085.58,Yes
CUST-05357,Male,0,Yes,No,19,Yes,No,Fiber optic,No,Yes,Month-to-month,Yes,Electronic check,94.81,1822.41,No
CUST-05358,Male,0,No,No,57,Yes,No,DSL,No,No,Month-to-month,Yes,Mailed check,119.22,6857.58,No
CUST-05359,Male,0,No,Yes,44,Yes,Yes,No,No internet service,No internet service,Month-to-month,No,Electronic check,59.68,2640.33,Yes
CUST-05360,Female,0,No,Yes,35,Yes,No,DSL,No,Yes,One year,Yes,Electronic check,61.61,2173.83,No
CUST-05361,Female,0,Yes,Yes,1,Yes,No,No,No internet service,No internet service,One year,No,Bank transfer (automatic),37.23,8.41,No
CUST-05362,Male,0,No,No,52,Yes,No,DSL,No,Yes,Month-to-month,No,Bank transfer (automatic),31.58,1607.79,No
CUST-05363,Female,1,Yes,Yes,70,No,No phone service,DSL,No,Yes,One year,Yes,Credit card (automatic),77.87,5445.54,No
CUST-05364,Female,0,Yes,No,37,Yes,Yes,Fiber optic,No,Yes,Month-to-month,No,Credit card (automatic),56.43,1957.17,No
CUST-05365,Female,1,No,No,65,Yes,Yes,Fiber optic,No,Yes,Month-to-month,No,Credit card (automatic),28.03,1820.5,No
CUST-05366,Female,0,Yes,Yes,51,No,No phone service,Fiber optic,No,Yes,Month-to-month,Yes,Mailed check,108.7,5531.59,Yes
CUST-05367,Male,0,No,Yes,1,Yes,Yes,No,No internet service,No internet service,Month-to-month,Yes,Credit card (automatic),39.84,83.79,No
CUST-05368,Male,0,No,Yes,21,Yes,No,No,No internet service,No internet service,Month-to-month,No,Electronic check,94.86,2053.29,No
CUST-05369,Female,0,Yes,No,53,Yes,No,DSL,No,Yes,One year,No,Bank transfer (automatic),48.22,2684.23,No
CUST-05370,Female,0,Yes,Yes,16,Yes,No,DSL,Yes,No,Two year,No,Electronic check,101.29,1649.62,No
CUST-05371,Female,0,Yes,No,61,Yes,Yes,No,No internet service,No internet service,Month-to-month,Yes,Electronic check,31.84,1949.84,No
CUST-05372,Female,1,No,Yes,54,No,No phone service,No,No internet service,No internet service,One year,No,Bank transfer (automatic),95.61,5134.63,No
CUST-05373,Female,0,No,No,40,Yes,Yes,DSL,No,Yes,Month-to-month,No,Bank transfer (automatic),29.81,1139.95,No
CUST-05374,Female,1,No,Yes,26,Yes,Yes,No,No internet service,No internet service,Month-to-month,No,Credit card (automatic),64.69,1727.65,No
CUST-05375,Female,0,Yes,No,65,Yes,No,Fiber optic,No,No,Two year,Yes,Mailed check,93.4,6069.63,No
CUST-05376,Male,1,No,Yes,64,Yes,No,DSL,Yes,Yes,One year,Yes,Credit card (automatic),37.32,2409.73,No
CUST-05377,Male,0,No,No,43,Yes,No,No,No internet service,No internet service,Two year,No,Credit card (automatic),48.57,2089.44,No
CUST-05378,Female,0,No,Yes,17,No,No phone service,DSL,Yes,No,One year,No,Mailed check,106.48,1812.39,No
CUST-05379,Female,0,Yes,Yes,59,Yes,No,Fiber optic,No,No,Month-to-month,No,Electronic check,108.51,6413.05,No
CUST-05380,Male,1,Yes,Yes,23,Yes,No,Fiber optic,Yes,No,Month-to-month,No,Credit card (automatic),24.49,584.37,Yes
CUST-05381,Male,0,Yes,Yes,7,Yes,No,DSL,Yes,No,Two year,No,Bank transfer (automatic),36.81,304.71,No
CUST-05382,Female,0,No,No,44,Yes,Yes,Fiber optic,Yes,Yes,Month-to-month,Yes,Credit card (automatic),31.75,1335.38,No
CUST-05383,Male,0,No,Yes,53,Yes,Yes,Fiber optic,No,No,One year,No,Credit card (automatic),37.97,2041.71,No
CUST-05384,Male,0,Yes,No,71,Yes,No,DSL,No,No,One year,Yes,Electronic check,117.02,8244.01,No
CUST-05385,Female,1,Yes,Yes,34,Yes,Yes,Fiber optic,Yes,Yes,Month-to-month,No,Credit card (automatic),75.17,2590.85,No
CUST-05386,Male,0,No,Yes,46,Yes,No,Fiber optic,Yes,Yes,Month-to-month,Yes,Electronic check,66.81,3089.27,No
CUST-05387,Female,0,No,Yes,68,Yes,Yes,No,No internet service,No internet service,Month-to-month,No,Credit card (automatic),118.45,8050.77,No
CUST-05388,Male,0,No,Yes,16,Yes,No,No,No internet service,No internet service,Two year,No,Electronic check,75.7,1209.32,No
CUST-05389,Female,1,Yes,No,71,Yes,Yes,DSL,No,No,Two year,Yes,Mailed check,86.11,6120.66,No
CUST-05390,Male,1,Yes,No,19,Yes,Yes,Fiber optic,No,Yes,Month-to-month,Yes,Bank transfer (automatic),53.28,1066.87,Yes
CUST-05391,Male,0,Yes,Yes,2,Yes,No,DSL,No,Yes,Month-to-month,No,Electronic check,58.21,166.54,No
CUST-05392,Female,0,Yes,No,10,No,No phone service,DSL,No,No,Month-to-month,Yes,Bank transfer (automatic),79.44,838.67,No
CUST-05393,Male,0,No,No,50,Yes,No,Fiber optic,Yes,Yes,Month-to-month,No,Credit card (automatic),26.98,1281.68,No
CUST-05394,Male,0,No,Yes,12,Yes,No,DSL,No,No,Month-to-month,Yes,Credit card (automatic),45.59,575.89,No
CUST-05395,Female,0,No,Yes,70,Yes,No,No,No internet service,No internet service,Month-to-month,No,Electronic check,39.68,2657.71,No
CUST-05396,Male,0,Yes,No,22,No,No phone service,No,No internet service,No internet service,Month-to-month,No,Mailed check,21.59,368.45,No
CUST-05397,Male,0,Yes,No,32,Yes,Yes,Fiber optic,Yes,Yes,Month-to-month,Yes,Bank transfer (automatic),73.69,2414.28,No
CUST-05398,Female,0,No,Yes,1,Yes,No,Fiber optic,No,No,Month-to-month,Yes,Electronic check,76.11,3.76,No
CUST-05399,Female,0,Yes,Yes,54,Yes,No,No,No internet service,No internet service,Month-to-month,No,Electronic check,58.39,3144.1,No
CUST-05400,Female,0,Yes,Yes,58,No,No phone service,DSL,No,Yes,Two year,No,Bank transfer (automatic),46.87,2788.68,No
CUST-05401,Female,0,No,Yes,70,Yes,No,DSL,No,Yes,Month-to-month,No,Electronic check,85.21,5993.89,No
CUST-05402,Female,0,Yes,Yes,18,Yes,No,DSL,Yes,No,Two year,Yes,Bank transfer (automatic),33.47,620.96,No
CUST-05403,Female,0,Yes,Yes,6,Yes,No,Fiber optic,No,Yes,One year,No,Credit card (automatic),71.86,428.44,No
CUST-05404,Female,0,No,Yes,45,Yes,No,No,No internet service,No internet service,Month-to-month,Yes,Bank transfer (automatic),96.81,4362.74,No
CUST-05405,Female,1,No,Yes,23,Yes,Yes,DSL,No,Yes,Two year,Yes,Mailed check,36.43,806.63,No
CUST-05406,Male,0,No,Yes,23,Yes,No,DSL,Yes,No,One year,No,Bank transfer (automatic),95.33,2168.61,No
CUST-05407,Male,0,Yes,Yes,26,Yes,Yes,No,No internet service,No internet service,Month-to-month,Yes,Credit card (automatic),96.08,2502.4,No
CUST-05408,Female,0,No,No,7,Yes,Yes,No,No internet service,No internet service,Month-to-month,No,Bank transfer (automatic),25.99,193.55,Yes
CUST-05409,Male,0,No,No,44,Yes,Yes,Fiber optic,Yes,Yes,Month-to-month,No,Bank transfer (automatic),21.88,954.83,No
CUST-05410,Female,0,Yes,No,27,Yes,Yes,DSL,Yes,Yes,Two year,Yes,Electronic check,117.39,3057.71,No
CUST-05411,Male,0,Yes,Yes,26,Yes,No,DSL,Yes,No,Month-to-month,No,Bank transfer (automatic),39.34,1101.08,No
CUST-05412,Male,0,No,No,36,Yes,No,No,No internet service,No internet service,Month-to-month,Yes,Credit card (automatic),102.21,3726.42,No
CUST-05413,Female,0,No,Yes,55,Yes,No,DSL,Yes,No,One year,No,Credit card (automatic),76.19,4180.25,No
CUST-05414,Male,1,Yes,Yes,64,Yes,No,No,No internet service,No internet service,Month-to-month,Yes,Mailed check,46.45,3021.22,No
CUST-05415,Male,0,Yes,Yes,57,Yes,Yes,No,No internet service,No internet service,One year,Yes,Bank transfer (automatic),33.0,1863.07,No
CUST-05416,Male,0,Yes,No,69,Yes,Yes,Fiber optic,Yes,No,One year,No,Electronic check,69.67,4823.11,No
CUST-05417,Female,0,No,Yes,61,Yes,Yes,No,No internet service,No internet service,Month-to-month,Yes,Credit card (automatic),60.74,3608.98,No
CUST-05418,Male,0,Yes,Yes,2,Yes,No,DSL,No,Yes,Month-to-month,Yes,Mailed check,89.89,192.62,Yes
CUST-05419,Male,0,No,No,55,Yes,Yes,No,No internet service,No internet service,Two year,No,Bank transfer (automatic),110.42,6059.03,No
CUST-05420,Female,0,No,Yes,38,Yes,Yes,Fiber optic,No,No,One year,Yes,Electronic check,100.52,3830.66,No
CUST-05421,Male,0,No,No,29,No,No phone service,DSL,No,No,Month-to-month,Yes,Bank transfer (automatic),47.45,1461.54,No
CUST-05422,Male,0,Yes,No,26,No,No phone service,No,No internet service,No internet service,One year,No,Bank transfer (automatic),107.89,2804.24,No
CUST-05423,Male,0,Yes,Yes,35,No,No phone service,No,No internet service,No internet service,One year,Yes,Mailed check,103.34,3594.02,No
CUST-05424,Male,0,No,No,67,Yes,No,Fiber optic,No,No,Two year,Yes,Credit card (automatic),112.91,7542.65,No
CUST-05425,Female,0,No,No,29,No,No phone service,Fiber optic,Yes,No,Month-to-month,Yes,Bank transfer (automatic),65.87,1839.42,No
CUST-05426,Female,0,Yes,Yes,34,Yes,Yes,No,No internet service,No internet service,Month-to-month,Yes,Bank transfer (automatic),96.86,3313.45,No
CUST-05427,Female,0,No,Yes,41,No,No phone service,No,No internet service,No internet service,One year,Yes,Mailed check,79.17,3272.69,No
CUST-05428,Male,0,Yes,Yes,41,Yes,Yes,Fiber optic,No,Yes,One year,Yes,Electronic check,51.05,2096.32,No
CUST-05429,Female,0,No,Yes,23,Yes,Yes,Fiber optic,No,No,Two year,Yes,Bank transfer (automatic),119.44,2793.12,No
CUST-05430,Male,1,Yes,No,71,Yes,No,Fiber optic,No,No,Month-to-month,Yes,Credit card (automatic),23.83,1738.4,Yes
CUST-05431,Male,0,No,Yes,3,Yes,Yes,Fiber optic,Yes,No,Two year,Yes,Bank transfer (automatic),36.23,112.18,No
CUST-05432,Female,0,No,No,58,No,No phone service,DSL,No,Yes,Two year,Yes,Bank transfer (automatic),109.25,6365.77,No
CUST-05433,Female,0,No,Yes,32,Yes,No,No,No internet service,No internet service,Month-to-month,Yes,Credit card (automatic),26.06,942.55,No
CUST-05434,Female,0,Yes,No,31,Yes,No,Fiber optic,No,Yes,Month-to-month,Yes,Mailed check,108.68,3327.98,No
CUST-05435,Male,0,Yes,Yes,43,Yes,Yes,DSL,Yes,Yes,Two year,No,Bank transfer (automatic),91.52,3974.02,No
CUST-05436,Male,0,Yes,No,7,Yes,No,DSL,Yes,Yes,Month-to-month,Yes,Credit card (automatic),23.67,170.03,No
CUST-05437,Male,0,No,Yes,1,Yes,Yes,DSL,No,Yes,Month-to-month,No,Credit card (automatic),62.93,115.22,Yes
CUST-05438,Male,0,No,No,61,Yes,Yes,DSL,No,No,One year,Yes,Electronic check,95.45,5782.78,No
CUST-05439,Female,0,Yes,Yes,14,Yes,No,Fiber optic,No,No,Month-to-month,Yes,Mailed check,78.31,1106.35,No
CUST-05440,Female,1,Yes,No,52,No,No phone service,No,No internet service,No internet service,One year,Yes,Credit card (automatic),113.59,5872.7,No
CUST-05441,Male,0,Yes,Yes,6,Yes,No,DSL,No,No,Month-to-month,No,Bank transfer (automatic),106.76,552.21,No
CUST-05442,Male,1,No,Yes,10,Yes,Yes,No,No internet service,No internet service,Month-to-month,No,Mailed check,53.26,602.82,No
CUST-05443,Female,0,Yes,Yes,71,Yes,No,DSL,Yes,Yes,One year,Yes,Credit card (automatic),28.46,1998.94,No
CUST-05444,Female,0,Yes,Yes,30,Yes,No,Fiber optic,Yes,No,Two year,Yes,Mailed check,114.43,3390.78,No
CUST-05445,Male,1,No,Yes,21,Yes,Yes,No,No internet service,No internet service,Two year,No,Bank transfer (automatic),71.73,1477.49,No
CUST-05446,Female,1,Yes,No,60,Yes,No,Fiber optic,No,No,One year,No,Electronic check,27.44,1737.62,No
CUST-05447,Male,0,Yes,No,63,Yes,Yes,DSL,Yes,Yes,Month-to-month,No,Bank transfer (automatic),101.66,6470.11,No
CUST-05448,Male,1,Yes,No,42,Yes,Yes,Fiber optic,No,Yes,Month-to-month,Yes,Mailed check,106.85,4476.79,Yes
CUST-05449,Male,0,Yes,Yes,51,Yes,Yes,Fiber optic,Yes,No,One year,No,Bank transfer (automatic),83.94,4324.01,No
CUST-05450,Male,0,Yes,Yes,64,Yes,Yes,DSL,Yes,Yes,Month-to-month,Yes,Credit card (automatic),64.75,4090.23,No
CUST-05451,Female,0,No,No,56,No,No phone service,DSL,Yes,No,Two year,Yes,Mailed check,86.22,4854.5,No
CUST-05452,Female,0,Yes,Yes,41,Yes,Yes,DSL,No,Yes,Month-to-month,No,Bank transfer (automatic),90.67,3695.94,No
CUST-05453,Male,0,Yes,No,32,Yes,No,DSL,No,No,Two year,Yes,Bank transfer (automatic),109.3,3519.4,No
CUST-05454,Male,0,Yes,Yes,15,Yes,No,Fiber optic,No,Yes,Month-to-month,No,Bank transfer (automatic),115.59,1665.16,No
CUST-05455,Male,0,Yes,No,62,Yes,Yes,No,No internet service,No internet service,Two year,No,Electronic check,71.43,4398.9,No
CUST-05456,Male,0,No,No,27,Yes,Yes,DSL,No,Yes,Month-to-month,Yes,Electronic check,99.85,2705.05,Yes
CUST-05457,Male,0,Yes,No,28,Yes,Yes,Fiber optic,Yes,Yes,One year,Yes,Electronic check,116.45,3269.17,No
CUST-05458,Female,0,No,Yes,64,Yes,Yes,DSL,No,Yes,One year,Yes,Electronic check,35.12,2174.54,No
CUST-05459,Male,0,Yes,No,59,Yes,No,Fiber optic,No,No,One year,Yes,Bank transfer (automatic),21.83,1239.38,No
CUST-05460,Female,0,Yes,No,58,Yes,No,No,No internet service,No internet service,Month-to-month,No,Electronic check,106.9,6221.37,No
CUST-05461,Male,0,Yes,Yes,2,Yes,No,DSL,No,Yes,One year,Yes,Bank transfer (automatic),39.53,94.36,No
CUST-05462,Male,0,No,Yes,36,Yes,Yes,No,No internet service,No internet service,Two year,No,Credit card (automatic),24.25,905.77,No
CUST-05463,Male,0,Yes,Yes,71,Yes,Yes,DSL,Yes,No,Two year,No,Credit card (automatic),36.01,2566.22,No
CUST-05464,Male,0,Yes,No,13,Yes,Yes,DSL,Yes,Yes,Two year,No,Credit card (automatic),58.41,706.67,No
CUST-05465,Female,1,Yes,Yes,15,Yes,No,DSL,No,No,Month-to-month,Yes,Mailed check,41.93,611.26,No
CUST-05466,Female,0,Yes,Yes,60,Yes,Yes,DSL,Yes,Yes,Month-to-month,Yes,Credit card (automatic),50.53,3058.35,No
CUST-05467,Female,0,Yes,Yes,22,Yes,No,DSL,No,No,Two year,No,Mailed check,117.53,2535.58,No
CUST-05468,Male,0,No,Yes,63,Yes,Yes,Fiber optic,Yes,No,Month-to-month,Yes,Electronic check,90.44,5641.42,No
CUST-05469,Female,0,Yes,Yes,25,Yes,No,Fiber optic,Yes,Yes,Two year,No,Credit card (automatic),91.22,2265.35,Yes
CUST-05470,Male,0,No,No,48,Yes,Yes,DSL,Yes,No,Month-to-month,Yes,Credit card (automatic),29.47,1428.13,No
CUST-05471,Male,1,No,No,43,No,No phone service,DSL,Yes,Yes,Month-to-month,Yes,Credit card (automatic),93.21,3915.89,No
CUST-05472,Female,0,No,Yes,38,Yes,No,DSL,No,No,One year,No,Electronic check,93.93,3557.22,No
CUST-05473,Male,0,Yes,Yes,41,Yes,No,No,No internet service,No internet service,Month-to-month,No,Credit card (automatic),85.97,3550.7,No
CUST-05474,Male,0,No,Yes,45,Yes,No,DSL,Yes,No,One year,No,Credit card (automatic),42.84,1963.57,No
CUST-05475,Female,0,Yes,No,40,Yes,No,DSL,No,No,One year,No,Bank transfer (automatic),62.3,2441.81,No
CUST-05476,Female,1,No,No,17,Yes,No,DSL,Yes,Yes,One year,Yes,Bank transfer (automatic),104.63,1797.31,No
CUST-05477,Male,0,Yes,No,57,Yes,No,DSL,Yes,Yes,One year,Yes,Mailed check,87.02,5009.82,No
CUST-05478,Female,0,Yes,Yes,2,Yes,No,Fiber optic,Yes,No,One year,No,Bank transfer (automatic),93.28,216.9,No
CUST-05479,Female,0,Yes,No,62,Yes,No,DSL,No,No,Two year,Yes,Electronic check,78.74,4861.29,No
CUST-05480,Female,0,Yes,No,9,Yes,No,DSL,No,Yes,Month-to-month,No,Electronic check,64.96,465.38,Yes
CUST-05481,Male,0,Yes,No,68,No,No phone service,No,No internet service,No internet service,One year,No,Credit card (automatic),95.91,6532.35,No
CUST-05482,Male,0,No,Yes,17,Yes,No,No,No internet service,No internet service,Month-to-month,Yes,Bank transfer (automatic),26.79,534.36,No
CUST-05483,Female,0,Yes,No,50,Yes,Yes,No,No internet service,No internet service,Two year,Yes,Mailed check,87.32,4407.2,No
CUST-05484,Male,0,No,No,40,Yes,No,No,No internet service,No internet service,One year,No,Mailed check,119.72,4826.53,No
CUST-05485,Male,0,Yes,No,58,Yes,No,Fiber optic,Yes,Yes,Month-to-month,Yes,Mailed check,98.02,5693.58,Yes
CUST-05486,Female,1,Yes,Yes,21,No,No phone service,No,No internet service,No internet service,Month-to-month,No,Credit card (automatic),49.06,1075.1,No
CUST-05487,Female,0,Yes,No,18,Yes,No,Fiber optic,No,Yes,Month-to-month,No,Electronic check,47.78,875.2,No
CUST-05488,Female,0,Yes,Yes,55,Yes,No,No,No internet service,No internet service,Month-to-month,Yes,Credit card (automatic),86.72,4682.29,No
CUST-05489,Male,0,Yes,Yes,29,Yes,Yes,No,No internet service,No internet service,Month-to-month,No,Electronic check,109.59,3222.69,No
CUST-05490,Male,0,Yes,No,24,No,No phone service,Fiber optic,No,Yes,Month-to-month,No,Credit card (automatic),77.79,1823.9,No
CUST-05491,Male,0,Yes,Yes,17,Yes,No,No,No internet service,No internet service,Month-to-month,No,Electronic check,72.74,1239.94,No
CUST-05492,Male,0,Yes,No,18,Yes,No,DSL,Yes,Yes,Two year,Yes,Mailed check,36.04,685.68,No
CUST-05493,Female,0,Yes,No,42,Yes,No,DSL,No,Yes,Two year,Yes,Electronic check,91.55,3807.64,No
CUST-05494,Female,0,No,Yes,45,Yes,No,Fiber optic,Yes,No,Month-to-month,No,Bank transfer (automatic),90.23,4011.08,No
CUST-05495,Female,0,No,No,17,Yes,Yes,Fiber optic,Yes,No,One year,No,Bank transfer (automatic),116.7,2007.76,No
CUST-05496,Female,0,No,No,14,Yes,No,No,No internet service,No internet service,Month-to-month,No,Mailed check,50.02,644.6,No
CUST-05497,Female,0,Yes,No,49,Yes,Yes,No,No internet service,No internet service,Month-to-month,No,Mailed check,95.64,4676.72,No
CUST-05498,Male,0,No,Yes,29,Yes,Yes,Fiber optic,Yes,No,Month-to-month,No,Credit card (automatic),63.41,1895.31,No
CUST-05499,Female,1,Yes,Yes,4,Yes,Yes,DSL,No,No,Month-to-month,No,Bank transfer (automatic),75.85,384.72,Yes
CUST-05500,Male,0,Yes,Yes,20,Yes,Yes,DSL,No,Yes,Month-to-month,No,Mailed check,101.65,1943.92,No
CUST-05501,Male,0,Yes,No,47,Yes,No,Fiber optic,No,No,Two year,Yes,Credit card (automatic),42.2,1972.46,No
CUST-05502,Female,0,No,No,9,Yes,Yes,Fiber optic,No,Yes,Two year,Yes,Credit card (automatic),54.29,552.11,No
CUST-05503,Male,0,No,Yes,27,No,No phone service,DSL,No,No,Month-to-month,Yes,Bank transfer (automatic),97.33,2608.0,Yes
CUST-05504,Male,0,Yes,Yes,15,Yes,Yes,DSL,No,No,Two year,Yes,Electronic check,77.05,1195.34,No
CUST-05505,Female,0,Yes,No,19,Yes,No,Fiber optic,No,No,Two year,Yes,Credit card (automatic),29.24,598.92,No
CUST-05506,Male,0,No,Yes,52,Yes,No,No,No internet service,No internet service,Month-to-month,Yes,Bank transfer (automatic),63.02,3246.49,No
CUST-05507,Female,0,No,No,26,Yes,Yes,DSL,Yes,No,Month-to-month,Yes,Credit card (automatic),78.66,2066.59,No
CUST-05508,Female,1,No,Yes,26,Yes,Yes,Fiber optic,Yes,No,One year,Yes,Credit card (automatic),110.95,2909.17,No
CUST-05509,Male,0,No,No,26,Yes,Yes,Fiber optic,Yes,No,Month-to-month,Yes,Mailed check,38.85,1055.61,No
CUST-05510,Male,0,No,No,46,Yes,Yes,Fiber optic,No,Yes,Two year,No,Mailed check,100.6,4546.34,No
CUST-05511,Female,0,No,No,49,No,No phone service,No,No internet service,No internet service,Month-to-month,Yes,Mailed check,33.06,1684.58,No
CUST-05512,Male,0,No,Yes,53,Yes,Yes,DSL,Yes,No,Two year,Yes,Bank transfer (automatic),44.22,2378.0,No
CUST-05513,Female,0,No,No,3,Yes,Yes,No,No internet service,No internet service,One year,No,Credit card (automatic),44.33,76.47,No
CUST-05514,Female,0,No,Yes,66,Yes,No,DSL,No,Yes,Month-to-month,No,Bank transfer (automatic),107.75,7105.11,No
CUST-05515,Female,0,Yes,No,42,Yes,No,Fiber optic,Yes,Yes,Month-to-month,No,Credit card (automatic),39.9,1717.69,No
CUST-05516,Female,0,Yes,No,19,Yes,No,DSL,No,No,Month-to-month,Yes,Credit card (automatic),98.7,1821.44,No
CUST-05517,Female,0,Yes,No,17,Yes,No,No,No internet service,No internet service,Two year,Yes,Mailed check,66.18,1078.83,No
CUST-05518,Female,1,Yes,Yes,33,Yes,No,DSL,Yes,No,Month-to-month,No,Mailed check,119.91,3957.96,No
CUST-05519,Male,0,No,No,49,Yes,Yes,Fiber optic,Yes,Yes,Month-to-month,Yes,Credit card (automatic),103.91,5069.78,No
CUST-05520,Female,1,Yes,Yes,56,Yes,Yes,No,No internet service,No internet service,Month-to-month,Yes,Credit card (automatic),93.97,5274.86,Yes
CUST-05521,Male,1,Yes,No,63,No,No phone service,Fiber optic,Yes,No,Month-to-month,Yes,Electronic check,107.07,6786.56,No
CUST-05522,Male,1,Yes,No,3,Yes,No,No,No internet service,No internet service,Month-to-month,No,Electronic check,83.4,263.81,No
CUST-05523,Male,0,No,Yes,49,Yes,Yes,No,No internet service,No internet service,One year,Yes,Credit card (automatic),104.37,5113.62,No
CUST-05524,Female,0,No,Yes,55,Yes,Yes,DSL,Yes,No,Month-to-month,Yes,Bank transfer (automatic),46.11,2577.43,No
CUST-05525,Female,0,No,No,26,Yes,Yes,Fiber optic,No,No,Month-to-month,No,Electronic check,29.77,768.77,Yes
CUST-05526,Male,0,Yes,Yes,52,Yes,No,Fiber optic,No,No,Month-to-month,No,Credit card (automatic),81.59,4205.39,No
CUST-05527,Female,0,Yes,No,7,Yes,No,No,No internet service,No internet service,Month-to-month,Yes,Credit card (automatic),63.47,502.05,No
CUST-05528,Male,0,Yes,Yes,46,Yes,Yes,DSL,No,Yes,Month-to-month,Yes,Electronic check,62.64,2760.51,No
CUST-05529,Female,0,Yes,No,46,Yes,Yes,Fiber optic,No,Yes,Month-to-month,Yes,Credit card (automatic),72.67,3346.02,No
CUST-05530,Female,1,No,Yes,16,Yes,Yes,DSL,No,Yes,Month-to-month,Yes,Bank transfer (automatic),56.14,880.07,No
CUST-05531,Female,0,No,Yes,24,Yes,Yes,Fiber optic,Yes,Yes,One year,No,Electronic check,82.61,1936.49,No
CUST-05532,Male,0,Yes,Yes,61,Yes,No,DSL,No,Yes,Month-to-month,Yes,Bank transfer (automatic),23.06,1421.59,No
CUST-05533,Male,0,Yes,Yes,54,Yes,No,DSL,Yes,No,Two year,Yes,Credit card (automatic),116.99,6340.45,No
CUST-05534,Male,1,No,No,62,Yes,No,Fiber optic,Yes,No,Two year,No,Mailed check,112.47,6931.69,No
CUST-05535,Female,1,Yes,Yes,1,Yes,No,No,No internet service,No internet service,Month-to-month,Yes,Credit card (automatic),113.53,43.73,Yes
CUST-05536,Female,0,No,Yes,49,Yes,No,Fiber optic,No,No,Month-to-month,Yes,Electronic check,56.5,2703.2,No
CUST-05537,Male,0,No,Yes,25,Yes,Yes,Fiber optic,No,No,Month-to-month,Yes,Bank transfer (automatic),73.19,1920.41,No
CUST-05538,Male,0,No,No,10,Yes,No,Fiber optic,No,Yes,Two year,Yes,Credit card (automatic),115.41,1250.28,Yes
CUST-05539,Male,0,Yes,No,16,Yes,No,Fiber optic,Yes,No,Month-to-month,No,Bank transfer (automatic),110.23,1765.16,Yes
CUST-05540,Female,0,No,Yes,58,Yes,Yes,Fiber optic,No,No,One year,Yes,Bank transfer (automatic),99.02,5674.58,No
CUST-05541,Male,0,Yes,No,29,Yes,No,Fiber optic,No,No,Month-to-month,No,Electronic check,60.73,1753.9,No
CUST-05542,Female,0,Yes,No,6,Yes,Yes,Fiber optic,Yes,No,Two year,No,Bank transfer (automatic),76.43,348.55,No
CUST-05543,Female,0,No,Yes,16,Yes,No,DSL,No,Yes,Month-to-month,Yes,Bank transfer (automatic),99.29,1604.37,No
CUST-05544,Male,1,Yes,No,20,Yes,No,No,No internet service,No internet service,One year,Yes,Electronic check,47.3,896.3,No
CUST-05545,Female,0,Yes,Yes,71,Yes,No,Fiber optic,Yes,Yes,Month-to-month,No,Bank transfer (automatic),82.64,5806.93,No
CUST-05546,Female,0,No,Yes,43,Yes,Yes,Fiber optic,Yes,No,Month-to-month,Yes,Credit card (automatic),102.79,4468.85,No
CUST-05547,Female,0,Yes,No,26,Yes,Yes,Fiber optic,No,Yes,Month-to-month,Yes,Credit card (automatic),90.75,2351.79,No
CUST-05548,Female,0,Yes,No,71,Yes,Yes,DSL,Yes,No,Month-to-month,No,Bank transfer (automatic),67.95,4867.73,No
CUST-05549,Male,0,Yes,Yes,33,Yes,No,Fiber optic,No,No,Two year,Yes,Electronic check,78.46,2649.53,No
CUST-05550,Female,0,Yes,Yes,26,Yes,Yes,Fiber optic,No,Yes,One year,No,Electronic check,118.87,3086.15,No
CUST-05551,Male,0,Yes,Yes,45,Yes,Yes,No,No internet service,No internet service,Month-to-month,No,Credit card (automatic),80.2,3608.74,No
CUST-05552,Female,0,Yes,No,63,Yes,No,Fiber optic,Yes,No,One year,No,Mailed check,98.56,6262.19,No
CUST-05553,Male,0,Yes,No,67,No,No phone service,Fiber optic,Yes,Yes,Month-to-month,No,Mailed check,92.66,6181.28,No
CUST-05554,Female,1,Yes,No,52,Yes,No,No,No internet service,No internet service,Two year,Yes,Bank transfer (automatic),90.15,4745.53,No
CUST-05555,Male,0,Yes,No,68,Yes,No,Fiber optic,No,Yes,Month-to-month,No,Mailed check,91.64,6130.36,Yes
CUST-05556,Female,0,Yes,Yes,26,No,No phone service,DSL,No,Yes,Month-to-month,No,Bank transfer (automatic),65.44,1683.7,No
CUST-05557,Male,1,No,No,2,Yes,Yes,No,No internet service,No internet service,Month-to-month,Yes,Bank transfer (automatic),67.42,144.2,No
CUST-05558,Male,0,Yes,No,14,Yes,Yes,Fiber optic,Yes,Yes,Month-to-month,Yes,Mailed check,66.79,874.81,No
CUST-05559,Male,0,No,No,30,Yes,No,No,No internet service,No internet service,Two year,No,Credit card (automatic),23.33,718.38,No
CUST-05560,Female,0,Yes,Yes,49,Yes,No,Fiber optic,Yes,Yes,Month-to-month,No,Credit card (automatic),44.11,2170.0,No
CUST-05561,Female,0,Yes,No,12,Yes,No,Fiber optic,Yes,No,One year,No,Electronic check,35.46,388.91,No
CUST-05562,Male,0,Yes,Yes,44,Yes,Yes,Fiber optic,Yes,No,One year,No,Electronic check,108.64,4741.64,No
CUST-05563,Female,0,No,No,33,Yes,Yes,DSL,Yes,Yes,Month-to-month,Yes,Credit card (automatic),47.5,1523.9,No
CUST-05564,Male,0,Yes,Yes,13,Yes,Yes,No,No internet service,No internet service,One year,No,Mailed check,33.84,361.59,No
CUST-05565,Male,0,Yes,Yes,26,Yes,Yes,Fiber optic,No,No,One year,No,Credit card (automatic),31.98,911.98,No
CUST-05566,Female,0,Yes,Yes,21,Yes,No,Fiber optic,Yes,Yes,Month-to-month,Yes,Credit card (automatic),90.0,1879.48,Yes
CUST-05567,Female,1,Yes,Yes,28,Yes,No,DSL,No,Yes,Month-to-month,No,Credit card (automatic),20.61,509.43,Yes
CUST-05568,Female,0,No,No,48,Yes,No,No,No internet service,No internet service,One year,Yes,Bank transfer (automatic),67.13,3216.12,No
CUST-05569,Female,0,Yes,No,40,No,No phone service,No,No internet service,No internet service,Two year,Yes,Electronic check,31.89,1287.59,No
CUST-05570,Female,0,No,No,66,Yes,Yes,Fiber optic,No,No,Month-to-month,No,Bank transfer (automatic),104.97,6887.12,No
CUST-05571,Female,0,Yes,Yes,23,Yes,Yes,DSL,No,No,Two year,No,Electronic check,115.85,2646.32,No
CUST-05572,Male,0,Yes,Yes,48,Yes,Yes,DSL,Yes,No,Two year,Yes,Mailed check,115.88,5627.44,No
CUST-05573,Male,0,No,Yes,2,Yes,No,DSL,Yes,No,Month-to-month,No,Credit card (automatic),64.2,70.01,No
CUST-05574,Male,0,No,Yes,20,Yes,No,Fiber optic,No,Yes,Two year,No,Mailed check,84.45,1659.92,No
CUST-05575,Female,0,Yes,No,59,Yes,Yes,No,No internet service,No internet service,One year,Yes,Credit card (automatic),79.97,4617.96,No
CUST-05576,Male,0,No,No,46,Yes,Yes,Fiber optic,No,Yes,Month-to-month,Yes,Credit card (automatic),55.0,2621.16,No
CUST-05577,Female,0,Yes,Yes,3,Yes,Yes,Fiber optic,Yes,Yes,Month-to-month,No,Mailed check,64.41,226.14,No
CUST-05578,Female,0,Yes,No,55,No,No phone service,Fiber optic,No,No,Two year,Yes,Bank transfer (automatic),26.43,1451.17,No
CUST-05579,Female,0,Yes,Yes,12,Yes,Yes,DSL,No,Yes,Two year,No,Mailed check,99.57,1158.94,No
CUST-05580,Male,0,No,No,40,Yes,Yes,DSL,Yes,No,Two year,Yes,Mailed check,44.08,1724.8,No
CUST-05581,Male,1,No,No,66,Yes,Yes,Fiber optic,No,No,Month-to-month,Yes,Mailed check,66.05,4345.85,No
CUST-05582,Female,0,Yes,Yes,16,Yes,Yes,DSL,No,No,Two year,No,Bank transfer (automatic),68.06,1113.77,No
CUST-05583,Male,1,Yes,No,34,Yes,No,Fiber optic,No,Yes,Two year,No,Credit card (automatic),76.07,2533.2,No
CUST-05584,Female,0,Yes,Yes,44,Yes,No,DSL,No,No,Month-to-month,Yes,Credit card (automatic),101.79,4455.6,No
CUST-05585,Female,0,No,No,6,Yes,No,No,No internet service,No internet service,Two year,Yes,Bank transfer (automatic),89.19,578.0,No
CUST-05586,Male,0,No,Yes,64,Yes,No,No,No internet service,No internet service,Month-to-month,No,Bank transfer (automatic),86.31,5604.3,No
CUST-05587,Female,0,Yes,Yes,22,Yes,No,Fiber optic,No,No,Month-to-month,Yes,Electronic check,72.67,1625.92,Yes
CUST-05588,Female,0,Yes,Yes,18,Yes,Yes,Fiber optic,Yes,No,Month-to-month,No,Credit card (automatic),29.6,499.69,No
CUST-05589,Female,0,No,No,12,Yes,Yes,Fiber optic,Yes,Yes,Month-to-month,No,Credit card (automatic),60.2,714.65,No
CUST-05590,Female,0,No,No,52,Yes,Yes,Fiber optic,No,Yes,One year,No,Bank transfer (automatic),115.73,6038.57,No
CUST-05591,Male,0,No,Yes,51,Yes,Yes,No,No internet service,No internet service,Two year,Yes,Credit card (automatic),119.55,6082.48,No
CUST-05592,Male,0,No,Yes,71,Yes,Yes,No,No internet service,No internet service,Month-to-month,No,Credit card (automatic),93.05,6642.14,No
CUST-05593,Female,0,Yes,No,48,Yes,Yes,Fiber optic,Yes,No,One year,No,Mailed check,42.75,2015.5,No
CUST-05594,Female,1,No,Yes,19,Yes,No,DSL,No,Yes,Month-to-month,No,Electronic check,30.19,654.27,No
CUST-05595,Female,0,No,Yes,6,Yes,Yes,Fiber optic,Yes,No,Month-to-month,No,Bank transfer (automatic),61.48,364.5,No
CUST-05596,Male,0,Yes,No,27,Yes,Yes,DSL,Yes,Yes,Two year,Yes,Credit card (automatic),105.66,2821.26,No
CUST-05597,Male,0,No,Yes,53,No,No phone service,Fiber optic,Yes,No,Two year,Yes,Bank transfer (automatic),92.19,4915.65,No
CUST-05598,Male,1,No,Yes,48,Yes,No,DSL,No,Yes,Month-to-month,Yes,Bank transfer (automatic),108.39,5153.76,No
CUST-05599,Male,0,Yes,Yes,7,Yes,No,No,No internet service,No internet service,Two year,Yes,Credit card (automatic),81.58,578.46,No
CUST-05600,Male,0,Yes,No,59,No,No phone service,Fiber optic,No,No,Month-to-month,Yes,Electronic check,33.03,2018.84,Yes
CUST-05601,Female,0,Yes,No,69,Yes,Yes,DSL,No,No,Month-to-month,Yes,Mailed check,31.48,2111.29,No
CUST-05602,Male,0,Yes,Yes,11,No,No phone service,DSL,Yes,No,Month-to-month,Yes,Mailed check,24.8,332.37,Yes
CUST-05603,Male,1,No,Yes,15,Yes,No,Fiber optic,No,No,Month-to-month,No,Electronic check,76.71,1086.1,No
CUST-05604,Female,0,Yes,No,64,Yes,No,Fiber optic,No,Yes,One year,Yes,Mailed check,44.29,2875.58,No
CUST-05605,Male,0,Yes,Yes,3,Yes,No,Fiber optic,No,No,Two year,Yes,Bank transfer (automatic),93.44,232.99,No
CUST-05606,Female,0,No,Yes,69,Yes,Yes,No,No internet service,No internet service,Two year,Yes,Electronic check,88.62,6174.37,No
CUST-05607,Female,0,Yes,Yes,23,Yes,No,Fiber optic,Yes,Yes,One year,No,Mailed check,51.81,1162.83,No
CUST-05608,Male,1,Yes,No,53,Yes,No,Fiber optic,No,Yes,Month-to-month,Yes,Electronic check,37.68,1979.21,No
CUST-05609,Male,1,Yes,No,37,Yes,Yes,Fiber optic,No,No,Month-to-month,Yes,Credit card (automatic),30.24,1071.96,No
CUST-05610,Male,0,No,No,9,No,No phone service,Fiber optic,Yes,No,Month-to-month,Yes,Credit card (automatic),93.73,722.97,No
CUST-05611,Male,0,No,Yes,15,Yes,No,No,No internet service,No internet service,One year,Yes,Credit card (automatic),65.04,918.48,No
CUST-05612,Female,0,No,Yes,3,Yes,Yes,Fiber optic,Yes,No,One year,No,Bank transfer (automatic),52.35,72.82,Yes
CUST-05613,Female,0,No,No,70,Yes,Yes,Fiber optic,Yes,Yes,Month-to-month,Yes,Mailed check,105.67,7294.81,No
CUST-05614,Male,1,Yes,Yes,17,Yes,No,DSL,Yes,No,Month-to-month,Yes,Mailed check,79.36,1363.82,Yes
CUST-05615,Female,0,No,No,26,Yes,No,No,No internet service,No internet service,Month-to-month,No,Bank transfer (automatic),71.8,1943.04,No
CUST-05616,Female,0,No,Yes,21,Yes,Yes,Fiber optic,Yes,Yes,Two year,Yes,Mailed check,94.34,2071.01,No
CUST-05617,Female,0,Yes,No,21,Yes,No,Fiber optic,No,Yes,Month-to-month,Yes,Mailed check,101.56,2074.63,Yes
CUST-05618,Male,0,No,No,11,Yes,No,No,No internet service,No internet service,Two year,Yes,Mailed check,88.61,969.21,No
CUST-05619,Female,1,No,No,38,Yes,Yes,No,No internet service,No internet service,Month-to-month,Yes,Bank transfer (automatic),64.0,2490.24,No
CUST-05620,Female,0,No,Yes,35,Yes,Yes,DSL,No,Yes,One year,No,Electronic check,57.93,1961.97,No
CUST-05621,Female,0,No,Yes,14,Yes,Yes,DSL,Yes,No,Month-to-month,Yes,Electronic check,97.17,1420.56,Yes
CUST-05622,Male,0,No,No,14,Yes,Yes,No,No internet service,No internet service,Month-to-month,Yes,Mailed check,71.79,1066.06,No
CUST-05623,Female,0,Yes,Yes,10,Yes,Yes,Fiber optic,No,Yes,Two year,No,Credit card (automatic),90.44,807.09,No
CUST-05624,Female,0,Yes,No,12,Yes,No,No,No internet service,No internet service,Two year,Yes,Electronic check,109.04,1190.68,No
CUST-05625,Female,0,Yes,No,38,No,No phone service,Fiber optic,Yes,Yes,Two year,No,Credit card (automatic),111.59,4220.41,No
CUST-05626,Female,0,No,No,34,Yes,No,Fiber optic,No,Yes,Two year,Yes,Bank transfer (automatic),47.77,1671.08,No
CUST-05627,Female,0,Yes,No,41,No,No phone service,Fiber optic,Yes,No,Two year,Yes,Mailed check,38.79,1514.4,No
CUST-05628,Female,1,Yes,Yes,10,No,No phone service,DSL,No,Yes,Month-to-month,No,Bank transfer (automatic),46.13,359.38,No
CUST-05629,Female,1,No,No,17,Yes,No,No,No internet service,No internet service,One year,No,Mailed check,95.14,1620.6,No
CUST-05630,Male,0,Yes,Yes,17,No,No phone service,Fiber optic,No,No,One year,No,Mailed check,57.01,1000.81,No
CUST-05631,Male,0,Yes,No,67,Yes,Yes,Fiber optic,No,Yes,Month-to-month,Yes,Mailed check,37.34,2467.77,No
CUST-05632,Male,1,No,No,62,No,No phone service,DSL,No,No,Month-to-month,Yes,Credit card (automatic),29.84,1820.16,No
CUST-05633,Male,0,Yes,No,1,Yes,No,Fiber optic,No,No,Month-to-month,Yes,Electronic check,52.73,84.06,Yes
CUST-05634,Male,0,Yes,No,12,Yes,Yes,No,No internet service,No internet service,One year,No,Mailed check,33.61,359.82,No
CUST-05635,Male,0,No,No,4,Yes,No,No,No internet service,No internet service,One year,Yes,Bank transfer (automatic),35.64,102.82,No
CUST-05636,Female,1,No,No,42,Yes,Yes,No,No internet service,No internet service,Month-to-month,No,Mailed check,88.39,3726.24,Yes
CUST-05637,Male,0,No,No,13,Yes,No,DSL,No,Yes,One year,No,Credit card (automatic),21.97,305.06,No
CUST-05638,Male,0,No,Yes,4,Yes,Yes,DSL,No,No,Month-to-month,No,Electronic check,31.76,115.84,Yes
CUST-05639,Male,0,No,Yes,69,Yes,Yes,Fiber optic,No,Yes,Month-to-month,No,Mailed check,104.44,7280.58,No
CUST-05640,Male,0,No,Yes,19,Yes,No,No,No internet service,No internet service,Two year,No,Electronic check,104.49,2022.8,No
CUST-05641,Female,0,No,Yes,2,Yes,Yes,Fiber optic,Yes,Yes,Month-to-month,Yes,Credit card (automatic),52.92,88.29,Yes
CUST-05642,Female,1,Yes,Yes,12,Yes,Yes,DSL,Yes,Yes,One year,No,Electronic check,28.8,281.06,No
CUST-05643,Female,0,No,No,6,Yes,No,Fiber optic,Yes,No,One year,Yes,Mailed check,90.5,592.57,Yes
CUST-05644,Female,0,No,No,8,Yes,No,Fiber optic,No,Yes,Month-to-month,Yes,Credit card (automatic),56.01,499.4,Yes
CUST-05645,Male,1,Yes,Yes,51,Yes,No,DSL,No,Yes,Month-to-month,No,Electronic check,24.55,1247.1,No
CUST-05646,Female,0,No,No,11,Yes,No,DSL,No,No,Month-to-month,Yes,Mailed check,35.78,407.42,No
CUST-05647,Male,0,No,No,63,No,No phone service,DSL,Yes,Yes,Month-to-month,Yes,Credit card (automatic),33.72,2159.42,No
CUST-05648,Female,0,No,No,57,Yes,No,DSL,Yes,Yes,Month-to-month,No,Electronic check,78.91,4578.03,No
CUST-05649,Male,0,Yes,Yes,12,No,No phone service,DSL,No,Yes,Month-to-month,Yes,Mailed check,109.81,1362.08,No
CUST-05650,Male,0,Yes,Yes,2,No,No phone service,DSL,No,Yes,Month-to-month,Yes,Mailed check,99.31,220.87,Yes
CUST-05651,Female,1,Yes,Yes,8,Yes,No,Fiber optic,Yes,Yes,Month-to-month,Yes,Credit card (automatic),74.65,643.69,Yes
CUST-05652,Female,0,Yes,No,11,Yes,No,DSL,Yes,Yes,One year,No,Credit card (automatic),62.22,741.98,No
CUST-05653,Female,1,No,Yes,53,Yes,No,Fiber optic,No,Yes,One year,No,Mailed check,81.87,4352.65,No
CUST-05654,Female,0,Yes,No,10,Yes,No,DSL,Yes,Yes,Two year,No,Mailed check,64.38,689.68,No
CUST-05655,Female,0,Yes,No,8,Yes,No,DSL,Yes,No,Month-to-month,No,Credit card (automatic),44.61,323.06,No
CUST-05656,Female,0,Yes,No,36,Yes,No,No,No internet service,No internet service,Month-to-month,Yes,Credit card (automatic),87.92,3216.88,No
CUST-05657,Female,1,No,No,14,No,No phone service,No,No internet service,No internet service,One year,No,Mailed check,107.32,1469.08,Yes
CUST-05658,Male,0,Yes,No,54,Yes,No,Fiber optic,No,No,Two year,No,Credit card (automatic),57.29,3043.24,No
CUST-05659,Female,0,No,Yes,21,Yes,Yes,Fiber optic,Yes,Yes,Month-to-month,No,Bank transfer (automatic),104.15,2180.71,No
CUST-05660,Male,0,No,Yes,50,Yes,Yes,DSL,No,No,Month-to-month,Yes,Electronic check,63.11,3088.41,No
CUST-05661,Male,0,No,Yes,39,Yes,Yes,No,No internet service,No internet service,Month-to-month,No,Mailed check,60.13,2315.24,No
CUST-05662,Female,0,Yes,No,20,Yes,No,DSL,No,No,Month-to-month,No,Bank transfer (automatic),22.83,475.52,No
CUST-05663,Male,0,No,Yes,7,Yes,No,DSL,Yes,Yes,Month-to-month,Yes,Mailed check,89.53,640.61,No
CUST-05664,Female,0,No,Yes,9,Yes,Yes,Fiber optic,No,Yes,Month-to-month,Yes,Electronic check,100.75,938.73,No
CUST-05665,Male,0,Yes,No,1,Yes,No,DSL,Yes,No,One year,No,Credit card (automatic),86.36,119.11,Yes
CUST-05666,Female,1,Yes,Yes,26,Yes,Yes,Fiber optic,No,Yes,Month-to-month,No,Bank transfer (automatic),35.14,932.35,No
CUST-05667,Female,0,No,No,38,Yes,No,DSL,No,Yes,Two year,Yes,Credit card (automatic),30.33,1109.96,No
CUST-05668,Female,0,No,No,38,Yes,No,DSL,No,No,One year,Yes,Bank transfer (automatic),77.29,2983.18,No
CUST-05669,Female,0,No,No,61,Yes,No,Fiber optic,Yes,No,One year,No,Electronic check,60.15,3663.67,No
CUST-05670,Female,0,No,No,44,Yes,No,Fiber optic,Yes,Yes,One year,Yes,Mailed check,62.91,2780.05,No
CUST-05671,Male,1,No,Yes,44,Yes,Yes,DSL,No,No,Month-to-month,No,Credit card (automatic),116.78,5143.53,No
CUST-05672,Female,0,Yes,Yes,62,Yes,No,DSL,No,Yes,Month-to-month,Yes,Bank transfer (automatic),92.39,5806.91,No
CUST-05673,Female,0,No,No,6,Yes,Yes,DSL,No,Yes,Two year,Yes,Bank transfer (automatic),61.18,307.34,No
CUST-05674,Male,0,No,Yes,17,Yes,No,No,No internet service,No internet service,Two year,Yes,Bank transfer (automatic),21.91,355.31,No
CUST-05675,Female,0,Yes,Yes,51,Yes,Yes,Fiber optic,Yes,Yes,One year,Yes,Electronic check,23.41,1220.48,No
CUST-05676,Male,0,No,No,38,Yes,No,Fiber optic,No,Yes,Month-to-month,Yes,Mailed check,88.48,3363.34,No
CUST-05677,Female,0,No,No,24,Yes,No,DSL,Yes,No,Month-to-month,Yes,Mailed check,103.77,2466.25,No
CUST-05678,Male,0,No,No,51,Yes,No,Fiber optic,No,No,Month-to-month,Yes,Electronic check,90.77,4533.37,No
CUST-05679,Female,0,Yes,Yes,10,Yes,No,DSL,Yes,No,Month-to-month,No,Credit card (automatic),60.59,591.55,No
CUST-05680,Female,0,No,Yes,21,Yes,Yes,Fiber optic,No,No,Two year,No,Mailed check,23.11,503.43,No
CUST-05681,Male,0,Yes,No,70,Yes,Yes,Fiber optic,No,No,Month-to-month,No,Electronic check,116.74,8198.98,No
CUST-05682,Male,0,Yes,No,57,Yes,Yes,No,No internet service,No internet service,Month-to-month,No,Bank transfer (automatic),118.63,6753.51,No
CUST-05683,Male,0,Yes,No,39,Yes,Yes,No,No internet service,No internet service,Month-to-month,Yes,Bank transfer (automatic),74.94,2931.56,Yes
CUST-05684,Male,0,No,Yes,33,Yes,Yes,DSL,No,Yes,One year,Yes,Credit card (automatic),27.07,836.14,No
CUST-05685,Male,0,Yes,No,59,Yes,No,No,No internet service,No internet service,Two year,No,Bank transfer (automatic),74.1,4391.37,No
CUST-05686,Female,0,No,Yes,18,Yes,Yes,DSL,Yes,No,Month-to-month,Yes,Electronic check,109.23,1966.61,No
CUST-05687,Female,0,No,No,56,Yes,Yes,DSL,Yes,Yes,Two year,Yes,Electronic check,88.0,4936.26,No
CUST-05688,Male,0,Yes,Yes,57,Yes,Yes,DSL,No,No,Two year,Yes,Bank transfer (automatic),92.0,5233.03,No
CUST-05689,Male,0,No,Yes,48,Yes,No,Fiber optic,Yes,Yes,Two year,Yes,Electronic check,28.5,1378.64,No
CUST-05690,Male,1,Yes,No,42,Yes,Yes,Fiber optic,Yes,Yes,Month-to-month,No,Bank transfer (automatic),30.65,1319.03,No
CUST-05691,Female,0,Yes,Yes,27,Yes,Yes,DSL,No,Yes,Month-to-month,No,Bank transfer (automatic),32.73,896.48,No
CUST-05692,Female,0,No,Yes,52,Yes,Yes,DSL,No,Yes,One year,Yes,Credit card (automatic),110.44,5651.74,No
CUST-05693,Male,0,No,Yes,42,Yes,Yes,DSL,No,No,Month-to-month,Yes,Electronic check,72.58,3062.17,No
CUST-05694,Female,1,No,No,32,Yes,No,No,No internet service,No internet service,One year,No,Electronic check,99.16,3153.73,No
CUST-05695,Male,0,No,Yes,26,Yes,No,Fiber optic,Yes,No,Month-to-month,Yes,Bank transfer (automatic),31.53,784.37,No
CUST-05696,Female,0,No,Yes,25,Yes,Yes,DSL,No,No,Month-to-month,No,Credit card (automatic),112.76,2886.46,No
CUST-05697,Male,0,Yes,Yes,23,Yes,No,No,No internet service,No internet service,One year,Yes,Credit card (automatic),102.11,2301.9,No
CUST-05698,Male,1,No,No,57,Yes,No,DSL,No,No,Month-to-month,Yes,Bank transfer (automatic),42.48,2380.38,No
CUST-05699,Female,0,No,No,52,Yes,Yes,Fiber optic,No,Yes,Two year,Yes,Mailed check,107.42,5473.77,No
CUST-05700,Female,0,No,No,31,No,No phone service,Fiber optic,Yes,Yes,One year,Yes,Credit card (automatic),46.34,1508.57,No
CUST-05701,Male,0,Yes,Yes,64,Yes,No,DSL,No,No,Month-to-month,No,Bank transfer (automatic),40.53,2638.48,No
CUST-05702,Male,0,Yes,No,71,Yes,No,DSL,Yes,Yes,Month-to-month,Yes,Electronic check,46.42,3279.21,No
CUST-05703,Female,0,Yes,No,33,Yes,No,Fiber optic,No,No,Two year,No,Mailed check,111.0,3693.64,No
CUST-05704,Male,0,No,No,2,No,No phone service,No,No internet service,No internet service,One year,Yes,Bank transfer (automatic),111.56,111.84,No
CUST-05705,Male,1,Yes,No,18,Yes,No,Fiber optic,No,No,One year,No,Bank transfer (automatic),52.9,975.96,No
CUST-05706,Male,0,Yes,Yes,47,Yes,No,Fiber optic,No,No,Two year,Yes,Bank transfer (automatic),90.54,4212.53,No
CUST-05707,Male,0,No,No,33,Yes,No,No,No internet service,No internet service,Month-to-month,No,Electronic check,87.57,2973.5,No
CUST-05708,Male,0,No,No,35,Yes,Yes,Fiber optic,No,Yes,Month-to-month,No,Mailed check,100.66,3541.48,No
CUST-05709,Male,1,No,No,51,Yes,No,DSL,No,No,Month-to-month,Yes,Bank transfer (automatic),49.65,2538.7,Yes
CUST-05710,Female,1,Yes,No,18,Yes,No,No,No internet service,No internet service,Month-to-month,Yes,Credit card (automatic),71.01,1237.14,Yes
CUST-05711,Female,0,Yes,Yes,30,Yes,No,Fiber optic,No,No,Two year,Yes,Electronic check,86.77,2562.38,No
CUST-05712,Male,0,Yes,Yes,44,No,No phone service,DSL,Yes,Yes,Two year,No,Mailed check,22.63,1025.35,No
CUST-05713,Male,0,No,No,53,Yes,Yes,Fiber optic,Yes,No,Month-to-month,No,Credit card (automatic),57.67,3015.01,Yes
CUST-05714,Female,0,No,Yes,10,Yes,No,Fiber optic,No,No,Month-to-month,No,Bank transfer (automatic),89.59,852.43,No
CUST-05715,Male,0,Yes,Yes,52,Yes,Yes,DSL,Yes,Yes,Two year,Yes,Mailed check,45.26,2423.87,No
CUST-05716,Female,0,Yes,No,49,Yes,Yes,DSL,Yes,Yes,Two year,No,Credit card (automatic),115.77,5687.11,No
CUST-05717,Female,0,Yes,Yes,11,Yes,No,Fiber optic,Yes,Yes,Month-to-month,Yes,Credit card (automatic),23.02,198.41,Yes
CUST-05718,Male,0,No,No,66,Yes,Yes,Fiber optic,No,Yes,Two year,No,Bank transfer (automatic),115.81,7671.05,No
CUST-05719,Male,0,No,Yes,58,Yes,Yes,Fiber optic,No,Yes,Month-to-month,No,Mailed check,41.68,2403.49,No
CUST-05720,Male,0,Yes,No,36,Yes,Yes,DSL,No,Yes,Month-to-month,Yes,Electronic check,24.88,807.39,No
CUST-05721,Female,0,No,Yes,33,Yes,Yes,Fiber optic,No,No,Two year,No,Bank transfer (automatic),49.25,1600.3,No
CUST-05722,Female,1,No,Yes,47,Yes,Yes,No,No internet service,No internet service,Month-to-month,Yes,Electronic check,98.63,4583.18,No
CUST-05723,Male,0,No,No,13,Yes,Yes,Fiber optic,No,No,Month-to-month,Yes,Mailed check,95.24,1250.91,No
CUST-05724,Male,1,Yes,Yes,40,Yes,Yes,Fiber optic,Yes,No,Two year,No,Credit card (automatic),40.88,1602.42,No
CUST-05725,Male,0,Yes,No,68,Yes,No,DSL,No,Yes,Month-to-month,No,Bank transfer (automatic),39.68,2702.79,No
CUST-05726,Female,0,No,Yes,42,Yes,Yes,Fiber optic,No,Yes,One year,No,Bank transfer (automatic),84.26,3572.23,No
CUST-05727,Male,0,No,No,19,No,No phone service,No,No internet service,No internet service,Two year,No,Electronic check,65.81,1368.44,No
CUST-05728,Female,0,Yes,Yes,19,Yes,Yes,DSL,Yes,No,Two year,Yes,Credit card (automatic),99.23,1984.37,No
CUST-05729,Male,0,Yes,Yes,58,Yes,No,DSL,No,No,Month-to-month,Yes,Bank transfer (automatic),22.41,1310.94,No
CUST-05730,Male,0,Yes,Yes,23,No,No phone service,Fiber optic,Yes,No,Month-to-month,No,Credit card (automatic),81.04,1861.29,No
CUST-05731,Female,1,Yes,Yes,54,Yes,No,Fiber optic,No,No,Month-to-month,No,Bank transfer (automatic),93.07,4996.03,No
CUST-05732,Female,0,No,Yes,65,Yes,Yes,No,No internet service,No internet service,Month-to-month,No,Electronic check,119.34,7674.95,No
CUST-05733,Female,0,Yes,No,12,Yes,No,Fiber optic,No,Yes,Two year,No,Mailed check,87.88,940.24,No
CUST-05734,Female,0,Yes,No,24,Yes,Yes,No,No internet service,No internet service,Month-to-month,Yes,Electronic check,43.18,994.18,No
CUST-05735,Female,0,Yes,No,34,Yes,No,DSL,No,No,Month-to-month,Yes,Electronic check,30.82,1129.75,No
CUST-05736,Female,0,Yes,No,53,Yes,Yes,DSL,No,Yes,One year,No,Credit card (automatic),84.09,4536.92,No
CUST-05737,Male,0,Yes,Yes,8,Yes,Yes,Fiber optic,No,Yes,Month-to-month,No,Mailed check,72.32,582.14,No
CUST-05738,Female,0,No,No,18,No,No phone service,Fiber optic,No,No,Two year,Yes,Credit card (automatic),109.91,2001.64,No
CUST-05739,Male,0,No,No,57,Yes,No,DSL,No,Yes,One year,No,Bank transfer (automatic),92.66,5251.38,No
CUST-05740,Male,0,No,Yes,5,Yes,No,DSL,No,No,Month-to-month,Yes,Bank transfer (automatic),70.97,353.34,No
CUST-05741,Male,0,Yes,No,26,No,No phone service,Fiber optic,Yes,No,Month-to-month,Yes,Credit card (automatic),60.36,1530.55,Yes
CUST-05742,Female,0,Yes,Yes,30,Yes,No,No,No internet service,No internet service,Two year,Yes,Mailed check,60.44,1774.3,No
CUST-05743,Female,0,No,No,54,Yes,No,Fiber optic,No,No,Two year,No,Credit card (automatic),42.63,2332.65,No
CUST-05744,Male,1,Yes,Yes,13,No,No phone service,No,No internet service,No internet service,Two year,Yes,Bank transfer (automatic),21.73,252.23,No
CUST-05745,Male,0,Yes,Yes,29,Yes,Yes,Fiber optic,Yes,Yes,Month-to-month,No,Mailed check,77.49,2271.82,No
CUST-05746,Male,0,Yes,Yes,3,Yes,No,No,No internet service,No internet service,Two year,No,Electronic check,41.24,116.36,No
CUST-05747,Female,1,Yes,No,58,Yes,Yes,No,No internet service,No internet service,Month-to-month,No,Bank transfer (automatic),40.83,2439.03,No
CUST-05748,Male,0,Yes,Yes,2,Yes,No,No,No internet service,No internet service,One year,Yes,Bank transfer (automatic),32.54,92.7,No
CUST-05749,Female,0,Yes,No,28,Yes,Yes,DSL,No,No,Month-to-month,No,Credit card (automatic),38.96,1103.1,No
CUST-05750,Male,0,No,Yes,2,Yes,Yes,Fiber optic,Yes,Yes,One year,Yes,Credit card (automatic),23.18,0.0,No
CUST-05751,Female,1,Yes,Yes,7,Yes,No,Fiber optic,No,Yes,Month-to-month,No,Mailed check,87.42,587.41,No
CUST-05752,Female,0,No,Yes,26,Yes,Yes,DSL,Yes,Yes,Month-to-month,Yes,Mailed check,60.14,1561.13,No
CUST-05753,Male,0,Yes,Yes,16,Yes,No,No,No internet service,No internet service,Month-to-month,No,Electronic check,76.15,1221.13,Yes
CUST-05754,Female,0,Yes,Yes,23,Yes,Yes,No,No internet service,No internet service,Two year,No,Mailed check,83.7,1958.26,No
CUST-05755,Male,0,Yes,Yes,40,Yes,Yes,No,No internet service,No internet service,Month-to-month,Yes,Mailed check,117.25,4700.3,No
CUST-05756,Male,0,Yes,No,60,Yes,Yes,DSL,No,No,Two year,No,Credit card (automatic),26.83,1558.14,No
CUST-05757,Male,0,No,Yes,32,Yes,Yes,DSL,Yes,Yes,One year,No,Mailed check,61.79,2006.89,No
CUST-05758,Male,0,Yes,Yes,15,Yes,No,DSL,Yes,No,Month-to-month,Yes,Credit card (automatic),44.59,645.79,No
CUST-05759,Male,0,No,No,13,Yes,No,DSL,No,No,Month-to-month,No,Credit card (automatic),67.67,847.33,Yes
CUST-05760,Female,0,No,No,5,Yes,Yes,DSL,No,No,Two year,No,Credit card (automatic),112.05,505.11,No
CUST-05761,Male,0,No,Yes,52,Yes,No,DSL,No,Yes,Month-to-month,No,Bank transfer (automatic),92.4,4787.23,No
CUST-05762,Female,0,No,Yes,41,Yes,No,Fiber optic,No,Yes,Month-to-month,No,Credit card (automatic),86.19,3505.93,No
CUST-05763,Male,0,Yes,Yes,53,Yes,No,DSL,Yes,No,Month-to-month,No,Credit card (automatic),64.12,3456.4,No
CUST-05764,Male,0,No,Yes,50,Yes,Yes,No,No internet service,No internet service,Month-to-month,No,Credit card (automatic),87.11,4342.12,No
CUST-05765,Female,0,Yes,No,15,Yes,No,Fiber optic,Yes,Yes,Month-to-month,No,Credit card (automatic),23.24,375.21,No
CUST-05766,Male,0,No,No,7,Yes,No,Fiber optic,No,Yes,Month-to-month,No,Bank transfer (automatic),78.62,460.2,No
CUST-05767,Male,0,No,No,40,Yes,No,Fiber optic,Yes,No,One year,Yes,Bank transfer (automatic),75.38,3052.42,No
CUST-05768,Female,0,No,No,28,Yes,No,DSL,Yes,Yes,Two year,No,Bank transfer (automatic),54.66,1562.55,No
CUST-05769,Female,1,Yes,No,32,No,No phone service,No,No internet service,No internet service,Two year,No,Bank transfer (automatic),40.15,1212.01,No
CUST-05770,Male,0,No,Yes,15,Yes,Yes,DSL,Yes,No,Two year,Yes,Bank transfer (automatic),100.76,1467.81,No
CUST-05771,Male,0,Yes,No,70,Yes,No,Fiber optic,No,No,Month-to-month,Yes,Electronic check,25.39,1744.15,No
CUST-05772,Male,0,No,Yes,65,Yes,No,DSL,Yes,Yes,Month-to-month,Yes,Bank transfer (automatic),26.97,1742.92,Yes
CUST-05773,Male,0,No,No,4,Yes,No,No,No internet service,No internet service,Month-to-month,Yes,Mailed check,64.05,220.95,No
CUST-05774,Male,0,No,No,11,Yes,Yes,No,No internet service,No internet service,One year,No,Bank transfer (automatic),45.26,485.61,No
CUST-05775,Male,0,Yes,Yes,26,Yes,No,DSL,Yes,No,Two year,Yes,Mailed check,94.55,2490.98,No
CUST-05776,Male,1,Yes,Yes,61,Yes,No,No,No internet service,No internet service,One year,Yes,Mailed check,83.42,5060.71,No
CUST-05777,Male,1,Yes,Yes,37,Yes,Yes,Fiber optic,No,No,Month-to-month,Yes,Credit card (automatic),97.25,3613.11,No
CUST-05778,Male,0,No,Yes,23,Yes,Yes,Fiber optic,No,No,Two year,Yes,Electronic check,52.47,1215.59,No
CUST-05779,Female,0,No,Yes,40,Yes,No,DSL,Yes,No,Month-to-month,No,Mailed check,94.05,3614.12,No
CUST-05780,Female,0,No,Yes,23,Yes,Yes,DSL,Yes,Yes,Month-to-month,No,Mailed check,106.23,2402.9,No
CUST-05781,Male,0,No,No,16,Yes,Yes,No,No internet service,No internet service,Month-to-month,Yes,Electronic check,54.53,921.76,No
CUST-05782,Female,0,Yes,No,61,Yes,Yes,DSL,No,Yes,Month-to-month,No,Mailed check,53.99,3248.65,No
CUST-05783,Female,0,No,No,68,Yes,Yes,No,No internet service,No internet service,Month-to-month,No,Electronic check,110.0,7426.46,No
CUST-05784,Male,0,Yes,No,31,Yes,Yes,Fiber optic,No,No,One year,Yes,Mailed check,24.98,826.17,No
CUST-05785,Female,0,Yes,No,53,Yes,Yes,DSL,No,Yes,One year,No,Bank transfer (automatic),55.02,2923.73,No
CUST-05786,Female,1,Yes,No,25,Yes,Yes,Fiber optic,Yes,Yes,Month-to-month,No,Mailed check,31.87,869.61,No
CUST-05787,Female,0,No,No,44,Yes,Yes,Fiber optic,No,Yes,Month-to-month,Yes,Bank transfer (automatic),22.9,984.36,No
CUST-05788,Female,0,Yes,No,12,Yes,No,No,No internet service,No internet service,Two year,No,Electronic check,31.29,435.59,No
CUST-05789,Female,0,Yes,Yes,9,Yes,No,Fiber optic,No,Yes,Two year,Yes,Bank transfer (automatic),63.12,523.64,No
CUST-05790,Male,1,Yes,No,12,Yes,Yes,DSL,No,No,Month-to-month,No,Credit card (automatic),88.7,935.98,Yes
CUST-05791,Male,1,No,No,69,Yes,No,Fiber optic,Yes,Yes,Month-to-month,No,Bank transfer (automatic),48.93,3409.83,No
CUST-05792,Female,0,Yes,Yes,54,Yes,No,Fiber optic,Yes,Yes,Month-to-month,Yes,Mailed check,104.97,5697.04,No
CUST-05793,Female,1,Yes,Yes,54,No,No phone service,No,No internet service,No internet service,Two year,No,Bank transfer (automatic),63.76,3476.68,No
CUST-05794,Female,0,Yes,No,28,Yes,Yes,DSL,No,No,Month-to-month,Yes,Electronic check,116.82,3260.63,No
CUST-05795,Male,0,Yes,Yes,56,Yes,No,Fiber optic,No,Yes,Two year,No,Credit card (automatic),115.42,6536.87,No
CUST-05796,Female,0,Yes,Yes,69,Yes,No,Fiber optic,No,No,Month-to-month,Yes,Electronic check,97.33,6759.05,No
CUST-05797,Male,0,Yes,Yes,58,Yes,No,DSL,No,Yes,Month-to-month,No,Mailed check,113.24,6609.17,No
CUST-05798,Female,0,No,Yes,42,Yes,No,Fiber optic,Yes,Yes,Month-to-month,Yes,Mailed check,90.71,3815.9,No
CUST-05799,Female,0,Yes,No,38,Yes,Yes,No,No internet service,No internet service,Month-to-month,Yes,Electronic check,109.56,4095.93,No
CUST-05800,Male,0,No,Yes,68,No,No phone service,DSL,Yes,Yes,One year,No,Credit card (automatic),43.65,2971.58,No
CUST-05801,Male,0,No,No,53,Yes,No,Fiber optic,No,Yes,Month-to-month,No,Electronic check,54.54,2908.59,No
CUST-05802,Male,0,No,Yes,33,Yes,No,Fiber optic,Yes,Yes,One year,No,Credit card (automatic),95.29,3246.21,No
CUST-05803,Female,0,No,Yes,71,Yes,Yes,Fiber optic,Yes,Yes,Month-to-month,Yes,Mailed check,62.46,4447.96,No
CUST-05804,Female,0,Yes,Yes,56,Yes,No,DSL,Yes,No,Month-to-month,Yes,Mailed check,103.73,5756.58,No
CUST-05805,Male,0,No,Yes,51,Yes,Yes,DSL,Yes,No,Month-to-month,No,Credit card (automatic),107.76,5519.12,No
CUST-05806,Female,0,Yes,Yes,43,Yes,Yes,DSL,Yes,No,Month-to-month,Yes,Mailed check,49.97,2211.59,No
CUST-05807,Male,1,Yes,Yes,15,Yes,Yes,No,No internet service,No internet service,Month-to-month,No,Mailed check,102.35,1620.68,No
CUST-05808,Male,0,Yes,Yes,38,Yes,No,Fiber optic,No,Yes,Month-to-month,Yes,Mailed check,35.43,1340.99,No
CUST-05809,Female,0,No,Yes,15,Yes,Yes,DSL,Yes,No,Two year,Yes,Electronic check,53.42,791.32,No
CUST-05810,Female,0,Yes,Yes,5,Yes,Yes,DSL,Yes,Yes,Month-to-month,No,Mailed check,71.8,288.43,No
CUST-05811,Female,1,Yes,No,54,Yes,Yes,DSL,No,No,Two year,No,Bank transfer (automatic),42.64,2272.39,No
CUST-05812,Female,0,No,No,51,Yes,No,DSL,Yes,Yes,Two year,Yes,Electronic check,77.93,3996.07,No
CUST-05813,Female,1,Yes,No,10,Yes,No,Fiber optic,No,No,Month-to-month,Yes,Bank transfer (automatic),77.87,702.51,Yes
CUST-05814,Female,0,Yes,Yes,12,Yes,Yes,Fiber optic,Yes,Yes,One year,Yes,Mailed check,40.69,590.66,No
CUST-05815,Female,1,Yes,Yes,4,Yes,No,Fiber optic,No,Yes,One year,Yes,Credit card (automatic),99.56,380.41,No
CUST-05816,Male,0,No,Yes,18,Yes,No,DSL,Yes,Yes,One year,Yes,Credit card (automatic),83.16,1502.9,No
CUST-05817,Male,1,Yes,No,36,Yes,No,DSL,No,No,Month-to-month,Yes,Electronic check,51.78,1881.19,No
CUST-05818,Female,0,Yes,Yes,25,Yes,Yes,Fiber optic,No,No,One year,No,Mailed check,43.22,1136.96,No
CUST-05819,Male,1,Yes,No,36,Yes,No,Fiber optic,Yes,Yes,Month-to-month,No,Mailed check,107.88,3897.02,Yes
CUST-05820,Male,0,Yes,No,67,Yes,No,DSL,No,Yes,Two year,Yes,Mailed check,103.57,6885.78,No
CUST-05821,Male,0,No,Yes,9,Yes,Yes,Fiber optic,Yes,Yes,One year,No,Electronic check,42.98,407.91,No
CUST-05822,Male,0,No,No,61,Yes,Yes,DSL,No,No,Month-to-month,Yes,Electronic check,23.56,1493.51,No
CUST-05823,Female,0,No,Yes,53,No,No phone service,DSL,No,No,Month-to-month,Yes,Bank transfer (automatic),100.45,5279.12,No
CUST-05824,Male,0,Yes,No,18,Yes,No,Fiber optic,No,Yes,Month-to-month,Yes,Electronic check,81.55,1507.9,No
CUST-05825,Male,0,Yes,Yes,43,Yes,Yes,DSL,Yes,Yes,Month-to-month,Yes,Credit card (automatic),30.09,1306.58,No
CUST-05826,Female,0,Yes,Yes,35,Yes,No,No,No internet service,No internet service,Two year,No,Mailed check,78.74,2760.66,No
CUST-05827,Male,1,No,Yes,63,Yes,Yes,No,No internet service,No internet service,Month-to-month,No,Bank transfer (automatic),65.22,4076.86,No
CUST-05828,Male,0,No,Yes,4,Yes,Yes,DSL,No,Yes,Two year,Yes,Electronic check,97.46,378.73,No
CUST-05829,Female,0,Yes,Yes,41,Yes,No,No,No internet service,No internet service,Month-to-month,No,Bank transfer (automatic),40.91,1699.24,No
CUST-05830,Male,1,Yes,No,45,Yes,Yes,Fiber optic,No,Yes,One year,Yes,Mailed check,65.32,2918.19,No
CUST-05831,Female,0,Yes,Yes,50,No,No phone service,No,No internet service,No internet service,Month-to-month,Yes,Electronic check,35.62,1732.04,No
CUST-05832,Female,0,No,Yes,28,Yes,No,No,No internet service,No internet service,Two year,No,Mailed check,115.75,3189.99,No
CUST-05833,Female,1,Yes,No,42,Yes,Yes,No,No internet service,No internet service,Two year,Yes,Mailed check,97.87,4124.59,No
CUST-05834,Male,0,No,No,69,No,No phone service,DSL,Yes,No,One year,Yes,Credit card (automatic),93.67,6487.69,No
CUST-05835,Male,0,No,Yes,1,Yes,No,Fiber optic,No,Yes,Month-to-month,Yes,Bank transfer (automatic),89.02,85.64,Yes
CUST-05836,Female,1,Yes,No,39,Yes,Yes,Fiber optic,Yes,Yes,Month-to-month,No,Credit card (automatic),62.33,2521.63,No
CUST-05837,Female,1,Yes,Yes,17,Yes,No,DSL,Yes,Yes,Month-to-month,Yes,Credit card (automatic),112.33,1824.58,No
CUST-05838,Female,0,Yes,Yes,35,Yes,Yes,No,No internet service,No internet service,Month-to-month,No,Bank transfer (automatic),27.29,974.14,No
CUST-05839,Male,0,No,Yes,46,Yes,Yes,No,No internet service,No internet service,Month-to-month,No,Bank transfer (automatic),100.33,4523.14,Yes
CUST-05840,Male,0,Yes,No,42,Yes,No,No,No internet service,No internet service,Month-to-month,Yes,Bank transfer (automatic),41.52,1738.65,No
CUST-05841,Female,0,No,Yes,39,Yes,No,Fiber optic,Yes,Yes,Month-to-month,No,Bank transfer (automatic),52.4,2056.1,No
CUST-05842,Male,0,No,Yes,49,Yes,No,DSL,Yes,Yes,One year,Yes,Credit card (automatic),71.94,3516.23,No
CUST-05843,Male,0,Yes,Yes,62,Yes,No,Fiber optic,No,Yes,Month-to-month,Yes,Electronic check,98.27,5995.13,No
CUST-05844,Female,0,Yes,Yes,38,Yes,Yes,Fiber optic,No,No,Month-to-month,No,Bank transfer (automatic),103.85,3941.54,No
CUST-05845,Male,0,No,Yes,23,Yes,No,Fiber optic,No,No,Two year,No,Electronic check,78.37,1802.66,No
CUST-05846,Male,0,No,Yes,22,Yes,No,Fiber optic,No,No,Two year,No,Electronic check,60.3,1371.47,No
CUST-05847,Female,1,Yes,Yes,4,Yes,No,DSL,No,Yes,One year,No,Mailed check,114.65,387.25,No
CUST-05848,Male,1,No,No,49,Yes,Yes,Fiber optic,No,Yes,Two year,Yes,Electronic check,44.65,2259.9,No
CUST-05849,Male,0,Yes,Yes,59,Yes,Yes,Fiber optic,Yes,Yes,Month-to-month,No,Mailed check,100.31,5792.4,Yes
CUST-05850,Male,0,Yes,Yes,68,No,No phone service,Fiber optic,No,No,Month-to-month,Yes,Credit card (automatic),81.2,5456.8,Yes
CUST-05851,Female,0,Yes,Yes,71,Yes,No,Fiber optic,No,Yes,Month-to-month,No,Mailed check,57.69,4104.8,No
CUST-05852,Male,0,Yes,No,2,Yes,Yes,DSL,Yes,No,Month-to-month,Yes,Bank transfer (automatic),20.14,55.81,No
CUST-05853,Male,0,No,No,49,Yes,Yes,Fiber optic,Yes,No,Two year,Yes,Bank transfer (automatic),64.66,3243.94,No
CUST-05854,Male,0,Yes,Yes,31,Yes,No,Fiber optic,No,No,Month-to-month,Yes,Bank transfer (automatic),47.67,1487.43,Yes
CUST-05855,Male,0,Yes,Yes,40,Yes,No,No,No internet service,No internet service,Month-to-month,No,Electronic check,30.43,1212.12,No
CUST-05856,Male,0,No,No,48,No,No phone service,DSL,No,Yes,Month-to-month,Yes,Bank transfer (automatic),27.52,1343.18,No
CUST-05857,Female,0,No,Yes,51,Yes,Yes,Fiber optic,Yes,Yes,Month-to-month,No,Mailed check,54.76,2675.7,No
CUST-05858,Male,0,Yes,Yes,43,Yes,No,No,No internet service,No internet service,One year,No,Bank transfer (automatic),81.48,3453.26,No
CUST-05859,Female,0,Yes,Yes,55,Yes,No,DSL,Yes,No,Month-to-month,No,Bank transfer (automatic),103.75,5647.48,No
CUST-05860,Male,0,No,Yes,49,Yes,Yes,Fiber optic,Yes,No,Month-to-month,No,Mailed check,38.36,1927.24,No
CUST-05861,Female,0,No,No,57,Yes,Yes,Fiber optic,No,Yes,Two year,No,Electronic check,62.46,3625.22,No
CUST-05862,Female,0,Yes,Yes,15,Yes,Yes,Fiber optic,Yes,Yes,One year,No,Electronic check,59.2,981.25,No
CUST-05863,Male,0,No,No,27,Yes,Yes,Fiber optic,Yes,Yes,Month-to-month,Yes,Electronic check,71.34,1954.66,No
CUST-05864,Female,1,No,Yes,68,Yes,Yes,No,No internet service,No internet service,One year,Yes,Mailed check,100.96,6909.88,No
CUST-05865,Male,0,No,No,64,No,No phone service,DSL,No,Yes,Month-to-month,Yes,Credit card (automatic),75.36,4827.74,No
CUST-05866,Female,0,No,Yes,30,Yes,No,DSL,Yes,No,Two year,Yes,Mailed check,104.67,3115.13,No
CUST-05867,Male,1,Yes,Yes,36,Yes,Yes,DSL,No,Yes,Two year,No,Electronic check,71.86,2532.98,No
CUST-05868,Male,0,Yes,No,67,No,No phone service,Fiber optic,No,No,Month-to-month,Yes,Credit card (automatic),80.38,5327.0,Yes
CUST-05869,Male,0,Yes,Yes,49,Yes,No,Fiber optic,Yes,Yes,Month-to-month,Yes,Credit card (automatic),63.74,3054.7,No
CUST-05870,Male,0,Yes,No,55,Yes,No,DSL,Yes,Yes,Month-to-month,No,Bank transfer (automatic),102.31,5663.61,No
CUST-05871,Female,0,No,No,56,Yes,No,No,No internet service,No internet service,Month-to-month,No,Mailed check,112.38,6272.78,No
CUST-05872,Male,0,No,Yes,68,No,No phone service,Fiber optic,No,No,One year,Yes,Electronic check,83.91,5669.7,No
CUST-05873,Male,0,No,Yes,44,Yes,Yes,DSL,Yes,Yes,Month-to-month,No,Electronic check,102.08,4390.16,No
CUST-05874,Male,1,No,No,31,No,No phone service,DSL,No,No,Month-to-month,No,Electronic check,25.9,757.24,No
CUST-05875,Female,0,Yes,No,58,Yes,No,DSL,Yes,Yes,Month-to-month,No,Credit card (automatic),110.61,6401.02,No
CUST-05876,Male,1,Yes,No,53,Yes,Yes,Fiber optic,Yes,No,Month-to-month,Yes,Electronic check,38.89,1984.35,No
CUST-05877,Female,1,No,Yes,23,Yes,No,DSL,Yes,Yes,Month-to-month,No,Credit card (automatic),45.65,1182.95,No
CUST-05878,Female,1,Yes,Yes,28,No,No phone service,Fiber optic,No,Yes,One year,Yes,Bank transfer (automatic),25.33,642.22,No
CUST-05879,Male,0,Yes,Yes,16,Yes,Yes,Fiber optic,Yes,Yes,Month-to-month,No,Credit card (automatic),116.54,1922.27,Yes
CUST-05880,Female,0,No,No,37,Yes,No,No,No internet service,No internet service,Month-to-month,No,Bank transfer (automatic),105.2,3886.37,No
CUST-05881,Male,0,Yes,Yes,21,Yes,Yes,No,No internet service,No internet service,Month-to-month,Yes,Mailed check,111.32,2309.4,No
CUST-05882,Female,0,Yes,No,17,Yes,No,DSL,Yes,Yes,Two year,Yes,Mailed check,104.72,1767.77,No
CUST-05883,Male,1,No,No,37,Yes,No,Fiber optic,Yes,Yes,Month-to-month,Yes,Credit card (automatic),67.95,2514.85,Yes
CUST-05884,Male,0,No,No,19,Yes,No,DSL,Yes,No,Month-to-month,No,Electronic check,112.41,2147.12,Yes
CUST-05885,Male,0,No,Yes,30,Yes,Yes,DSL,Yes,No,Month-to-month,Yes,Bank transfer (automatic),116.95,3459.4,No
CUST-05886,Female,1,Yes,Yes,45,Yes,Yes,Fiber optic,Yes,No,Month-to-month,Yes,Mailed check,70.26,3189.67,No
CUST-05887,Female,0,No,No,18,Yes,No,Fiber optic,No,Yes,One year,No,Bank transfer (automatic),37.56,662.11,No
CUST-05888,Female,0,No,No,62,Yes,Yes,Fiber optic,No,No,Two year,No,Credit card (automatic),85.86,5256.76,No
CUST-05889,Female,0,Yes,No,36,Yes,No,No,No internet service,No internet service,One year,Yes,Mailed check,117.54,4210.05,No
CUST-05890,Male,0,Yes,No,52,Yes,Yes,No,No internet service,No internet service,Two year,Yes,Credit card (automatic),107.21,5645.9,No
CUST-05891,Male,0,No,Yes,19,No,No phone service,DSL,No,No,Month-to-month,Yes,Credit card (automatic),106.18,2028.39,No
CUST-05892,Female,0,Yes,Yes,44,Yes,No,Fiber optic,Yes,Yes,Month-to-month,Yes,Electronic check,113.38,4988.95,Yes
CUST-05893,Female,1,Yes,No,7,Yes,No,No,No internet service,No internet service,Two year,Yes,Electronic check,109.4,745.91,No
CUST-05894,Female,0,No,Yes,44,Yes,Yes,Fiber optic,No,No,Month-to-month,No,Mailed check,97.63,4279.76,No
CUST-05895,Female,0,No,Yes,68,Yes,No,Fiber optic,Yes,Yes,Month-to-month,Yes,Credit card (automatic),91.83,6255.45,Yes
CUST-05896,Male,0,Yes,Yes,34,Yes,Yes,No,No internet service,No internet service,Two year,Yes,Bank transfer (automatic),46.48,1567.05,No
CUST-05897,Male,0,No,Yes,66,Yes,Yes,DSL,No,Yes,Month-to-month,No,Bank transfer (automatic),82.13,5443.29,No
CUST-05898,Male,0,Yes,No,69,Yes,Yes,DSL,Yes,No,One year,Yes,Credit card (automatic),72.15,4994.51,No
CUST-05899,Female,0,Yes,Yes,55,Yes,Yes,Fiber optic,No,Yes,One year,No,Credit card (automatic),106.19,5780.8,No
CUST-05900,Female,0,Yes,No,10,No,No phone service,Fiber optic,No,Yes,One year,Yes,Electronic check,69.17,718.09,No
CUST-05901,Female,0,Yes,Yes,42,Yes,No,DSL,Yes,No,One year,Yes,Electronic check,32.77,1328.61,No
CUST-05902,Female,0,No,No,41,Yes,No,Fiber optic,No,Yes,One year,No,Bank transfer (automatic),20.5,790.71,No
CUST-05903,Male,0,Yes,No,69,Yes,Yes,DSL,Yes,Yes,Month-to-month,No,Bank transfer (automatic),87.79,6056.25,No
CUST-05904,Male,0,No,Yes,10,Yes,Yes,Fiber optic,No,Yes,Month-to-month,No,Credit card (automatic),74.99,762.81,No
CUST-05905,Female,0,Yes,Yes,10,Yes,No,DSL,No,No,Month-to-month,No,Electronic check,53.1,561.75,No
CUST-05906,Male,0,Yes,Yes,60,Yes,No,DSL,No,Yes,One year,Yes,Mailed check,36.9,2106.18,No
CUST-05907,Male,1,No,Yes,51,Yes,Yes,DSL,Yes,No,Month-to-month,Yes,Mailed check,66.67,3439.63,No
CUST-05908,Male,0,No,No,21,Yes,Yes,DSL,Yes,No,Two year,No,Bank transfer (automatic),30.03,651.26,No
CUST-05909,Male,0,Yes,No,8,Yes,Yes,Fiber optic,No,Yes,Month-to-month,Yes,Bank transfer (automatic),53.61,392.57,Yes
CUST-05910,Female,1,Yes,Yes,65,Yes,Yes,Fiber optic,No,Yes,Two year,No,Mailed check,57.92,3752.98,No
CUST-05911,Male,0,No,No,30,Yes,No,Fiber optic,Yes,No,One year,Yes,Electronic check,66.56,2006.7,Yes
CUST-05912,Male,1,No,No,49,Yes,No,Fiber optic,No,No,Month-to-month,Yes,Electronic check,66.66,3091.85,Yes
CUST-05913,Male,0,No,Yes,9,Yes,Yes,DSL,Yes,Yes,Month-to-month,No,Electronic check,45.7,348.75,No
CUST-05914,Male,1,Yes,Yes,17,Yes,Yes,Fiber optic,Yes,No,Two year,No,Credit card (automatic),105.02,1843.4,No
CUST-05915,Female,0,No,No,69,Yes,Yes,No,No internet service,No internet service,Month-to-month,No,Credit card (automatic),55.55,3802.83,Yes
CUST-05916,Male,0,Yes,Yes,58,Yes,Yes,DSL,No,Yes,Month-to-month,No,Mailed check,42.96,2487.38,No
CUST-05917,Male,1,No,Yes,57,Yes,No,No,No internet service,No internet service,Two year,No,Electronic check,37.58,2136.23,No
CUST-05918,Female,1,No,No,62,Yes,Yes,DSL,Yes,No,Month-to-month,No,Mailed check,52.26,3275.85,No
CUST-05919,Female,0,No,No,52,Yes,No,DSL,No,Yes,Month-to-month,No,Credit card (automatic),26.76,1371.19,No
CUST-05920,Female,1,Yes,Yes,61,Yes,Yes,DSL,Yes,No,Month-to-month,No,Credit card (automatic),23.29,1404.58,No
CUST-05921,Female,0,No,No,40,Yes,No,Fiber optic,No,Yes,One year,No,Mailed check,80.51,3229.93,No
CUST-05922,Female,0,No,No,38,Yes,Yes,DSL,No,Yes,One year,Yes,Credit card (automatic),81.91,3154.91,No
CUST-05923,Female,0,Yes,Yes,43,No,No phone service,Fiber optic,No,Yes,One year,No,Credit card (automatic),72.96,3195.43,No
CUST-05924,Male,0,No,No,63,Yes,No,No,No internet service,No internet service,Two year,No,Bank transfer (automatic),96.23,6046.54,No
CUST-05925,Male,0,Yes,Yes,19,Yes,No,Fiber optic,No,Yes,Two year,No,Mailed check,23.92,429.94,No
CUST-05926,Female,0,Yes,Yes,50,Yes,No,No,No internet service,No internet service,Month-to-month,Yes,Mailed check,113.6,5672.69,No
CUST-05927,Male,0,Yes,No,33,Yes,Yes,DSL,Yes,No,One year,No,Bank transfer (automatic),29.51,1040.58,No
CUST-05928,Male,0,No,No,13,Yes,No,No,No internet service,No internet service,Month-to-month,Yes,Credit card (automatic),87.4,1175.11,No
CUST-05929,Male,0,No,Yes,62,Yes,Yes,No,No internet service,No internet service,Month-to-month,No,Credit card (automatic),33.34,2043.09,No
CUST-05930,Male,0,Yes,No,43,Yes,Yes,DSL,No,No,One year,No,Bank transfer (automatic),107.99,4562.87,No
CUST-05931,Male,0,Yes,No,49,Yes,No,Fiber optic,Yes,No,One year,Yes,Mailed check,71.07,3537.78,No
CUST-05932,Female,1,Yes,Yes,36,Yes,No,DSL,Yes,Yes,Month-to-month,Yes,Credit card (automatic),28.23,1077.24,No
CUST-05933,Male,0,No,No,10,Yes,No,DSL,No,Yes,Two year,Yes,Bank transfer (automatic),81.67,761.15,No
CUST-05934,Male,0,Yes,No,6,Yes,Yes,Fiber optic,No,Yes,One year,Yes,Electronic check,20.91,103.2,No
CUST-05935,Female,0,Yes,No,57,Yes,Yes,Fiber optic,Yes,No,Month-to-month,Yes,Electronic check,97.6,5607.03,No
CUST-05936,Male,0,No,Yes,1,Yes,Yes,Fiber optic,No,Yes,Month-to-month,No,Mailed check,85.06,104.35,No
CUST-05937,Male,0,No,No,71,Yes,No,Fiber optic,No,No,One year,No,Bank transfer (automatic),41.26,2829.74,No
CUST-05938,Male,0,Yes,Yes,58,Yes,No,DSL,Yes,Yes,One year,Yes,Bank transfer (automatic),57.48,3277.44,No
CUST-05939,Male,0,Yes,No,21,Yes,Yes,Fiber optic,Yes,No,Two year,No,Electronic check,20.78,465.46,No
CUST-05940,Male,1,Yes,No,56,Yes,No,DSL,Yes,Yes,Month-to-month,No,Mailed check,89.37,5017.18,Yes
CUST-05941,Male,0,Yes,Yes,20,Yes,Yes,DSL,Yes,No,Month-to-month,Yes,Mailed check,52.27,1078.7,No
CUST-05942,Female,0,No,No,54,Yes,No,DSL,Yes,Yes,Two year,No,Credit card (automatic),77.16,4205.67,No
CUST-05943,Male,0,Yes,No,25,Yes,No,Fiber optic,No,Yes,Two year,Yes,Mailed check,115.67,2903.84,No
CUST-05944,Female,0,No,No,28,Yes,No,DSL,No,Yes,Month-to-month,Yes,Electronic check,49.95,1419.62,No
CUST-05945,Female,0,No,Yes,5,Yes,Yes,DSL,Yes,Yes,One year,Yes,Bank transfer (automatic),119.02,566.62,No
CUST-05946,Male,0,Yes,Yes,21,Yes,No,DSL,Yes,No,Two year,No,Mailed check,83.27,1754.38,No
CUST-05947,Male,0,No,Yes,18,Yes,Yes,Fiber optic,No,Yes,Month-to-month,No,Bank transfer (automatic),44.21,811.45,No
CUST-05948,Male,1,Yes,No,47,Yes,Yes,DSL,No,No,Two year,Yes,Electronic check,63.68,3078.26,Yes
CUST-05949,Female,0,No,Yes,70,Yes,Yes,DSL,Yes,No,Two year,No,Credit card (automatic),94.05,6542.27,No
CUST-05950,Female,0,Yes,No,57,Yes,Yes,DSL,No,No,Two year,No,Credit card (automatic),64.65,3721.24,No
CUST-05951,Female,0,No,No,19,Yes,No,Fiber optic,No,Yes,Two year,Yes,Mailed check,26.85,504.37,No
CUST-05952,Male,0,No,Yes,65,Yes,Yes,Fiber optic,No,Yes,Month-to-month,No,Bank transfer (automatic),36.86,2433.13,No
CUST-05953,Female,0,Yes,Yes,3,Yes,No,DSL,No,Yes,Month-to-month,No,Bank transfer (automatic),99.13,291.37,No
CUST-05954,Male,1,No,No,42,Yes,Yes,DSL,Yes,Yes,Month-to-month,No,Electronic check,84.84,3622.15,Yes
CUST-05955,Male,0,No,Yes,21,Yes,No,Fiber optic,No,Yes,Month-to-month,Yes,Credit card (automatic),76.98,1579.45,No
CUST-05956,Female,0,No,Yes,40,Yes,Yes,Fiber optic,No,No,Month-to-month,Yes,Electronic check,36.76,1477.51,Yes
CUST-05957,Female,0,No,No,67,Yes,No,Fiber optic,No,Yes,One year,Yes,Mailed check,103.78,6975.23,No
CUST-05958,Male,0,No,No,25,Yes,Yes,Fiber optic,Yes,Yes,Two year,Yes,Electronic check,116.07,2867.68,No
CUST-05959,Female,0,No,No,55,Yes,Yes,Fiber optic,No,Yes,Month-to-month,Yes,Bank transfer (automatic),24.09,1340.18,No
CUST-05960,Female,0,No,Yes,52,Yes,No,Fiber optic,Yes,No,Month-to-month,No,Mailed check,27.8,1495.95,No
CUST-05961,Male,0,No,No,44,No,No phone service,Fiber optic,Yes,Yes,Month-to-month,No,Mailed check,108.47,4769.32,Yes
CUST-05962,Female,0,No,Yes,56,Yes,No,No,No internet service,No internet service,Two year,Yes,Credit card (automatic),101.56,5724.88,No
CUST-05963,Female,0,Yes,No,55,Yes,No,Fiber optic,Yes,Yes,Month-to-month,No,Electronic check,81.79,4464.73,No
CUST-05964,Male,0,No,Yes,70,Yes,Yes,Fiber optic,Yes,No,Month-to-month,Yes,Electronic check,114.5,7960.18,No
CUST-05965,Male,0,No,Yes,66,Yes,No,No,No internet service,No internet service,Month-to-month,No,Mailed check,84.64,5621.01,Yes
CUST-05966,Female,0,Yes,No,19,Yes,Yes,Fiber optic,Yes,No,Month-to-month,Yes,Mailed check,41.6,762.44,Yes
CUST-05967,Female,0,No,Yes,7,Yes,No,No,No internet service,No internet service,Two year,Yes,Electronic check,92.86,566.18,No
CUST-05968,Female,1,No,Yes,63,Yes,No,No,No internet service,No internet service,Month-to-month,No,Electronic check,84.57,5289.9,No
CUST-05969,Male,0,Yes,Yes,42,Yes,Yes,Fiber optic,Yes,Yes,Month-to-month,Yes,Credit card (automatic),118.57,5047.32,No
CUST-05970,Female,0,No,No,42,No,No phone service,Fiber optic,No,No,One year,Yes,Bank transfer (automatic),41.39,1791.39,No
CUST-05971,Male,1,Yes,Yes,59,Yes,No,No,No internet service,No internet service,One year,No,Mailed check,79.79,4651.59,No
CUST-05972,Male,0,Yes,No,20,Yes,No,Fiber optic,Yes,Yes,One year,Yes,Bank transfer (automatic),98.02,1887.32,No
CUST-05973,Male,0,No,No,17,Yes,No,Fiber optic,No,Yes,Two year,No,Mailed check,53.9,895.84,No
CUST-05974,Male,0,Yes,Yes,27,No,No phone service,No,No internet service,No internet service,Two year,Yes,Electronic check,57.97,1617.21,No
CUST-05975,Female,0,Yes,Yes,47,Yes,No,Fiber optic,No,No,Month-to-month,Yes,Electronic check,108.79,5103.34,No
CUST-05976,Female,1,No,No,2,Yes,No,Fiber optic,No,Yes,Two year,No,Electronic check,60.42,111.47,No
CUST-05977,Female,1,No,No,63,No,No phone service,DSL,Yes,Yes,Two year,Yes,Bank transfer (automatic),82.47,5164.9,No
CUST-05978,Female,0,Yes,Yes,62,No,No phone service,Fiber optic,No,Yes,Two year,Yes,Bank transfer (automatic),108.92,6739.46,No
CUST-05979,Female,1,No,No,19,Yes,No,No,No internet service,No internet service,Month-to-month,No,Bank transfer (automatic),40.98,820.99,No
CUST-05980,Male,0,Yes,No,17,Yes,Yes,Fiber optic,No,Yes,One year,Yes,Bank transfer (automatic),118.19,2013.49,Yes
CUST-05981,Male,0,Yes,No,69,Yes,No,No,No internet service,No internet service,Month-to-month,No,Electronic check,90.2,6213.71,No
CUST-05982,Female,0,No,Yes,39,Yes,No,DSL,Yes,Yes,Two year,No,Bank transfer (automatic),69.61,2747.32,No
CUST-05983,Female,0,Yes,Yes,71,Yes,No,DSL,No,No,Month-to-month,No,Bank transfer (automatic),63.09,4482.97,No
CUST-05984,Female,0,No,No,39,Yes,No,Fiber optic,Yes,Yes,Two year,No,Electronic check,115.44,4549.67,No
CUST-05985,Female,0,No,Yes,36,Yes,Yes,DSL,No,Yes,One year,Yes,Credit card (automatic),40.57,1426.52,No
CUST-05986,Male,1,No,Yes,40,Yes,No,DSL,Yes,Yes,One year,No,Bank transfer (automatic),51.17,2060.4,No
CUST-05987,Female,0,No,No,45,Yes,No,DSL,Yes,Yes,Two year,Yes,Mailed check,50.78,2329.48,No
CUST-05988,Male,1,Yes,No,4,Yes,Yes,Fiber optic,Yes,No,Two year,No,Electronic check,48.9,273.27,No
CUST-05989,Male,0,No,Yes,25,Yes,No,No,No internet service,No internet service,Month-to-month,No,Credit card (automatic),66.85,1616.57,No
CUST-05990,Female,0,No,Yes,69,No,No phone service,DSL,Yes,Yes,Month-to-month,No,Bank transfer (automatic),118.92,8196.79,No
CUST-05991,Male,1,No,Yes,30,Yes,Yes,DSL,Yes,Yes,One year,Yes,Bank transfer (automatic),108.88,3200.6,No
CUST-05992,Female,1,Yes,Yes,68,Yes,Yes,No,No internet service,No internet service,Month-to-month,Yes,Bank transfer (automatic),52.79,3541.23,No
CUST-05993,Male,0,No,Yes,29,Yes,No,No,No internet service,No internet service,Month-to-month,No,Electronic check,62.29,1807.34,No
CUST-05994,Male,0,Yes,Yes,68,Yes,No,No,No internet service,No internet service,Month-to-month,No,Bank transfer (automatic),86.95,5811.25,No
CUST-05995,Male,0,Yes,Yes,51,Yes,No,DSL,No,Yes,Month-to-month,No,Credit card (automatic),21.72,1128.69,No
CUST-05996,Male,0,Yes,No,24,Yes,No,Fiber optic,Yes,No,Month-to-month,No,Credit card (automatic),102.02,2476.34,No
CUST-05997,Male,0,Yes,Yes,14,Yes,No,DSL,Yes,No,One year,Yes,Credit card (automatic),107.98,1507.9,No
CUST-05998,Female,0,No,Yes,69,Yes,Yes,Fiber optic,Yes,Yes,One year,No,Bank transfer (automatic),105.72,7252.66,No
CUST-05999,Male,0,No,Yes,18,No,No phone service,Fiber optic,Yes,Yes,Two year,No,Bank transfer (automatic),57.51,1022.98,No
CUST-06000,Female,0,Yes,Yes,42,Yes,Yes,Fiber optic,No,No,Month-to-month,No,Electronic check,66.2,2886.23,No
CUST-06001,Female,0,Yes,No,57,Yes,Yes,Fiber optic,No,Yes,Month-to-month,No,Electronic check,21.24,1184.66,Yes
CUST-06002,Male,1,No,No,12,Yes,No,No,No internet service,No internet service,Month-to-month,No,Mailed check,59.94,679.89,No
CUST-06003,Female,1,Yes,No,17,Yes,No,DSL,No,Yes,One year,Yes,Credit card (automatic),66.04,1007.07,No
CUST-06004,Male,1,Yes,Yes,30,Yes,No,DSL,No,Yes,Month-to-month,No,Bank transfer (automatic),110.7,3373.19,No
CUST-06005,Female,0,Yes,Yes,23,No,No phone service,No,No internet service,No internet service,Two year,Yes,Mailed check,109.4,2454.19,No
CUST-06006,Female,1,No,No,1,Yes,Yes,Fiber optic,No,No,Two year,No,Electronic check,116.61,121.02,No
CUST-06007,Male,0,Yes,No,32,Yes,Yes,DSL,No,No,One year,Yes,Mailed check,108.51,3577.65,No
CUST-06008,Female,0,Yes,Yes,9,Yes,No,DSL,No,Yes,Month-to-month,No,Electronic check,20.82,205.85,No
CUST-06009,Female,0,Yes,Yes,15,Yes,No,DSL,Yes,No,Month-to-month,Yes,Mailed check,84.15,1280.16,No
CUST-06010,Female,0,No,Yes,28,Yes,Yes,Fiber optic,Yes,Yes,Month-to-month,Yes,Electronic check,26.82,734.67,Yes
CUST-06011,Male,0,Yes,No,24,Yes,No,DSL,No,Yes,Month-to-month,No,Mailed check,47.26,1149.93,No
CUST-06012,Female,0,No,Yes,60,Yes,Yes,No,No internet service,No internet service,Month-to-month,Yes,Bank transfer (automatic),77.83,4673.58,Yes
CUST-06013,Female,0,No,No,35,Yes,No,Fiber optic,No,No,Month-to-month,No,Credit card (automatic),90.06,3179.12,Yes
CUST-06014,Male,0,No,No,27,Yes,No,No,No internet service,No internet service,Month-to-month,Yes,Credit card (automatic),85.46,2186.59,Yes
CUST-06015,Female,0,No,No,20,Yes,No,DSL,Yes,No,Two year,No,Credit card (automatic),24.91,517.18,No
CUST-06016,Male,0,Yes,Yes,65,Yes,Yes,DSL,No,No,Month-to-month,Yes,Mailed check,30.36,1995.07,No
CUST-06017,Female,1,Yes,Yes,49,Yes,Yes,No,No internet service,No internet service,Two year,No,Bank transfer (automatic),32.86,1737.51,No
CUST-06018,Female,0,No,No,1,Yes,No,DSL,No,No,Month-to-month,Yes,Bank transfer (automatic),29.14,28.93,No
CUST-06019,Female,0,Yes,No,10,Yes,Yes,DSL,Yes,No,Month-to-month,No,Credit card (automatic),37.82,389.28,No
CUST-06020,Male,0,Yes,No,47,Yes,Yes,Fiber optic,Yes,No,Month-to-month,No,Credit card (automatic),88.85,4195.77,No
CUST-06021,Female,0,No,Yes,59,Yes,Yes,Fiber optic,Yes,No,Two year,Yes,Credit card (automatic),103.08,6102.95,No
CUST-06022,Male,0,No,Yes,62,Yes,No,DSL,Yes,No,Month-to-month,Yes,Credit card (automatic),60.88,3712.88,Yes
CUST-06023,Male,0,Yes,Yes,18,Yes,No,Fiber optic,No,Yes,Month-to-month,Yes,Mailed check,89.28,1647.96,No
CUST-06024,Female,0,Yes,No,46,Yes,No,DSL,No,Yes,Month-to-month,No,Electronic check,40.0,1794.13,No
CUST-06025,Female,0,Yes,Yes,32,Yes,Yes,DSL,No,No,Two year,No,Credit card (automatic),117.33,3774.89,No
CUST-06026,Male,0,Yes,Yes,27,Yes,Yes,No,No internet service,No internet service,Month-to-month,No,Bank transfer (automatic),55.0,1442.04,No
CUST-06027,Female,0,No,Yes,18,Yes,Yes,DSL,Yes,Yes,Month-to-month,Yes,Mailed check,104.59,1871.5,No
CUST-06028,Female,1,No,Yes,39,Yes,Yes,No,No internet service,No internet service,Two year,No,Mailed check,114.54,4443.54,No
CUST-06029,Female,0,No,No,49,Yes,Yes,Fiber optic,Yes,Yes,Month-to-month,No,Credit card (automatic),106.47,5204.58,No
CUST-06030,Female,0,Yes,Yes,44,Yes,Yes,DSL,Yes,No,Two year,No,Bank transfer (automatic),26.71,1171.09,No
CUST-06031,Male,1,No,Yes,54,Yes,No,Fiber optic,No,No,Month-to-month,No,Electronic check,85.03,4610.24,No
CUST-06032,Female,0,Yes,No,34,Yes,No,Fiber optic,No,Yes,Month-to-month,No,Bank transfer (automatic),32.01,1083.53,No
CUST-06033,Male,0,No,No,71,Yes,No,Fiber optic,Yes,Yes,Month-to-month,No,Credit card (automatic),20.57,1504.2,No
CUST-06034,Male,0,Yes,Yes,36,Yes,No,DSL,No,Yes,Month-to-month,Yes,Credit card (automatic),25.18,879.8,No
CUST-06035,Male,0,Yes,Yes,18,Yes,Yes,DSL,No,No,Two year,No,Mailed check,111.61,2030.47,No
CUST-06036,Male,0,No,No,38,Yes,Yes,Fiber optic,No,Yes,Month-to-month,Yes,Mailed check,110.85,4170.68,No
CUST-06037,Male,0,No,No,59,Yes,Yes,No,No internet service,No internet service,Month-to-month,No,Bank transfer (automatic),42.58,2601.35,No
CUST-06038,Male,1,Yes,Yes,9,Yes,Yes,No,No internet service,No internet service,Month-to-month,No,Electronic check,74.71,694.09,No
CUST-06039,Male,1,Yes,Yes,51,Yes,No,DSL,Yes,Yes,Month-to-month,Yes,Bank transfer (automatic),115.5,5855.64,Yes
CUST-06040,Female,0,No,Yes,35,Yes,No,DSL,Yes,No,Month-to-month,Yes,Bank transfer (automatic),69.67,2525.18,No
CUST-06041,Female,0,Yes,No,5,Yes,No,No,No internet service,No internet service,Month-to-month,Yes,Bank transfer (automatic),59.36,322.72,No
CUST-06042,Male,1,Yes,No,14,Yes,No,DSL,No,Yes,Month-to-month,Yes,Electronic check,68.32,921.8,Yes
CUST-06043,Female,0,Yes,Yes,30,Yes,No,DSL,No,Yes,Month-to-month,Yes,Bank transfer (automatic),99.02,2964.04,No
CUST-06044,Female,0,No,Yes,4,Yes,Yes,No,No internet service,No internet service,Month-to-month,No,Credit card (automatic),67.73,214.02,No
CUST-06045,Female,0,Yes,No,39,Yes,Yes,Fiber optic,No,No,Month-to-month,No,Credit card (automatic),98.33,3777.96,No
CUST-06046,Female,0,Yes,No,64,Yes,No,DSL,Yes,Yes,Month-to-month,No,Bank transfer (automatic),63.17,4103.3,No
CUST-06047,Male,0,Yes,No,25,Yes,No,DSL,No,No,Two year,No,Mailed check,45.2,1085.08,No
CUST-06048,Female,0,No,No,28,Yes,Yes,DSL,No,No,Two year,Yes,Mailed check,52.65,1407.32,No
CUST-06049,Male,0,No,Yes,66,Yes,No,DSL,No,Yes,Month-to-month,No,Electronic check,27.78,1865.27,No
CUST-06050,Female,1,No,Yes,22,Yes,Yes,Fiber optic,Yes,No,Month-to-month,No,Credit card (automatic),69.74,1617.27,Yes
CUST-06051,Female,0,Yes,No,31,Yes,Yes,DSL,No,No,Month-to-month,Yes,Electronic check,34.81,1136.97,No
CUST-06052,Male,0,Yes,No,23,Yes,Yes,DSL,No,No,One year,No,Mailed check,101.15,2441.01,No
CUST-06053,Male,0,Yes,No,48,Yes,No,No,No internet service,No internet service,One year,No,Bank transfer (automatic),62.06,3099.96,No
CUST-06054,Male,0,Yes,No,20,Yes,No,No,No internet service,No internet service,One year,Yes,Electronic check,96.5,1884.98,No
CUST-06055,Female,0,Yes,Yes,38,No,No phone service,No,No internet service,No internet service,One year,Yes,Electronic check,115.45,4371.53,No
CUST-06056,Female,0,Yes,No,55,Yes,Yes,Fiber optic,Yes,No,Month-to-month,Yes,Electronic check,104.95,5693.72,Yes
CUST-06057,Female,0,No,Yes,68,Yes,Yes,Fiber optic,Yes,No,Two year,Yes,Mailed check,115.15,7772.05,No
CUST-06058,Male,0,Yes,Yes,1,Yes,Yes,DSL,No,Yes,Two year,No,Bank transfer (automatic),76.79,130.41,No
CUST-06059,Male,0,No,Yes,7,Yes,Yes,DSL,No,Yes,One year,Yes,Electronic check,36.53,269.55,No
CUST-06060,Male,1,Yes,Yes,57,Yes,Yes,DSL,No,Yes,Month-to-month,Yes,Credit card (automatic),113.54,6544.6,No
CUST-06061,Male,0,Yes,Yes,12,Yes,Yes,No,No internet service,No internet service,One year,Yes,Mailed check,106.85,1238.93,No
CUST-06062,Male,0,No,No,5,Yes,No,Fiber optic,Yes,Yes,One year,No,Mailed check,106.44,504.77,No
CUST-06063,Female,0,No,Yes,50,Yes,Yes,No,No internet service,No internet service,Two year,Yes,Mailed check,89.33,4496.18,No
CUST-06064,Male,0,Yes,No,42,Yes,Yes,DSL,No,No,One year,Yes,Electronic check,82.49,3517.41,No
CUST-06065,Male,0,Yes,No,12,Yes,No,Fiber optic,Yes,Yes,Two year,Yes,Mailed check,21.47,175.89,No
CUST-06066,Female,0,Yes,Yes,18,Yes,No,Fiber optic,Yes,Yes,Two year,Yes,Mailed check,94.81,1694.56,No
CUST-06067,Male,0,No,No,66,Yes,Yes,DSL,Yes,Yes,Month-to-month,No,Bank transfer (automatic),29.15,1943.87,No
CUST-06068,Male,0,Yes,No,17,Yes,No,Fiber optic,Yes,No,Month-to-month,No,Mailed check,45.98,820.81,No
CUST-06069,Male,0,Yes,No,68,Yes,Yes,DSL,Yes,No,Month-to-month,No,Electronic check,75.15,5159.23,No
CUST-06070,Male,0,No,Yes,71,Yes,Yes,DSL,No,No,One year,Yes,Mailed check,65.17,4623.34,No
CUST-06071,Female,0,No,Yes,62,Yes,No,Fiber optic,No,No,One year,Yes,Bank transfer (automatic),21.58,1276.19,No
CUST-06072,Male,0,Yes,Yes,41,Yes,Yes,Fiber optic,No,No,Month-to-month,Yes,Mailed check,102.4,4102.13,No
CUST-06073,Female,0,Yes,No,34,Yes,No,No,No internet service,No internet service,One year,No,Electronic check,107.88,3658.81,No
CUST-06074,Male,0,No,No,70,Yes,No,DSL,No,No,Two year,Yes,Credit card (automatic),88.19,6158.86,No
CUST-06075,Female,0,Yes,No,45,Yes,No,DSL,No,No,Month-to-month,Yes,Mailed check,74.11,3295.15,No
CUST-06076,Female,0,No,No,58,Yes,No,DSL,No,Yes,Month-to-month,No,Electronic check,116.07,6776.71,No
CUST-06077,Male,0,No,Yes,51,Yes,Yes,No,No internet service,No internet service,One year,Yes,Mailed check,32.0,1574.62,No
CUST-06078,Female,0,Yes,Yes,34,Yes,Yes,No,No internet service,No internet service,Month-to-month,No,Mailed check,93.79,3155.76,No
CUST-06079,Female,0,No,Yes,44,Yes,Yes,Fiber optic,Yes,Yes,Two year,Yes,Electronic check,32.84,1503.3,No
CUST-06080,Female,1,No,No,15,Yes,Yes,No,No internet service,No internet service,One year,No,Mailed check,58.18,833.95,No
CUST-06081,Male,0,Yes,No,70,Yes,No,DSL,Yes,Yes,Month-to-month,Yes,Electronic check,78.55,5514.66,No
CUST-06082,Female,0,No,No,50,Yes,No,DSL,No,No,Two year,No,Credit card (automatic),93.71,4685.02,No
CUST-06083,Female,0,No,No,32,Yes,No,No,No internet service,No internet service,Month-to-month,No,Mailed check,20.37,664.0,No
CUST-06084,Female,0,Yes,Yes,67,Yes,No,No,No internet service,No internet service,Month-to-month,No,Credit card (automatic),46.06,3130.1,No
CUST-06085,Male,1,Yes,No,3,Yes,Yes,DSL,No,Yes,Month-to-month,Yes,Electronic check,73.82,237.72,No
CUST-06086,Male,0,No,Yes,51,Yes,No,DSL,No,Yes,Month-to-month,No,Mailed check,73.29,3668.46,No
CUST-06087,Female,0,Yes,Yes,67,Yes,No,No,No internet service,No internet service,Month-to-month,No,Mailed check,83.76,5551.05,No
CUST-06088,Female,0,No,No,48,Yes,No,DSL,Yes,Yes,Month-to-month,Yes,Mailed check,50.39,2433.46,No
CUST-06089,Male,0,No,Yes,17,Yes,No,No,No internet service,No internet service,Two year,No,Bank transfer (automatic),74.05,1212.88,No
CUST-06090,Female,0,No,Yes,7,Yes,No,Fiber optic,No,No,Two year,No,Mailed check,38.98,320.62,No
CUST-06091,Male,0,Yes,No,13,Yes,Yes,Fiber optic,Yes,No,One year,No,Bank transfer (automatic),38.69,518.43,No
CUST-06092,Female,0,No,Yes,66,Yes,Yes,Fiber optic,Yes,No,One year,Yes,Credit card (automatic),77.66,5039.77,No
CUST-06093,Female,1,No,No,4,No,No phone service,Fiber optic,No,No,Month-to-month,No,Electronic check,88.55,448.65,Yes
CUST-06094,Male,1,Yes,No,10,Yes,No,DSL,Yes,Yes,One year,Yes,Bank transfer (automatic),32.04,302.09,No
CUST-06095,Male,0,Yes,Yes,17,Yes,No,DSL,Yes,No,Month-to-month,Yes,Mailed check,32.28,538.3,No
CUST-06096,Female,0,Yes,No,52,Yes,No,Fiber optic,No,Yes,Month-to-month,No,Mailed check,76.53,4000.69,No
CUST-06097,Male,1,Yes,Yes,6,Yes,No,Fiber optic,No,Yes,Month-to-month,Yes,Bank transfer (automatic),47.01,277.73,No
CUST-06098,Female,0,No,Yes,69,Yes,Yes,Fiber optic,Yes,No,Two year,Yes,Bank transfer (automatic),59.24,4135.64,No
CUST-06099,Female,0,Yes,Yes,9,No,No phone service,DSL,No,No,Two year,Yes,Bank transfer (automatic),60.07,489.73,No
CUST-06100,Male,1,Yes,Yes,21,Yes,No,Fiber optic,No,No,Month-to-month,Yes,Credit card (automatic),37.86,852.41,No
CUST-06101,Female,0,No,Yes,24,No,No phone service,DSL,No,No,Month-to-month,No,Mailed check,20.13,517.17,No
CUST-06102,Female,1,No,Yes,4,Yes,Yes,DSL,No,Yes,Two year,Yes,Electronic check,105.32,382.56,No
CUST-06103,Male,0,Yes,No,24,Yes,Yes,No,No internet service,No internet service,One year,No,Bank transfer (automatic),91.5,2208.58,No
CUST-06104,Female,0,Yes,Yes,59,Yes,Yes,Fiber optic,Yes,Yes,One year,No,Electronic check,89.05,5314.56,No
CUST-06105,Female,0,Yes,Yes,3,Yes,No,Fiber optic,Yes,No,Month-to-month,Yes,Bank transfer (automatic),74.65,250.03,No
CUST-06106,Female,0,Yes,No,68,Yes,No,Fiber optic,Yes,No,Month-to-month,Yes,Bank transfer (automatic),90.1,6134.17,Yes
CUST-06107,Female,0,No,No,40,Yes,No,Fiber optic,No,Yes,Month-to-month,No,Credit card (automatic),113.57,4573.92,No
CUST-06108,Male,0,Yes,Yes,48,Yes,Yes,No,No internet service,No internet service,Month-to-month,No,Bank transfer (automatic),86.57,4190.69,No
CUST-06109,Female,0,No,No,54,Yes,No,Fiber optic,Yes,No,Two year,Yes,Electronic check,46.51,2486.25,No
CUST-06110,Female,0,No,Yes,35,Yes,No,DSL,Yes,Yes,Two year,No,Mailed check,77.06,2704.94,No
CUST-06111,Female,0,Yes,No,56,Yes,Yes,DSL,No,No,Month-to-month,Yes,Mailed check,64.23,3639.31,Yes
CUST-06112,Female,0,No,No,40,Yes,Yes,DSL,No,No,Month-to-month,No,Credit card (automatic),75.64,3032.25,No
CUST-06113,Male,0,Yes,No,68,Yes,Yes,DSL,Yes,No,Month-to-month,Yes,Mailed check,71.76,4843.81,No
CUST-06114,Male,0,Yes,Yes,46,Yes,No,Fiber optic,No,No,Two year,Yes,Mailed check,105.88,4884.49,No
CUST-06115,Male,0,Yes,No,13,Yes,No,DSL,No,Yes,Month-to-month,No,Bank transfer (automatic),85.18,1087.82,No
CUST-06116,Female,0,Yes,No,27,Yes,Yes,DSL,No,No,Two year,No,Credit card (automatic),38.88,1078.87,No
CUST-06117,Female,0,No,Yes,6,Yes,No,DSL,No,Yes,Two year,Yes,Electronic check,26.3,229.14,No
CUST-06118,Male,1,Yes,Yes,17,Yes,No,No,No internet service,No internet service,Two year,Yes,Bank transfer (automatic),62.44,1095.34,No
CUST-06119,Male,0,No,No,36,No,No phone service,DSL,Yes,Yes,Month-to-month,No,Credit card (automatic),21.56,734.98,No
CUST-06120,Female,0,Yes,No,2,No,No phone service,Fiber optic,Yes,Yes,Two year,No,Credit card (automatic),51.83,118.74,No
CUST-06121,Male,0,No,No,52,Yes,Yes,DSL,Yes,Yes,One year,No,Mailed check,56.8,2824.61,No
CUST-06122,Female,0,No,Yes,66,Yes,Yes,DSL,No,No,Two year,No,Mailed check,57.56,3793.98,No
CUST-06123,Female,0,Yes,Yes,52,Yes,Yes,No,No internet service,No internet service,One year,Yes,Credit card (automatic),117.94,6179.89,No
CUST-06124,Female,0,Yes,No,43,Yes,No,DSL,No,Yes,Month-to-month,Yes,Bank transfer (automatic),50.39,2186.88,No
CUST-06125,Female,0,No,Yes,22,Yes,No,Fiber optic,Yes,Yes,Two year,Yes,Bank transfer (automatic),46.52,1028.94,No
CUST-06126,Female,1,No,No,55,Yes,Yes,Fiber optic,Yes,Yes,Two year,No,Mailed check,32.94,1918.19,No
CUST-06127,Female,1,No,No,67,No,No phone service,Fiber optic,No,No,One year,Yes,Bank transfer (automatic),71.1,4678.46,No
CUST-06128,Female,0,Yes,Yes,60,Yes,No,Fiber optic,No,Yes,Month-to-month,No,Mailed check,35.37,2048.16,No
CUST-06129,Female,0,Yes,Yes,58,Yes,No,Fiber optic,Yes,No,Month-to-month,No,Electronic check,81.63,4758.64,No
CUST-06130,Male,0,Yes,Yes,12,Yes,Yes,Fiber optic,Yes,Yes,Two year,No,Electronic check,35.52,471.14,No
CUST-06131,Male,0,Yes,Yes,69,Yes,No,No,No internet service,No internet service,Month-to-month,No,Credit card (automatic),77.67,5406.17,No
CUST-06132,Male,0,No,No,39,Yes,Yes,Fiber optic,No,Yes,Month-to-month,Yes,Bank transfer (automatic),102.63,3973.93,Yes
CUST-06133,Male,0,No,No,13,Yes,No,Fiber optic,Yes,Yes,Month-to-month,No,Electronic check,24.25,273.04,No
CUST-06134,Female,0,No,Yes,41,Yes,Yes,Fiber optic,No,No,Month-to-month,Yes,Mailed check,61.97,2491.2,No
CUST-06135,Male,0,No,No,57,Yes,No,Fiber optic,Yes,No,Two year,No,Mailed check,66.1,3783.81,No
CUST-06136,Male,1,No,Yes,53,Yes,Yes,Fiber optic,Yes,No,Month-to-month,No,Credit card (automatic),99.11,5203.67,Yes
CUST-06137,Female,1,Yes,Yes,12,Yes,Yes,Fiber optic,Yes,No,Two year,Yes,Electronic check,66.79,857.21,No
CUST-06138,Male,0,Yes,No,13,Yes,No,DSL,Yes,Yes,Month-to-month,Yes,Mailed check,76.75,996.66,No
CUST-06139,Male,0,No,Yes,57,Yes,Yes,No,No internet service,No internet service,Two year,Yes,Credit card (automatic),99.12,5614.65,No
CUST-06140,Male,0,Yes,No,40,Yes,No,Fiber optic,No,Yes,One year,Yes,Electronic check,75.98,3004.22,No
CUST-06141,Male,0,Yes,Yes,45,No,No phone service,DSL,No,No,Month-to-month,No,Bank transfer (automatic),55.83,2435.75,No
CUST-06142,Female,1,Yes,No,35,Yes,Yes,DSL,Yes,Yes,Two year,No,Mailed check,28.58,960.59,No
CUST-06143,Male,0,Yes,Yes,3,Yes,Yes,No,No internet service,No internet service,One year,Yes,Credit card (automatic),92.99,251.33,No
CUST-06144,Male,0,Yes,No,5,No,No phone service,Fiber optic,No,No,Two year,No,Electronic check,107.11,555.95,No
CUST-06145,Male,0,No,Yes,11,Yes,Yes,DSL,No,Yes,Month-to-month,Yes,Credit card (automatic),117.01,1282.15,No
CUST-06146,Male,1,No,Yes,71,Yes,Yes,Fiber optic,No,Yes,Month-to-month,Yes,Bank transfer (automatic),112.66,7955.87,No
CUST-06147,Female,0,Yes,Yes,56,Yes,No,Fiber optic,No,No,Two year,No,Bank transfer (automatic),99.74,5524.18,No
CUST-06148,Female,0,No,No,10,No,No phone service,DSL,Yes,Yes,Month-to-month,No,Electronic check,84.35,831.65,No
CUST-06149,Male,1,No,Yes,34,Yes,No,Fiber optic,No,No,Two year,No,Bank transfer (automatic),98.15,3234.45,No
CUST-06150,Female,0,Yes,Yes,67,Yes,No,Fiber optic,No,No,Two year,No,Bank transfer (automatic),63.21,4219.18,No
CUST-06151,Female,0,Yes,Yes,31,Yes,No,Fiber optic,Yes,Yes,Month-to-month,No,Electronic check,79.48,2519.66,No
CUST-06152,Female,0,Yes,Yes,71,Yes,No,Fiber optic,No,No,Month-to-month,Yes,Credit card (automatic),54.87,3885.75,Yes
CUST-06153,Female,1,Yes,Yes,66,Yes,No,Fiber optic,Yes,No,One year,No,Credit card (automatic),52.67,3484.19,No
CUST-06154,Male,1,No,No,70,Yes,No,DSL,No,Yes,Month-to-month,Yes,Bank transfer (automatic),95.67,6698.8,No
CUST-06155,Female,0,Yes,No,41,Yes,Yes,DSL,No,Yes,Month-to-month,No,Mailed check,65.39,2611.73,No
CUST-06156,Male,0,Yes,No,63,Yes,No,Fiber optic,No,Yes,Month-to-month,No,Mailed check,41.22,2684.73,No
CUST-06157,Male,0,No,Yes,32,Yes,Yes,No,No internet service,No internet service,Month-to-month,No,Electronic check,40.19,1265.7,No
CUST-06158,Male,0,Yes,No,20,Yes,Yes,Fiber optic,Yes,No,Two year,Yes,Bank transfer (automatic),105.92,2118.23,No
CUST-06159,Male,0,No,Yes,57,Yes,Yes,DSL,No,No,Month-to-month,Yes,Electronic check,87.78,4970.68,No
CUST-06160,Male,0,No,No,50,Yes,Yes,DSL,No,No,Month-to-month,Yes,Bank transfer (automatic),74.6,3786.9,No
CUST-06161,Male,0,Yes,No,25,Yes,Yes,No,No internet service,No internet service,Month-to-month,Yes,Bank transfer (automatic),60.09,1429.32,Yes
CUST-06162,Male,1,No,No,12,Yes,No,Fiber optic,Yes,No,Two year,Yes,Electronic check,63.08,822.07,No
CUST-06163,Male,0,Yes,Yes,71,Yes,Yes,Fiber optic,No,No,Month-to-month,Yes,Mailed check,25.74,1812.33,No
CUST-06164,Male,0,No,Yes,39,Yes,Yes,Fiber optic,No,Yes,Month-to-month,No,Bank transfer (automatic),65.49,2527.43,No
CUST-06165,Male,0,Yes,Yes,17,Yes,No,DSL,Yes,Yes,Two year,No,Credit card (automatic),99.55,1660.96,No
CUST-06166,Female,0,Yes,No,45,Yes,No,DSL,No,No,Month-to-month,No,Bank transfer (automatic),58.8,2736.43,Yes
CUST-06167,Female,0,No,Yes,11,No,No phone service,No,No internet service,No internet service,Month-to-month,No,Mailed check,58.36,561.72,Yes
CUST-06168,Female,0,Yes,Yes,70,Yes,No,DSL,Yes,Yes,Two year,No,Credit card (automatic),21.57,1483.16,No
CUST-06169,Male,0,No,No,23,Yes,No,No,No internet service,No internet service,One year,Yes,Credit card (automatic),65.78,1448.4,Yes
CUST-06170,Male,1,No,No,70,Yes,Yes,Fiber optic,No,No,One year,Yes,Credit card (automatic),22.53,1486.47,No
CUST-06171,Male,0,Yes,Yes,38,Yes,Yes,Fiber optic,No,Yes,Month-to-month,No,Mailed check,77.03,2992.4,No
CUST-06172,Male,0,No,No,2,Yes,Yes,Fiber optic,Yes,No,Month-to-month,Yes,Credit card (automatic),70.68,140.0,Yes
CUST-06173,Male,0,Yes,Yes,37,Yes,Yes,No,No internet service,No internet service,Month-to-month,Yes,Bank transfer (automatic),104.0,3789.96,No
CUST-06174,Female,0,No,No,49,Yes,No,DSL,Yes,No,One year,Yes,Bank transfer (automatic),78.18,3872.27,No
CUST-06175,Female,0,Yes,Yes,52,No,No phone service,Fiber optic,Yes,Yes,Month-to-month,Yes,Bank transfer (automatic),52.34,2701.65,No
CUST-06176,Male,0,No,Yes,33,Yes,Yes,DSL,Yes,Yes,One year,No,Mailed check,71.62,2331.13,No
CUST-06177,Male,1,No,No,22,Yes,Yes,Fiber optic,No,No,Month-to-month,No,Bank transfer (automatic),89.97,2008.11,No
CUST-06178,Female,0,No,No,5,Yes,Yes,No,No internet service,No internet service,One year,Yes,Bank transfer (automatic),29.4,125.89,No
CUST-06179,Female,1,No,Yes,18,Yes,Yes,DSL,Yes,Yes,One year,No,Bank transfer (automatic),82.11,1429.84,No
CUST-06180,Female,1,No,No,38,Yes,Yes,Fiber optic,No,Yes,Two year,Yes,Mailed check,111.66,4277.85,No
CUST-06181,Male,0,Yes,Yes,37,Yes,Yes,Fiber optic,Yes,No,Two year,No,Credit card (automatic),49.91,1839.6,No
CUST-06182,Male,0,Yes,No,64,Yes,No,No,No internet service,No internet service,One year,No,Bank transfer (automatic),82.66,5327.56,No
CUST-06183,Male,0,No,Yes,10,Yes,Yes,DSL,Yes,No,One year,No,Mailed check,102.13,1001.16,No
CUST-06184,Male,1,Yes,No,42,Yes,No,Fiber optic,Yes,No,Month-to-month,No,Credit card (automatic),71.18,3040.51,Yes
CUST-06185,Female,0,Yes,Yes,48,Yes,Yes,No,No internet service,No internet service,Two year,No,Credit card (automatic),91.8,4407.1,No
CUST-06186,Female,0,Yes,No,44,Yes,No,Fiber optic,No,No,One year,Yes,Electronic check,51.1,2301.37,No
CUST-06187,Male,0,No,Yes,16,Yes,Yes,No,No internet service,No internet service,Month-to-month,No,Bank transfer (automatic),50.61,861.09,No
CUST-06188,Female,0,Yes,Yes,54,No,No phone service,No,No internet service,No internet service,Two year,No,Credit card (automatic),86.76,4746.85,No
CUST-06189,Male,0,Yes,No,35,Yes,No,Fiber optic,No,Yes,One year,Yes,Electronic check,90.54,3172.31,No
CUST-06190,Female,0,No,No,28,No,No phone service,Fiber optic,No,No,One year,No,Credit card (automatic),113.7,3202.74,No
CUST-06191,Male,0,No,Yes,2,No,No phone service,DSL,Yes,Yes,Month-to-month,No,Mailed check,42.48,73.42,No
CUST-06192,Female,0,No,Yes,13,Yes,Yes,Fiber optic,Yes,Yes,Two year,Yes,Bank transfer (automatic),66.82,823.77,No
CUST-06193,Female,0,No,No,41,Yes,Yes,DSL,Yes,No,Two year,Yes,Credit card (automatic),45.05,1947.21,No
CUST-06194,Female,0,No,No,59,Yes,Yes,DSL,No,Yes,Month-to-month,Yes,Mailed check,28.01,1614.98,No
CUST-06195,Male,0,Yes,Yes,69,Yes,No,DSL,No,No,One year,Yes,Mailed check,60.32,4207.32,No
CUST-06196,Female,0,Yes,Yes,53,Yes,Yes,DSL,Yes,No,Month-to-month,Yes,Bank transfer (automatic),57.41,3079.02,No
CUST-06197,Male,0,Yes,Yes,45,Yes,No,Fiber optic,No,Yes,Two year,Yes,Credit card (automatic),47.04,2125.85,No
CUST-06198,Male,0,No,No,20,Yes,No,DSL,No,No,One year,Yes,Bank transfer (automatic),49.7,986.25,No
CUST-06199,Female,0,Yes,No,24,Yes,Yes,No,No internet service,No internet service,Two year,Yes,Mailed check,56.04,1337.71,No
CUST-06200,Male,1,No,Yes,61,Yes,Yes,No,No internet service,No internet service,Month-to-month,No,Electronic check,118.88,7218.83,No
CUST-06201,Male,0,Yes,No,58,No,No phone service,Fiber optic,Yes,Yes,Month-to-month,Yes,Credit card (automatic),98.3,5706.12,Yes
CUST-06202,Male,0,Yes,Yes,27,Yes,Yes,Fiber optic,No,Yes,Two year,No,Credit card (automatic),27.14,673.71,No
CUST-06203,Male,1,No,Yes,26,Yes,No,Fiber optic,Yes,No,Month-to-month,Yes,Bank transfer (automatic),107.24,2825.6,No
CUST-06204,Female,0,Yes,No,7,Yes,No,Fiber optic,No,No,Month-to-month,No,Credit card (automatic),83.33,571.88,No
CUST-06205,Male,0,Yes,No,42,Yes,No,DSL,No,No,Two year,No,Mailed check,109.06,4532.42,No
CUST-06206,Female,0,No,No,47,Yes,No,Fiber optic,No,No,Month-to-month,No,Credit card (automatic),54.17,2482.17,No
CUST-06207,Male,0,Yes,Yes,53,Yes,Yes,Fiber optic,No,Yes,Month-to-month,No,Bank transfer (automatic),66.45,3515.25,No
CUST-06208,Male,0,Yes,No,59,No,No phone service,DSL,Yes,Yes,Month-to-month,No,Bank transfer (automatic),109.62,6462.72,Yes
CUST-06209,Male,0,Yes,No,38,Yes,Yes,DSL,Yes,Yes,One year,No,Mailed check,47.26,1769.98,No
CUST-06210,Male,1,No,No,69,Yes,No,Fiber optic,Yes,No,Month-to-month,Yes,Mailed check,111.55,7722.07,No
CUST-06211,Male,1,No,Yes,53,Yes,No,No,No internet service,No internet service,Two year,Yes,Electronic check,102.85,5468.47,No
CUST-06212,Male,0,Yes,Yes,15,Yes,No,No,No internet service,No internet service,Month-to-month,Yes,Bank transfer (automatic),118.06,1773.74,No
CUST-06213,Male,1,Yes,Yes,26,No,No phone service,Fiber optic,No,No,Two year,No,Electronic check,52.43,1316.88,No
CUST-06214,Male,0,No,No,48,Yes,Yes,Fiber optic,Yes,No,One year,Yes,Electronic check,43.58,2054.84,No
CUST-06215,Male,0,No,Yes,19,Yes,Yes,Fiber optic,Yes,Yes,One year,Yes,Credit card (automatic),53.09,938.88,No
CUST-06216,Female,0,No,Yes,9,Yes,No,Fiber optic,No,No,Month-to-month,Yes,Electronic check,115.46,1029.57,No
CUST-06217,Female,0,Yes,Yes,64,Yes,Yes,DSL,Yes,Yes,Month-to-month,Yes,Electronic check,53.31,3439.88,No
CUST-06218,Male,0,Yes,No,54,Yes,No,Fiber optic,Yes,No,One year,No,Electronic check,76.52,4071.53,No
CUST-06219,Male,0,No,Yes,51,Yes,No,DSL,No,Yes,Two year,No,Electronic check,60.37,3050.81,No
CUST-06220,Male,0,No,Yes,39,Yes,No,Fiber optic,Yes,No,Month-to-month,No,Electronic check,59.62,2322.54,No
CUST-06221,Female,0,Yes,Yes,4,Yes,Yes,No,No internet service,No internet service,Two year,No,Mailed check,39.34,185.32,No
CUST-06222,Female,1,No,No,3,Yes,No,No,No internet service,No internet service,Month-to-month,Yes,Electronic check,73.71,147.29,Yes
CUST-06223,Female,0,Yes,Yes,64,Yes,Yes,Fiber optic,Yes,Yes,Month-to-month,Yes,Mailed check,104.94,6827.15,No
CUST-06224,Male,0,No,Yes,29,Yes,No,DSL,No,No,Month-to-month,No,Mailed check,24.95,761.18,No
CUST-06225,Male,1,No,Yes,11,Yes,Yes,Fiber optic,No,No,Two year,No,Credit card (automatic),108.92,1168.17,No
CUST-06226,Female,0,Yes,No,58,Yes,No,Fiber optic,Yes,Yes,One year,Yes,Mailed check,86.55,4966.38,No
CUST-06227,Male,0,No,No,27,Yes,No,No,No internet service,No internet service,Month-to-month,Yes,Mailed check,81.67,2219.27,No
CUST-06228,Male,0,No,Yes,21,Yes,Yes,No,No internet service,No internet service,Two year,Yes,Mailed check,82.59,1757.99,No
CUST-06229,Female,1,Yes,Yes,39,Yes,No,DSL,Yes,Yes,One year,Yes,Bank transfer (automatic),49.63,1886.06,No
CUST-06230,Male,0,Yes,Yes,46,Yes,No,DSL,Yes,Yes,Two year,No,Mailed check,61.51,2773.75,No
CUST-06231,Female,0,Yes,No,66,Yes,No,No,No internet service,No internet service,Two year,Yes,Bank transfer (automatic),99.93,6550.71,No
CUST-06232,Female,0,Yes,No,36,Yes,No,No,No internet service,No internet service,One year,No,Bank transfer (automatic),50.64,1826.27,Yes
CUST-06233,Male,0,Yes,No,65,Yes,No,DSL,No,Yes,Two year,No,Credit card (automatic),67.0,4358.86,No
CUST-06234,Female,0,No,No,63,Yes,Yes,Fiber optic,No,Yes,Month-to-month,Yes,Mailed check,21.96,1491.7,No
CUST-06235,Male,0,No,Yes,35,Yes,Yes,DSL,No,No,Two year,Yes,Mailed check,93.36,3159.35,No
CUST-06236,Female,0,Yes,Yes,31,Yes,Yes,DSL,No,No,Two year,No,Mailed check,61.77,1881.29,No
CUST-06237,Male,0,Yes,No,28,Yes,No,No,No internet service,No internet service,Month-to-month,Yes,Credit card (automatic),72.54,2004.66,Yes
CUST-06238,Male,0,No,No,1,No,No phone service,Fiber optic,No,Yes,Two year,No,Bank transfer (automatic),31.47,55.79,No
CUST-06239,Male,0,Yes,No,25,Yes,No,DSL,Yes,Yes,Month-to-month,No,Bank transfer (automatic),119.17,3005.58,No
CUST-06240,Male,0,Yes,Yes,43,Yes,No,DSL,Yes,Yes,Month-to-month,Yes,Credit card (automatic),50.25,2150.77,No
CUST-06241,Female,0,Yes,No,67,Yes,Yes,No,No internet service,No internet service,Two year,No,Electronic check,83.5,5670.04,No
CUST-06242,Female,0,No,No,63,Yes,No,Fiber optic,Yes,Yes,Month-to-month,Yes,Mailed check,78.12,4865.75,No
CUST-06243,Male,0,Yes,No,51,Yes,Yes,No,No internet service,No internet service,Month-to-month,Yes,Electronic check,98.51,4989.21,No
CUST-06244,Male,0,No,No,2,Yes,Yes,Fiber optic,No,Yes,Month-to-month,Yes,Bank transfer (automatic),49.38,32.98,No
CUST-06245,Male,0,No,No,64,Yes,No,Fiber optic,No,No,One year,Yes,Bank transfer (automatic),95.59,6110.43,No
CUST-06246,Female,0,Yes,Yes,69,Yes,Yes,Fiber optic,No,Yes,Two year,Yes,Bank transfer (automatic),58.25,4002.66,No
CUST-06247,Female,1,Yes,No,9,Yes,Yes,No,No internet service,No internet service,Month-to-month,No,Electronic check,61.12,589.39,No
CUST-06248,Male,0,Yes,No,2,Yes,No,DSL,Yes,No,Two year,Yes,Electronic check,87.27,267.21,No
CUST-06249,Female,0,No,Yes,34,Yes,Yes,Fiber optic,Yes,Yes,Month-to-month,No,Mailed check,98.43,3421.15,Yes
CUST-06250,Male,0,Yes,No,60,Yes,Yes,Fiber optic,No,No,Two year,No,Electronic check,86.69,5140.26,No
CUST-06251,Female,1,No,No,61,Yes,No,No,No internet service,No internet service,Two year,No,Credit card (automatic),109.99,6712.06,No
CUST-06252,Male,1,No,No,31,Yes,Yes,Fiber optic,No,No,Month-to-month,No,Credit card (automatic),48.52,1542.84,No
CUST-06253,Male,0,No,Yes,10,Yes,No,Fiber optic,No,No,Two year,No,Mailed check,110.06,1134.02,No
CUST-06254,Male,0,Yes,No,36,No,No phone service,DSL,Yes,No,Month-to-month,No,Mailed check,33.09,1306.96,No
CUST-06255,Female,0,No,Yes,49,Yes,Yes,Fiber optic,Yes,No,Two year,Yes,Electronic check,85.95,4200.56,No
CUST-06256,Male,0,No,Yes,70,Yes,No,Fiber optic,Yes,No,Month-to-month,No,Electronic check,74.76,5237.1,No
CUST-06257,Female,0,Yes,No,49,Yes,No,No,No internet service,No internet service,Two year,No,Mailed check,69.46,3515.58,No
CUST-06258,Female,0,Yes,Yes,3,Yes,Yes,DSL,Yes,No,Month-to-month,Yes,Electronic check,51.09,174.27,Yes
CUST-06259,Male,1,Yes,No,5,No,No phone service,No,No internet service,No internet service,Month-to-month,No,Mailed check,70.37,322.0,No
CUST-06260,Male,0,No,Yes,61,Yes,No,DSL,Yes,No,Month-to-month,Yes,Bank transfer (automatic),36.18,2158.24,No
CUST-06261,Male,1,No,Yes,26,Yes,Yes,DSL,Yes,No,Month-to-month,No,Bank transfer (automatic),56.93,1490.63,No
CUST-06262,Female,0,Yes,Yes,5,Yes,Yes,DSL,Yes,Yes,One year,No,Mailed check,29.87,202.68,No
CUST-06263,Female,0,No,No,15,Yes,No,No,No internet service,No internet service,Month-to-month,No,Bank transfer (automatic),77.18,1210.39,Yes
CUST-06264,Female,0,No,No,16,Yes,No,Fiber optic,Yes,No,Month-to-month,Yes,Electronic check,29.58,429.67,No
CUST-06265,Female,0,Yes,Yes,1,Yes,Yes,DSL,Yes,Yes,Two year,Yes,Credit card (automatic),36.03,41.19,No
CUST-06266,Female,0,No,No,16,Yes,No,DSL,No,No,Month-to-month,No,Mailed check,28.55,434.26,No
CUST-06267,Female,0,No,Yes,37,Yes,Yes,No,No internet service,No internet service,Month-to-month,No,Mailed check,58.13,2143.41,No
CUST-06268,Female,0,Yes,No,3,Yes,No,No,No internet service,No internet service,One year,Yes,Bank transfer (automatic),104.2,357.88,No
CUST-06269,Male,0,Yes,Yes,52,Yes,No,Fiber optic,Yes,Yes,Month-to-month,Yes,Mailed check,110.69,5753.38,Yes
CUST-06270,Male,0,No,No,47,Yes,No,DSL,No,No,Month-to-month,No,Bank transfer (automatic),27.19,1310.55,No
CUST-06271,Male,1,No,Yes,13,Yes,No,No,No internet service,No internet service,One year,No,Mailed check,83.46,1119.1,No
CUST-06272,Female,1,Yes,No,55,Yes,No,No,No internet service,No internet service,Month-to-month,Yes,Electronic check,88.44,4833.65,No
CUST-06273,Male,0,Yes,No,21,Yes,No,No,No internet service,No internet service,One year,No,Bank transfer (automatic),73.38,1602.43,No
CUST-06274,Female,1,Yes,No,66,Yes,Yes,No,No internet service,No internet service,Two year,No,Credit card (automatic),86.7,5667.44,No
CUST-06275,Female,0,Yes,No,54,Yes,No,Fiber optic,Yes,Yes,Month-to-month,Yes,Electronic check,43.37,2278.81,No
CUST-06276,Female,0,Yes,No,27,Yes,No,No,No internet service,No internet service,Two year,Yes,Mailed check,68.96,1838.04,No
CUST-06277,Female,0,Yes,Yes,38,Yes,No,No,No internet service,No internet service,Month-to-month,No,Bank transfer (automatic),59.09,2196.67,No
CUST-06278,Male,0,Yes,Yes,58,Yes,Yes,No,No internet service,No internet service,Month-to-month,Yes,Electronic check,28.97,1710.53,No
CUST-06279,Female,0,Yes,No,62,No,No phone service,Fiber optic,No,No,One year,No,Mailed check,82.56,5246.89,No
CUST-06280,Male,0,No,No,46,Yes,Yes,Fiber optic,Yes,Yes,Month-to-month,Yes,Bank transfer (automatic),69.52,3254.32,Yes
CUST-06281,Female,0,Yes,Yes,11,Yes,No,Fiber optic,Yes,Yes,Month-to-month,No,Electronic check,47.52,481.87,No
CUST-06282,Male,0,Yes,No,8,Yes,Yes,No,No internet service,No internet service,Month-to-month,No,Bank transfer (automatic),67.37,489.06,Yes
CUST-06283,Female,0,Yes,No,71,Yes,No,DSL,Yes,No,Month-to-month,Yes,Mailed check,97.53,6973.5,No
CUST-06284,Female,0,No,No,64,No,No phone service,DSL,No,Yes,Month-to-month,No,Electronic check,100.17,6351.69,No
CUST-06285,Male,0,No,No,21,Yes,No,Fiber optic,No,No,One year,Yes,Mailed check,84.95,1734.71,No
CUST-06286,Male,0,Yes,Yes,63,Yes,No,Fiber optic,No,No,Month-to-month,No,Electronic check,66.77,4224.96,No
CUST-06287,Male,1,Yes,No,64,Yes,No,DSL,Yes,Yes,Two year,Yes,Mailed check,77.57,4937.39,No
CUST-06288,Female,0,No,Yes,20,Yes,No,Fiber optic,Yes,Yes,Month-to-month,Yes,Mailed check,58.5,1175.97,Yes
CUST-06289,Female,0,Yes,Yes,8,No,No phone service,DSL,No,No,Month-to-month,Yes,Bank transfer (automatic),32.66,244.75,No
CUST-06290,Female,1,No,Yes,58,Yes,No,No,No internet service,No internet service,Two year,Yes,Bank transfer (automatic),58.56,3395.09,No
CUST-06291,Male,1,Yes,Yes,46,Yes,No,DSL,Yes,Yes,One year,Yes,Electronic check,73.03,3403.1,No
CUST-06292,Male,0,Yes,No,31,Yes,Yes,No,No internet service,No internet service,Month-to-month,Yes,Electronic check,79.88,2507.36,Yes
CUST-06293,Male,0,No,Yes,9,Yes,Yes,Fiber optic,No,No,Month-to-month,Yes,Mailed check,113.58,1068.07,No
CUST-06294,Female,0,No,No,15,No,No phone service,No,No internet service,No internet service,Two year,Yes,Bank transfer (automatic),97.73,1497.91,No
CUST-06295,Female,0,No,No,26,Yes,Yes,No,No internet service,No internet service,One year,Yes,Mailed check,35.2,950.62,No
CUST-06296,Male,0,No,Yes,10,Yes,Yes,No,No internet service,No internet service,Month-to-month,Yes,Mailed check,37.42,374.09,No
CUST-06297,Female,0,No,Yes,29,Yes,Yes,Fiber optic,Yes,No,Two year,Yes,Electronic check,30.05,798.73,No
CUST-06298,Female,0,No,No,36,Yes,Yes,DSL,No,Yes,Two year,Yes,Credit card (automatic),93.82,3372.15,No
CUST-06299,Female,0,No,No,37,Yes,Yes,DSL,No,No,Two year,Yes,Mailed check,90.61,3368.37,No
CUST-06300,Male,0,No,Yes,71,Yes,Yes,Fiber optic,Yes,Yes,Two year,Yes,Mailed check,118.64,8427.15,No
CUST-06301,Male,1,No,Yes,23,Yes,Yes,Fiber optic,No,Yes,Month-to-month,No,Bank transfer (automatic),72.2,1681.6,No
CUST-06302,Male,0,Yes,No,41,Yes,No,Fiber optic,No,No,Month-to-month,No,Credit card (automatic),102.64,4311.29,No
CUST-06303,Female,0,Yes,Yes,28,Yes,No,Fiber optic,Yes,Yes,Month-to-month,No,Credit card (automatic),77.64,2148.84,No
CUST-06304,Male,0,Yes,Yes,48,Yes,No,Fiber optic,Yes,Yes,Month-to-month,No,Mailed check,107.41,5135.44,Yes
CUST-06305,Male,0,Yes,No,38,Yes,Yes,Fiber optic,No,No,Two year,Yes,Mailed check,92.1,3560.23,No
CUST-06306,Female,0,Yes,No,31,Yes,No,DSL,Yes,No,Two year,No,Credit card (automatic),84.29,2619.22,No
CUST-06307,Female,0,No,No,14,Yes,No,Fiber optic,No,No,Two year,No,Mailed check,76.51,1093.87,No
CUST-06308,Female,0,Yes,No,29,Yes,No,Fiber optic,No,Yes,One year,Yes,Credit card (automatic),92.3,2647.11,No
CUST-06309,Female,0,Yes,No,51,Yes,No,Fiber optic,Yes,Yes,One year,Yes,Electronic check,61.97,3123.85,No
CUST-06310,Male,0,Yes,No,49,Yes,Yes,Fiber optic,No,Yes,One year,Yes,Bank transfer (automatic),29.66,1392.99,No
CUST-06311,Female,0,No,Yes,43,No,No phone service,DSL,No,Yes,Two year,No,Electronic check,24.0,1040.62,No
CUST-06312,Female,0,No,No,5,Yes,Yes,Fiber optic,Yes,Yes,Month-to-month,No,Electronic check,67.9,290.57,No
CUST-06313,Female,0,No,No,42,Yes,Yes,Fiber optic,No,Yes,Month-to-month,No,Bank transfer (automatic),79.93,3301.99,No
CUST-06314,Female,0,Yes,No,7,Yes,Yes,No,No internet service,No internet service,Month-to-month,No,Electronic check,27.88,228.21,No
CUST-06315,Female,0,Yes,Yes,42,Yes,Yes,Fiber optic,No,No,Two year,Yes,Mailed check,48.69,2013.24,No
CUST-06316,Female,1,Yes,Yes,36,No,No phone service,DSL,Yes,Yes,Month-to-month,No,Electronic check,52.2,1819.19,Yes
CUST-06317,Male,0,Yes,No,27,Yes,No,Fiber optic,No,No,One year,No,Electronic check,76.28,1994.39,No
CUST-06318,Male,0,Yes,No,58,Yes,Yes,Fiber optic,No,No,Two year,No,Mailed check,47.85,2820.89,No
CUST-06319,Male,0,Yes,Yes,46,Yes,No,Fiber optic,Yes,No,Two year,No,Mailed check,29.56,1354.43,No
CUST-06320,Male,1,No,Yes,66,Yes,No,Fiber optic,Yes,Yes,Month-to-month,No,Electronic check,36.49,2388.37,Yes
CUST-06321,Female,0,No,No,25,Yes,Yes,DSL,No,Yes,One year,Yes,Electronic check,37.39,943.32,No
CUST-06322,Female,0,No,Yes,27,Yes,No,DSL,Yes,Yes,Month-to-month,Yes,Mailed check,104.27,2819.1,No
CUST-06323,Female,1,No,Yes,1,Yes,Yes,Fiber optic,Yes,No,One year,Yes,Bank transfer (automatic),48.43,21.96,No
CUST-06324,Male,1,Yes,Yes,42,Yes,No,No,No internet service,No internet service,One year,No,Mailed check,91.47,3825.06,No
CUST-06325,Female,0,Yes,No,52,Yes,Yes,DSL,Yes,Yes,Two year,No,Bank transfer (automatic),76.78,4029.1,No
CUST-06326,Female,0,Yes,Yes,25,Yes,Yes,Fiber optic,No,No,Month-to-month,Yes,Mailed check,117.7,2983.74,No
CUST-06327,Female,0,Yes,Yes,54,Yes,Yes,No,No internet service,No internet service,Month-to-month,No,Mailed check,47.28,2511.21,No
CUST-06328,Female,0,Yes,No,67,Yes,No,Fiber optic,No,Yes,One year,Yes,Bank transfer (automatic),35.84,2465.26,No
CUST-06329,Male,0,Yes,Yes,6,Yes,No,Fiber optic,Yes,No,Month-to-month,Yes,Bank transfer (automatic),25.2,251.65,No
CUST-06330,Female,0,Yes,Yes,58,Yes,No,DSL,Yes,No,One year,No,Bank transfer (automatic),44.1,2543.23,No
CUST-06331,Female,0,Yes,Yes,70,Yes,No,Fiber optic,Yes,No,Two year,No,Electronic check,88.41,6172.93,No
CUST-06332,Female,0,No,No,53,No,No phone service,DSL,No,Yes,Month-to-month,Yes,Bank transfer (automatic),28.53,1467.18,No
CUST-06333,Male,0,Yes,No,66,Yes,Yes,No,No internet service,No internet service,Month-to-month,Yes,Mailed check,44.47,2901.59,No
CUST-06334,Female,1,No,No,58,Yes,No,Fiber optic,No,No,One year,No,Mailed check,105.53,6136.91,No
CUST-06335,Female,1,Yes,Yes,2,Yes,No,No,No internet service,No internet service,Month-to-month,No,Credit card (automatic),78.3,272.45,No
CUST-06336,Female,0,Yes,Yes,22,No,No phone service,No,No internet service,No internet service,Two year,Yes,Mailed check,26.95,629.32,No
CUST-06337,Female,0,No,Yes,37,Yes,Yes,Fiber optic,Yes,Yes,Month-to-month,No,Credit card (automatic),24.77,899.88,No
CUST-06338,Female,0,Yes,No,20,Yes,No,DSL,Yes,No,Two year,Yes,Electronic check,26.11,500.96,No
CUST-06339,Female,0,Yes,No,24,Yes,Yes,Fiber optic,Yes,Yes,Two year,Yes,Bank transfer (automatic),114.19,2707.37,No
CUST-06340,Female,0,No,Yes,65,Yes,No,No,No internet service,No internet service,Two year,No,Bank transfer (automatic),104.99,6877.34,No
CUST-06341,Male,0,Yes,No,65,Yes,No,DSL,Yes,No,Month-to-month,Yes,Credit card (automatic),104.49,6779.69,No
CUST-06342,Male,0,No,No,1,Yes,No,No,No internet service,No internet service,Two year,No,Electronic check,112.42,135.13,No
CUST-06343,Female,0,Yes,Yes,3,No,No phone service,No,No internet service,No internet service,Two year,Yes,Credit card (automatic),70.53,199.75,No
CUST-06344,Female,0,Yes,Yes,46,Yes,Yes,Fiber optic,Yes,Yes,One year,No,Bank transfer (automatic),44.73,2163.48,No
CUST-06345,Male,0,No,No,55,Yes,Yes,Fiber optic,Yes,No,Two year,No,Mailed check,60.13,3280.44,No
CUST-06346,Male,0,Yes,No,64,Yes,Yes,Fiber optic,Yes,No,Month-to-month,No,Bank transfer (automatic),91.89,5845.79,No
CUST-06347,Male,0,No,No,45,Yes,Yes,Fiber optic,Yes,Yes,Two year,No,Electronic check,107.6,4817.91,No
CUST-06348,Male,0,Yes,Yes,26,Yes,Yes,DSL,Yes,No,Month-to-month,Yes,Electronic check,63.51,1672.46,No
CUST-06349,Female,0,Yes,No,65,Yes,No,DSL,No,Yes,Month-to-month,Yes,Credit card (automatic),73.54,4851.83,No
CUST-06350,Female,1,No,Yes,24,Yes,No,DSL,Yes,No,One year,No,Bank transfer (automatic),113.18,2737.63,No
CUST-06351,Female,0,Yes,No,35,Yes,No,DSL,Yes,No,Month-to-month,Yes,Electronic check,30.75,1111.58,Yes
CUST-06352,Female,0,No,No,24,Yes,Yes,DSL,No,Yes,Month-to-month,Yes,Bank transfer (automatic),106.23,2577.9,Yes
CUST-06353,Female,0,Yes,Yes,28,No,No phone service,No,No internet service,No internet service,Month-to-month,Yes,Bank transfer (automatic),35.93,922.79,No
CUST-06354,Male,0,No,Yes,16,Yes,No,Fiber optic,Yes,Yes,Month-to-month,No,Credit card (automatic),68.39,1093.43,No
CUST-06355,Male,0,No,No,59,Yes,Yes,DSL,Yes,Yes,Month-to-month,Yes,Mailed check,41.84,2452.71,No
CUST-06356,Male,0,No,No,54,Yes,No,Fiber optic,No,Yes,Two year,No,Bank transfer (automatic),80.29,4328.6,No
CUST-06357,Male,1,No,Yes,16,Yes,No,Fiber optic,Yes,Yes,One year,No,Bank transfer (automatic),75.86,1172.62,No
CUST-06358,Male,0,Yes,No,15,Yes,No,DSL,Yes,No,Month-to-month,No,Mailed check,58.0,913.42,No
CUST-06359,Female,0,No,Yes,11,No,No phone service,No,No internet service,No internet service,Month-to-month,Yes,Credit card (automatic),106.33,1172.05,No
CUST-06360,Male,0,Yes,Yes,65,No,No phone service,DSL,No,No,Month-to-month,Yes,Mailed check,85.98,5590.82,No
CUST-06361,Male,0,Yes,No,68,Yes,Yes,DSL,Yes,No,Month-to-month,No,Bank transfer (automatic),92.12,6256.8,No
CUST-06362,Female,0,Yes,Yes,43,Yes,Yes,DSL,No,Yes,Month-to-month,No,Credit card (automatic),35.07,1476.54,No
CUST-06363,Female,0,No,Yes,69,Yes,No,No,No internet service,No internet service,One year,No,Mailed check,108.32,7384.98,No
CUST-06364,Female,0,No,No,13,Yes,No,No,No internet service,No internet service,Month-to-month,Yes,Credit card (automatic),36.7,490.68,No
CUST-06365,Female,0,Yes,No,10,Yes,No,No,No internet service,No internet service,Month-to-month,Yes,Electronic check,42.28,428.48,Yes
CUST-06366,Female,0,Yes,No,41,Yes,Yes,No,No internet service,No internet service,Month-to-month,Yes,Credit card (automatic),32.81,1371.92,No
CUST-06367,Male,0,Yes,No,50,No,No phone service,DSL,Yes,No,Month-to-month,Yes,Bank transfer (automatic),64.04,3205.62,No
CUST-06368,Female,1,No,No,71,Yes,Yes,Fiber optic,Yes,No,Month-to-month,No,Electronic check,108.77,7668.71,No
CUST-06369,Female,0,No,No,59,Yes,No,Fiber optic,Yes,No,Month-to-month,No,Bank transfer (automatic),45.24,2629.42,No
CUST-06370,Male,0,No,No,39,Yes,Yes,No,No internet service,No internet service,Month-to-month,No,Credit card (automatic),57.38,2304.79,No
CUST-06371,Male,0,Yes,No,3,Yes,Yes,Fiber optic,No,No,Month-to-month,Yes,Mailed check,104.61,329.78,No
CUST-06372,Female,0,No,No,7,Yes,Yes,No,No internet service,No internet service,Two year,No,Credit card (automatic),81.78,612.62,No
CUST-06373,Female,0,No,Yes,49,Yes,No,Fiber optic,No,No,One year,Yes,Credit card (automatic),95.16,4708.79,No
CUST-06374,Male,0,No,No,26,Yes,No,Fiber optic,Yes,No,Month-to-month,Yes,Mailed check,41.4,1027.21,No
CUST-06375,Female,0,No,Yes,33,Yes,No,Fiber optic,No,Yes,Month-to-month,No,Credit card (automatic),91.65,3007.42,No
CUST-06376,Female,0,Yes,No,48,Yes,No,No,No internet service,No internet service,Two year,No,Mailed check,42.76,2086.53,No
CUST-06377,Female,0,Yes,No,2,Yes,Yes,No,No internet service,No internet service,Month-to-month,No,Bank transfer (automatic),118.73,196.68,No
CUST-06378,Female,0,Yes,Yes,71,Yes,No,Fiber optic,Yes,No,Month-to-month,No,Electronic check,75.99,5374.88,Yes
CUST-06379,Female,0,Yes,Yes,32,Yes,Yes,DSL,Yes,Yes,Month-to-month,No,Bank transfer (automatic),89.56,2839.95,No
CUST-06380,Male,0,No,Yes,4,Yes,No,Fiber optic,No,No,Month-to-month,Yes,Electronic check,31.84,90.45,No
CUST-06381,Male,1,Yes,Yes,20,Yes,No,Fiber optic,Yes,Yes,Two year,No,Mailed check,45.07,894.89,Yes
CUST-06382,Female,0,Yes,No,36,Yes,No,Fiber optic,Yes,No,Month-to-month,No,Electronic check,33.97,1198.63,No
CUST-06383,Female,0,Yes,No,32,Yes,Yes,Fiber optic,No,No,Two year,Yes,Bank transfer (automatic),59.02,1868.71,No
CUST-06384,Male,0,Yes,No,28,Yes,No,DSL,No,Yes,Month-to-month,Yes,Credit card (automatic),48.41,1368.9,No
CUST-06385,Male,0,Yes,No,1,Yes,No,Fiber optic,Yes,No,Month-to-month,No,Credit card (automatic),93.29,143.19,Yes
CUST-06386,Male,0,No,No,60,Yes,Yes,No,No internet service,No internet service,Month-to-month,Yes,Bank transfer (automatic),30.87,1890.43,No
CUST-06387,Female,0,Yes,No,56,Yes,Yes,DSL,Yes,No,One year,No,Mailed check,95.21,5340.58,No
CUST-06388,Male,0,No,Yes,35,Yes,No,No,No internet service,No internet service,One year,No,Bank transfer (automatic),24.57,941.92,No
CUST-06389,Female,1,No,No,30,Yes,Yes,DSL,Yes,Yes,One year,No,Credit card (automatic),40.2,1238.95,No
CUST-06390,Female,0,No,Yes,54,Yes,No,DSL,No,No,Month-to-month,Yes,Electronic check,99.2,5397.03,No
CUST-06391,Female,0,Yes,No,36,No,No phone service,DSL,No,No,Month-to-month,Yes,Electronic check,94.28,3385.93,No
CUST-06392,Female,0,Yes,No,55,Yes,Yes,Fiber optic,No,No,Month-to-month,No,Mailed check,67.63,3700.32,No
CUST-06393,Female,0,No,Yes,58,Yes,No,DSL,Yes,No,Two year,Yes,Mailed check,25.0,1468.8,No
CUST-06394,Male,0,Yes,No,65,Yes,Yes,No,No internet service,No internet service,Two year,No,Electronic check,80.99,5309.66,No
CUST-06395,Male,1,No,No,69,Yes,No,Fiber optic,No,Yes,Month-to-month,No,Credit card (automatic),60.67,4194.95,No
CUST-06396,Male,1,No,Yes,51,Yes,No,Fiber optic,No,No,Month-to-month,No,Electronic check,51.65,2602.49,No
CUST-06397,Male,0,Yes,Yes,22,Yes,No,No,No internet service,No internet service,Month-to-month,No,Bank transfer (automatic),84.04,1784.7,No
CUST-06398,Female,1,Yes,No,53,Yes,No,DSL,No,Yes,Month-to-month,Yes,Electronic check,63.66,3294.9,No
CUST-06399,Male,0,No,Yes,36,Yes,Yes,DSL,No,Yes,Two year,Yes,Bank transfer (automatic),29.24,1054.77,No
CUST-06400,Male,0,Yes,Yes,68,Yes,Yes,DSL,No,No,Two year,No,Bank transfer (automatic),111.6,7629.6,No
CUST-06401,Male,0,No,Yes,36,Yes,No,Fiber optic,No,Yes,Month-to-month,Yes,Credit card (automatic),97.85,3407.45,Yes
CUST-06402,Male,0,No,No,52,Yes,Yes,DSL,No,Yes,Month-to-month,Yes,Bank transfer (automatic),25.64,1302.91,No
CUST-06403,Male,0,Yes,Yes,53,Yes,Yes,Fiber optic,Yes,Yes,One year,Yes,Bank transfer (automatic),72.51,3804.5,No
CUST-06404,Male,0,No,No,50,Yes,No,DSL,Yes,No,Month-to-month,Yes,Mailed check,28.34,1435.96,No
CUST-06405,Female,0,Yes,Yes,41,Yes,No,Fiber optic,No,No,Month-to-month,No,Bank transfer (automatic),103.73,4219.59,No
CUST-06406,Female,0,Yes,Yes,18,Yes,No,No,No internet service,No internet service,Month-to-month,Yes,Bank transfer (automatic),81.3,1401.88,No
CUST-06407,Male,1,No,Yes,22,Yes,Yes,Fiber optic,Yes,No,Month-to-month,No,Bank transfer (automatic),37.24,788.83,Yes
CUST-06408,Female,0,Yes,Yes,66,Yes,No,Fiber optic,No,Yes,Month-to-month,Yes,Bank transfer (automatic),22.07,1418.34,No
CUST-06409,Female,0,No,No,21,Yes,No,Fiber optic,No,Yes,Month-to-month,Yes,Credit card (automatic),23.16,487.01,No
CUST-06410,Female,0,Yes,No,44,Yes,No,Fiber optic,No,Yes,Month-to-month,Yes,Electronic check,70.74,3101.82,No
CUST-06411,Female,0,No,No,47,Yes,Yes,Fiber optic,Yes,Yes,Month-to-month,No,Electronic check,93.44,4413.8,No
CUST-06412,Female,0,No,Yes,39,Yes,Yes,No,No internet service,No internet service,Month-to-month,No,Electronic check,32.08,1250.81,No
CUST-06413,Male,0,No,Yes,29,Yes,Yes,DSL,Yes,No,Month-to-month,No,Bank transfer (automatic),42.13,1272.52,Yes
CUST-06414,Female,0,Yes,Yes,54,Yes,No,DSL,Yes,Yes,One year,No,Mailed check,52.73,2825.02,No
CUST-06415,Female,0,No,No,17,Yes,Yes,DSL,No,Yes,Month-to-month,No,Mailed check,41.81,741.78,Yes
CUST-06416,Male,0,No,Yes,60,Yes,Yes,DSL,Yes,No,One year,No,Bank transfer (automatic),59.13,3563.69,No
CUST-06417,Female,0,No,Yes,31,Yes,No,DSL,Yes,Yes,Month-to-month,No,Credit card (automatic),75.96,2339.99,No
CUST-06418,Female,0,Yes,No,49,Yes,No,DSL,Yes,Yes,Two year,Yes,Mailed check,88.49,4370.41,No
CUST-06419,Male,1,No,Yes,2,Yes,Yes,Fiber optic,Yes,Yes,Month-to-month,Yes,Credit card (automatic),116.38,192.65,No
CUST-06420,Female,0,No,No,48,Yes,Yes,DSL,Yes,Yes,Two year,Yes,Electronic check,113.08,5489.83,No
CUST-06421,Male,0,No,No,14,Yes,Yes,DSL,No,Yes,Month-to-month,No,Electronic check,77.01,1039.32,No
CUST-06422,Female,0,Yes,No,59,Yes,Yes,Fiber optic,No,No,Month-to-month,No,Mailed check,93.42,5444.75,No
CUST-06423,Female,0,No,Yes,58,Yes,No,DSL,No,No,Month-to-month,Yes,Mailed check,115.09,6604.28,No
CUST-06424,Male,0,Yes,Yes,58,Yes,No,No,No internet service,No internet service,Month-to-month,No,Bank transfer (automatic),28.35,1648.85,No
CUST-06425,Female,0,Yes,Yes,51,Yes,Yes,Fiber optic,Yes,Yes,Month-to-month,No,Credit card (automatic),20.56,1020.35,No
CUST-06426,Male,0,Yes,No,2,Yes,No,DSL,Yes,No,Month-to-month,Yes,Electronic check,22.98,55.02,No
CUST-06427,Female,0,Yes,Yes,41,No,No phone service,DSL,No,Yes,Month-to-month,Yes,Mailed check,76.33,3074.4,No
CUST-06428,Female,0,Yes,No,16,No,No phone service,Fiber optic,Yes,Yes,Month-to-month,Yes,Credit card (automatic),96.28,1564.83,Yes
CUST-06429,Female,0,No,No,4,Yes,Yes,DSL,Yes,No,Two year,Yes,Mailed check,56.71,236.04,No
CUST-06430,Female,1,No,Yes,12,Yes,Yes,DSL,Yes,Yes,Month-to-month,No,Bank transfer (automatic),74.52,871.37,No
CUST-06431,Male,0,Yes,Yes,29,Yes,No,Fiber optic,No,No,Two year,No,Credit card (automatic),71.64,2108.8,No
CUST-06432,Female,0,Yes,No,7,Yes,Yes,Fiber optic,No,No,Month-to-month,Yes,Electronic check,29.48,235.11,No
CUST-06433,Female,0,No,No,14,Yes,Yes,DSL,Yes,Yes,Month-to-month,Yes,Mailed check,52.16,734.84,No
CUST-06434,Male,0,No,Yes,12,Yes,No,DSL,Yes,No,Month-to-month,Yes,Credit card (automatic),21.94,307.64,Yes
CUST-06435,Male,0,No,Yes,5,Yes,Yes,No,No internet service,No internet service,Two year,No,Bank transfer (automatic),31.07,210.87,No
CUST-06436,Male,0,Yes,No,32,Yes,No,No,No internet service,No internet service,Two year,No,Credit card (automatic),101.19,3198.65,No
CUST-06437,Female,0,No,No,43,Yes,Yes,Fiber optic,Yes,Yes,Month-to-month,No,Bank transfer (automatic),102.94,4483.04,Yes
CUST-06438,Male,0,No,Yes,69,Yes,No,Fiber optic,Yes,Yes,Month-to-month,Yes,Mailed check,100.19,6868.16,No
CUST-06439,Male,0,Yes,No,45,Yes,No,Fiber optic,Yes,No,Month-to-month,Yes,Bank transfer (automatic),92.68,4209.18,Yes
CUST-06440,Male,0,Yes,Yes,9,No,No phone service,DSL,No,No,One year,Yes,Electronic check,99.33,941.33,No
CUST-06441,Male,0,No,Yes,49,Yes,Yes,Fiber optic,Yes,No,One year,No,Credit card (automatic),87.1,4259.17,No
CUST-06442,Female,0,No,No,33,Yes,Yes,DSL,No,No,Month-to-month,No,Electronic check,86.98,2867.68,No
CUST-06443,Female,1,Yes,No,18,No,No phone service,Fiber optic,Yes,Yes,Month-to-month,Yes,Mailed check,86.74,1546.37,Yes
CUST-06444,Female,0,No,Yes,9,Yes,Yes,DSL,Yes,Yes,Month-to-month,No,Electronic check,71.4,601.38,Yes
CUST-06445,Male,1,No,No,62,Yes,No,DSL,No,No,Month-to-month,Yes,Electronic check,56.33,3460.57,No
CUST-06446,Male,0,No,Yes,57,Yes,Yes,No,No internet service,No internet service,Month-to-month,No,Credit card (automatic),93.02,5326.97,No
CUST-06447,Male,0,No,No,29,Yes,Yes,No,No internet service,No internet service,Month-to-month,Yes,Electronic check,49.86,1488.72,No
CUST-06448,Female,1,No,No,25,Yes,Yes,No,No internet service,No internet service,Two year,No,Credit card (automatic),74.29,1856.53,No
CUST-06449,Male,1,Yes,No,15,Yes,No,No,No internet service,No internet service,Month-to-month,No,Mailed check,63.34,899.59,Yes
CUST-06450,Male,0,No,No,6,Yes,Yes,No,No internet service,No internet service,Two year,No,Electronic check,47.66,228.65,No
CUST-06451,Female,0,No,Yes,42,Yes,No,DSL,Yes,Yes,Month-to-month,Yes,Credit card (automatic),117.47,4928.43,No
CUST-06452,Female,0,Yes,Yes,29,Yes,No,Fiber optic,No,No,Two year,No,Bank transfer (automatic),45.88,1304.14,No
CUST-06453,Female,0,No,Yes,4,Yes,Yes,Fiber optic,No,Yes,Two year,No,Credit card (automatic),50.93,263.03,No
CUST-06454,Female,0,No,No,57,Yes,Yes,DSL,No,No,Month-to-month,No,Electronic check,36.16,2026.01,No
CUST-06455,Female,0,Yes,Yes,49,No,No phone service,No,No internet service,No internet service,Month-to-month,No,Electronic check,102.3,5042.57,No
CUST-06456,Male,0,Yes,No,44,Yes,No,DSL,Yes,No,Month-to-month,Yes,Credit card (automatic),78.66,3430.01,Yes
CUST-06457,Male,0,No,No,14,Yes,No,Fiber optic,Yes,Yes,Month-to-month,Yes,Credit card (automatic),81.3,1124.03,Yes
CUST-06458,Male,1,Yes,Yes,3,Yes,No,No,No internet service,No internet service,Month-to-month,Yes,Credit card (automatic),102.06,314.79,No
CUST-06459,Female,0,No,Yes,62,Yes,No,DSL,Yes,No,Two year,No,Electronic check,54.29,3391.96,No
CUST-06460,Female,0,No,No,64,Yes,Yes,Fiber optic,No,Yes,Two year,No,Mailed check,39.36,2540.17,No
CUST-06461,Female,1,Yes,No,45,Yes,No,Fiber optic,No,Yes,Month-to-month,No,Mailed check,39.84,1764.81,No
CUST-06462,Female,0,Yes,No,58,Yes,No,Fiber optic,Yes,Yes,Two year,No,Bank transfer (automatic),93.26,5414.1,No
CUST-06463,Male,0,No,No,20,Yes,No,Fiber optic,Yes,Yes,Two year,No,Electronic check,81.41,1609.46,No
CUST-06464,Male,0,No,No,58,Yes,No,No,No internet service,No internet service,Month-to-month,No,Electronic check,40.63,2284.98,No
CUST-06465,Male,0,No,No,57,Yes,No,Fiber optic,No,No,Month-to-month,Yes,Electronic check,34.51,1978.52,No
CUST-06466,Male,0,Yes,Yes,68,Yes,Yes,DSL,No,No,Month-to-month,No,Credit card (automatic),32.07,2243.9,No
CUST-06467,Male,0,Yes,Yes,52,No,No phone service,No,No internet service,No internet service,Month-to-month,Yes,Electronic check,82.78,4381.77,No
CUST-06468,Male,0,No,No,37,Yes,No,Fiber optic,No,No,Month-to-month,Yes,Credit card (automatic),20.01,756.24,No
CUST-06469,Male,0,No,Yes,8,Yes,Yes,DSL,Yes,Yes,Month-to-month,Yes,Bank transfer (automatic),21.83,187.24,No
CUST-06470,Male,0,No,Yes,44,Yes,No,DSL,Yes,Yes,Month-to-month,No,Bank transfer (automatic),58.96,2463.27,No
CUST-06471,Female,0,No,Yes,5,Yes,Yes,DSL,Yes,Yes,Month-to-month,No,Electronic check,89.13,582.02,No
CUST-06472,Male,0,No,Yes,69,Yes,Yes,DSL,No,Yes,Month-to-month,Yes,Electronic check,89.5,6247.05,Yes
CUST-06473,Male,0,No,Yes,31,Yes,Yes,DSL,No,Yes,Month-to-month,Yes,Bank transfer (automatic),63.01,1991.27,Yes
CUST-06474,Female,0,No,Yes,45,Yes,Yes,DSL,Yes,No,One year,Yes,Electronic check,89.11,4013.55,No
CUST-06475,Female,0,No,Yes,9,Yes,No,Fiber optic,No,Yes,Month-to-month,No,Electronic check,72.11,537.45,No
CUST-06476,Male,0,No,Yes,32,Yes,Yes,No,No internet service,No internet service,One year,No,Electronic check,117.69,3775.2,No
CUST-06477,Male,0,Yes,No,33,Yes,No,No,No internet service,No internet service,Two year,Yes,Mailed check,36.25,1197.84,No
CUST-06478,Female,0,Yes,Yes,67,Yes,Yes,Fiber optic,Yes,Yes,Month-to-month,No,Electronic check,80.07,5294.23,No
CUST-06479,Female,0,No,No,30,Yes,Yes,Fiber optic,No,Yes,Two year,Yes,Mailed check,69.12,2096.01,No
CUST-06480,Female,0,No,Yes,29,Yes,Yes,No,No internet service,No internet service,Month-to-month,No,Credit card (automatic),39.45,1205.88,No
CUST-06481,Male,0,Yes,No,3,Yes,No,DSL,Yes,No,Month-to-month,Yes,Electronic check,95.0,302.03,No
CUST-06482,Female,0,Yes,No,57,Yes,Yes,DSL,Yes,No,One year,Yes,Electronic check,47.55,2727.21,No
CUST-06483,Male,0,Yes,Yes,30,Yes,Yes,Fiber optic,Yes,Yes,Month-to-month,Yes,Mailed check,58.17,1765.17,No
CUST-06484,Female,0,Yes,No,9,Yes,Yes,No,No internet service,No internet service,Month-to-month,Yes,Credit card (automatic),57.48,501.18,Yes
CUST-06485,Male,0,No,Yes,26,Yes,No,Fiber optic,No,Yes,One year,No,Mailed check,44.42,1192.84,No
CUST-06486,Female,1,No,Yes,2,Yes,Yes,No,No internet service,No internet service,Month-to-month,No,Credit card (automatic),63.07,202.33,Yes
CUST-06487,Male,0,Yes,Yes,62,Yes,Yes,DSL,Yes,No,Two year,No,Mailed check,67.33,4176.52,No
CUST-06488,Female,0,No,Yes,3,Yes,No,DSL,Yes,No,Two year,Yes,Mailed check,94.42,245.49,No
CUST-06489,Female,1,No,No,46,Yes,Yes,Fiber optic,Yes,Yes,Month-to-month,No,Bank transfer (automatic),96.51,4370.18,Yes
CUST-06490,Male,0,No,Yes,68,Yes,Yes,Fiber optic,Yes,No,One year,Yes,Mailed check,35.86,2463.53,No
CUST-06491,Male,0,Yes,No,25,No,No phone service,Fiber optic,No,Yes,Two year,Yes,Bank transfer (automatic),79.28,2012.71,No
CUST-06492,Male,0,Yes,No,51,Yes,Yes,No,No internet service,No internet service,Two year,No,Electronic check,109.62,5608.82,No
CUST-06493,Female,0,No,Yes,13,No,No phone service,DSL,No,Yes,One year,Yes,Electronic check,30.88,389.66,No
CUST-06494,Female,0,Yes,No,44,Yes,No,DSL,Yes,Yes,Month-to-month,Yes,Bank transfer (automatic),67.29,2974.62,No
CUST-06495,Female,0,Yes,No,35,Yes,No,DSL,No,Yes,Month-to-month,No,Electronic check,95.04,3299.62,No
CUST-06496,Female,0,Yes,No,55,Yes,Yes,No,No internet service,No internet service,Two year,No,Electronic check,81.15,4427.71,No
CUST-06497,Female,0,No,Yes,9,Yes,No,Fiber optic,Yes,Yes,Month-to-month,Yes,Credit card (automatic),30.06,220.73,No
CUST-06498,Male,0,No,No,2,Yes,No,DSL,No,Yes,One year,Yes,Bank transfer (automatic),59.66,70.03,No
CUST-06499,Male,0,No,Yes,61,Yes,Yes,Fiber optic,No,No,Month-to-month,No,Electronic check,70.72,4340.44,No
CUST-06500,Female,0,Yes,Yes,41,Yes,Yes,DSL,Yes,No,Month-to-month,Yes,Mailed check,119.58,4889.32,Yes
CUST-06501,Female,0,Yes,Yes,44,Yes,Yes,Fiber optic,No,No,Month-to-month,No,Mailed check,37.86,1631.77,Yes
CUST-06502,Male,0,No,Yes,64,Yes,No,Fiber optic,No,Yes,Month-to-month,Yes,Credit card (automatic),118.24,7499.26,Yes
CUST-06503,Female,0,Yes,No,31,Yes,No,DSL,Yes,Yes,Month-to-month,Yes,Mailed check,57.61,1819.46,No
CUST-06504,Male,0,Yes,No,47,Yes,No,Fiber optic,No,Yes,Two year,No,Bank transfer (automatic),40.03,1934.9,No
CUST-06505,Male,0,Yes,No,2,No,No phone service,Fiber optic,No,No,One year,No,Electronic check,61.41,71.61,No
CUST-06506,Male,0,Yes,Yes,69,Yes,No,DSL,No,Yes,Month-to-month,Yes,Mailed check,81.4,5610.37,No
CUST-06507,Male,0,No,Yes,58,Yes,No,DSL,Yes,No,One year,No,Credit card (automatic),41.35,2351.67,No
CUST-06508,Male,0,No,Yes,44,Yes,Yes,DSL,Yes,No,Month-to-month,No,Credit card (automatic),49.14,2155.07,No
CUST-06509,Female,0,Yes,No,56,Yes,No,Fiber optic,Yes,Yes,Month-to-month,Yes,Bank transfer (automatic),105.45,5935.6,Yes
CUST-06510,Male,0,No,Yes,43,No,No phone service,DSL,No,No,Two year,Yes,Bank transfer (automatic),119.9,5236.62,No
CUST-06511,Female,0,No,No,34,Yes,Yes,DSL,Yes,No,Month-to-month,Yes,Credit card (automatic),51.82,1739.53,Yes
CUST-06512,Male,0,No,No,30,Yes,No,No,No internet service,No internet service,One year,Yes,Mailed check,34.89,1081.7,No
CUST-06513,Female,0,Yes,Yes,71,Yes,No,DSL,No,Yes,Two year,Yes,Electronic check,99.32,7087.94,No
CUST-06514,Male,0,No,Yes,70,Yes,No,Fiber optic,Yes,Yes,Month-to-month,Yes,Credit card (automatic),80.05,5595.94,No
CUST-06515,Female,1,Yes,No,55,Yes,No,No,No internet service,No internet service,Month-to-month,Yes,Electronic check,30.04,1710.2,No
CUST-06516,Female,0,No,No,67,No,No phone service,DSL,No,Yes,One year,Yes,Credit card (automatic),114.68,7667.17,No
CUST-06517,Male,0,No,Yes,13,Yes,Yes,No,No internet service,No internet service,Month-to-month,No,Bank transfer (automatic),27.8,383.17,No
CUST-06518,Male,0,No,Yes,3,Yes,No,Fiber optic,Yes,Yes,Two year,No,Bank transfer (automatic),82.54,218.94,No
CUST-06519,Male,0,No,Yes,26,Yes,Yes,No,No internet service,No internet service,Two year,Yes,Credit card (automatic),62.39,1648.72,No
CUST-06520,Female,0,Yes,Yes,57,No,No phone service,Fiber optic,Yes,No,Month-to-month,No,Bank transfer (automatic),75.66,4334.18,No
CUST-06521,Male,0,No,No,24,Yes,No,Fiber optic,Yes,No,Month-to-month,No,Mailed check,41.32,1051.05,No
CUST-06522,Male,0,No,Yes,53,Yes,Yes,No,No internet service,No internet service,Month-to-month,No,Credit card (automatic),88.81,4798.71,No
CUST-06523,Female,0,No,No,70,Yes,No,DSL,No,Yes,Month-to-month,Yes,Electronic check,115.97,8163.69,No
CUST-06524,Male,0,No,Yes,43,Yes,No,Fiber optic,Yes,No,Month-to-month,Yes,Mailed check,65.84,2864.65,No
CUST-06525,Male,1,No,Yes,60,Yes,Yes,No,No internet service,No internet service,Month-to-month,Yes,Electronic check,72.3,4318.47,Yes
CUST-06526,Female,0,Yes,No,58,Yes,No,DSL,No,No,Month-to-month,Yes,Credit card (automatic),43.98,2437.56,No
CUST-06527,Male,0,Yes,Yes,49,Yes,Yes,DSL,Yes,Yes,Month-to-month,Yes,Bank transfer (automatic),109.19,5415.23,No
CUST-06528,Female,0,Yes,No,42,Yes,Yes,Fiber optic,No,Yes,Month-to-month,No,Electronic check,117.12,5011.85,No
CUST-06529,Male,0,Yes,Yes,66,Yes,Yes,DSL,No,Yes,Month-to-month,Yes,Mailed check,98.63,6525.23,No
CUST-06530,Female,0,No,No,11,Yes,Yes,Fiber optic,Yes,Yes,Month-to-month,Yes,Bank transfer (automatic),74.28,766.77,Yes
CUST-06531,Female,0,Yes,No,18,Yes,No,Fiber optic,No,Yes,Month-to-month,No,Electronic check,115.68,2151.13,Yes
CUST-06532,Male,1,Yes,No,52,No,No phone service,Fiber optic,Yes,No,One year,Yes,Mailed check,35.39,1895.53,No
CUST-06533,Female,0,No,Yes,46,No,No phone service,Fiber optic,Yes,No,One year,Yes,Bank transfer (automatic),67.85,3019.23,No
CUST-06534,Male,0,Yes,No,44,Yes,Yes,Fiber optic,No,No,Month-to-month,No,Electronic check,73.76,3252.46,No
CUST-06535,Female,0,Yes,No,22,No,No phone service,Fiber optic,Yes,No,Month-to-month,No,Electronic check,69.19,1534.32,No
CUST-06536,Female,0,No,Yes,53,Yes,No,DSL,No,No,Two year,No,Mailed check,100.24,5232.5,No
CUST-06537,Male,0,Yes,No,59,Yes,Yes,Fiber optic,Yes,No,Two year,No,Bank transfer (automatic),87.04,5081.42,No
CUST-06538,Male,0,Yes,No,30,Yes,No,No,No internet service,No internet service,Two year,No,Credit card (automatic),32.67,1034.68,No
CUST-06539,Male,0,Yes,Yes,8,Yes,Yes,Fiber optic,No,Yes,Month-to-month,No,Electronic check,54.65,440.69,No
CUST-06540,Female,0,Yes,Yes,57,Yes,No,DSL,No,Yes,Month-to-month,Yes,Bank transfer (automatic),53.91,3025.37,No
CUST-06541,Male,0,No,Yes,20,Yes,Yes,Fiber optic,No,Yes,Month-to-month,No,Bank transfer (automatic),76.56,1497.73,Yes
CUST-06542,Female,0,Yes,No,25,Yes,No,Fiber optic,No,No,Month-to-month,No,Mailed check,49.15,1168.69,Yes
CUST-06543,Female,0,No,No,19,Yes,No,DSL,Yes,Yes,Month-to-month,No,Bank transfer (automatic),31.73,606.64,No
CUST-06544,Male,0,No,No,5,Yes,No,Fiber optic,Yes,Yes,Month-to-month,No,Bank transfer (automatic),85.37,464.47,Yes
CUST-06545,Female,1,No,Yes,27,Yes,Yes,DSL,No,Yes,Two year,Yes,Electronic check,105.1,2896.53,No
CUST-06546,Male,0,No,Yes,40,Yes,Yes,Fiber optic,Yes,No,Month-to-month,No,Mailed check,113.16,4493.0,No
CUST-06547,Female,0,Yes,No,26,Yes,Yes,No,No internet service,No internet service,Month-to-month,Yes,Bank transfer (automatic),117.26,3031.07,No
CUST-06548,Male,0,Yes,No,27,Yes,No,No,No internet service,No internet service,Month-to-month,No,Mailed check,98.11,2674.03,No
CUST-06549,Female,0,Yes,Yes,62,No,No phone service,Fiber optic,Yes,No,Month-to-month,Yes,Credit card (automatic),33.97,2153.77,No
CUST-06550,Female,1,No,No,50,Yes,No,Fiber optic,Yes,No,Month-to-month,Yes,Credit card (automatic),105.31,5284.04,Yes
CUST-06551,Male,0,No,No,42,Yes,Yes,DSL,No,No,Two year,Yes,Bank transfer (automatic),60.0,2583.38,No
CUST-06552,Female,0,No,Yes,29,Yes,Yes,DSL,Yes,Yes,Month-to-month,No,Electronic check,92.99,2787.56,Yes
CUST-06553,Female,0,Yes,No,39,Yes,Yes,Fiber optic,No,No,Two year,No,Electronic check,73.13,2770.57,No
CUST-06554,Female,1,Yes,Yes,60,Yes,No,Fiber optic,No,Yes,Month-to-month,No,Mailed check,102.86,6247.55,No
CUST-06555,Female,1,Yes,No,41,Yes,Yes,Fiber optic,No,No,Month-to-month,No,Mailed check,62.55,2629.48,Yes
CUST-06556,Female,1,Yes,No,33,Yes,No,DSL,No,No,Month-to-month,No,Bank transfer (automatic),26.18,805.16,No
CUST-06557,Male,0,Yes,No,16,Yes,No,Fiber optic,Yes,No,Month-to-month,No,Bank transfer (automatic),75.68,1234.07,No
CUST-06558,Male,0,Yes,No,23,Yes,No,Fiber optic,Yes,Yes,Month-to-month,No,Credit card (automatic),37.13,885.79,No
CUST-06559,Female,0,No,Yes,7,Yes,No,No,No internet service,No internet service,Month-to-month,Yes,Credit card (automatic),116.55,761.36,No
CUST-06560,Male,0,No,Yes,26,Yes,Yes,No,No internet service,No internet service,Month-to-month,No,Electronic check,72.7,1887.15,Yes
CUST-06561,Male,0,Yes,No,12,Yes,No,No,No internet service,No internet service,Month-to-month,Yes,Credit card (automatic),75.36,912.14,No
CUST-06562,Female,0,No,No,5,Yes,No,Fiber optic,No,No,Month-to-month,Yes,Electronic check,110.73,499.65,No
CUST-06563,Male,0,Yes,No,69,Yes,Yes,DSL,No,Yes,Month-to-month,Yes,Electronic check,82.46,5672.79,Yes
CUST-06564,Female,0,No,Yes,49,Yes,No,DSL,Yes,Yes,Month-to-month,Yes,Electronic check,50.27,2533.29,No
CUST-06565,Male,1,Yes,No,26,Yes,No,Fiber optic,No,Yes,Month-to-month,No,Bank transfer (automatic),49.61,1374.03,Yes
CUST-06566,Female,0,Yes,Yes,5,Yes,Yes,Fiber optic,No,Yes,Month-to-month,No,Bank transfer (automatic),70.16,295.62,No
CUST-06567,Female,0,Yes,Yes,22,Yes,No,No,No internet service,No internet service,Two year,Yes,Credit card (automatic),106.66,2213.28,No
CUST-06568,Female,0,No,No,13,Yes,Yes,Fiber optic,Yes,Yes,One year,No,Bank transfer (automatic),99.47,1354.98,No
CUST-06569,Female,0,Yes,Yes,28,Yes,No,No,No internet service,No internet service,Two year,No,Electronic check,116.27,3346.68,No
CUST-06570,Male,0,No,Yes,33,Yes,No,DSL,Yes,Yes,Month-to-month,Yes,Bank transfer (automatic),27.19,941.11,No
CUST-06571,Male,1,Yes,Yes,23,No,No phone service,DSL,No,Yes,Month-to-month,No,Mailed check,46.83,1062.74,Yes
CUST-06572,Female,0,No,Yes,18,Yes,No,DSL,Yes,No,Two year,No,Credit card (automatic),28.02,450.17,No
CUST-06573,Male,1,No,Yes,30,Yes,Yes,Fiber optic,No,Yes,Month-to-month,No,Electronic check,95.11,2884.14,No
CUST-06574,Female,1,Yes,Yes,26,Yes,No,No,No internet service,No internet service,Month-to-month,Yes,Bank transfer (automatic),34.08,938.81,No
CUST-06575,Female,0,Yes,Yes,16,Yes,Yes,DSL,Yes,Yes,Month-to-month,Yes,Bank transfer (automatic),29.99,446.85,No
CUST-06576,Male,1,Yes,Yes,39,No,No phone service,Fiber optic,Yes,No,Month-to-month,Yes,Electronic check,76.17,2984.38,No
CUST-06577,Female,1,No,Yes,33,Yes,Yes,Fiber optic,No,No,Two year,No,Credit card (automatic),61.15,1996.21,No
CUST-06578,Female,1,Yes,Yes,26,Yes,No,DSL,Yes,Yes,Month-to-month,Yes,Bank transfer (automatic),91.51,2416.96,Yes
CUST-06579,Male,1,Yes,Yes,48,Yes,No,DSL,Yes,Yes,Month-to-month,Yes,Mailed check,68.7,3194.66,No
CUST-06580,Female,0,No,No,65,No,No phone service,Fiber optic,Yes,No,Month-to-month,No,Mailed check,62.53,4084.28,No
CUST-06581,Female,0,No,Yes,38,Yes,No,DSL,Yes,Yes,Month-to-month,Yes,Electronic check,62.55,2358.6,No
CUST-06582,Male,0,No,No,2,Yes,No,Fiber optic,Yes,No,Two year,No,Bank transfer (automatic),107.19,305.98,No
CUST-06583,Male,1,Yes,No,6,Yes,No,DSL,Yes,Yes,Two year,No,Credit card (automatic),59.52,372.72,No
CUST-06584,Female,0,Yes,No,46,Yes,Yes,No,No internet service,No internet service,Month-to-month,Yes,Mailed check,53.34,2489.03,No
CUST-06585,Male,0,Yes,No,50,Yes,No,Fiber optic,Yes,Yes,Month-to-month,No,Credit card (automatic),53.85,2645.34,No
CUST-06586,Male,0,Yes,Yes,38,Yes,No,Fiber optic,No,No,Month-to-month,No,Bank transfer (automatic),39.66,1496.01,No
CUST-06587,Male,0,No,Yes,18,Yes,No,Fiber optic,Yes,No,Month-to-month,No,Mailed check,106.07,1928.99,No
CUST-06588,Male,0,No,Yes,27,Yes,Yes,No,No internet service,No internet service,Month-to-month,Yes,Credit card (automatic),34.66,917.85,No
CUST-06589,Male,0,No,No,41,Yes,Yes,No,No internet service,No internet service,Month-to-month,No,Mailed check,110.86,4533.15,Yes
CUST-06590,Male,0,Yes,Yes,17,Yes,Yes,DSL,Yes,Yes,Two year,No,Credit card (automatic),48.35,835.1,No
CUST-06591,Female,0,No,No,62,No,No phone service,Fiber optic,Yes,No,Month-to-month,No,Mailed check,109.94,6730.62,No
CUST-06592,Female,0,Yes,No,29,Yes,No,Fiber optic,No,No,Two year,Yes,Electronic check,99.08,2847.1,No
CUST-06593,Male,0,No,No,58,Yes,No,Fiber optic,No,No,Two year,No,Bank transfer (automatic),78.2,4575.04,No
CUST-06594,Male,0,No,No,70,Yes,Yes,No,No internet service,No internet service,Month-to-month,No,Electronic check,86.95,6066.82,Yes
CUST-06595,Male,0,Yes,Yes,22,Yes,Yes,DSL,No,No,One year,Yes,Mailed check,52.58,1273.59,No
CUST-06596,Female,0,No,No,6,Yes,No,Fiber optic,No,No,Month-to-month,Yes,Credit card (automatic),77.42,469.06,No
CUST-06597,Female,0,No,Yes,26,Yes,Yes,No,No internet service,No internet service,Month-to-month,No,Electronic check,49.24,1187.64,No
CUST-06598,Female,0,Yes,Yes,39,No,No phone service,No,No internet service,No internet service,Month-to-month,Yes,Electronic check,60.23,2371.16,Yes
CUST-06599,Female,0,No,No,12,Yes,Yes,Fiber optic,Yes,No,Month-to-month,No,Bank transfer (automatic),96.47,1104.84,Yes
CUST-06600,Male,0,Yes,Yes,14,Yes,Yes,Fiber optic,No,No,One year,Yes,Electronic check,44.39,638.46,No
CUST-06601,Male,0,No,No,22,Yes,No,No,No internet service,No internet service,Two year,Yes,Bank transfer (automatic),103.88,2257.07,No
CUST-06602,Male,1,No,No,51,Yes,No,Fiber optic,Yes,Yes,Two year,No,Mailed check,57.59,2912.12,No
CUST-06603,Male,1,Yes,Yes,23,Yes,No,No,No internet service,No internet service,Month-to-month,No,Electronic check,73.22,1735.82,No
CUST-06604,Male,0,Yes,Yes,48,Yes,Yes,DSL,Yes,Yes,Month-to-month,Yes,Mailed check,114.2,5402.43,No
CUST-06605,Female,0,Yes,Yes,71,Yes,Yes,No,No internet service,No internet service,Month-to-month,No,Mailed check,88.13,6232.97,No
CUST-06606,Male,0,No,Yes,50,Yes,Yes,DSL,No,Yes,Two year,Yes,Credit card (automatic),84.56,4198.15,No
CUST-06607,Female,0,No,Yes,13,Yes,Yes,Fiber optic,No,Yes,Two year,No,Electronic check,91.16,1251.93,No
CUST-06608,Male,0,Yes,No,10,Yes,Yes,Fiber optic,No,Yes,Month-to-month,No,Credit card (automatic),111.81,1100.65,No
CUST-06609,Male,0,Yes,Yes,55,Yes,Yes,No,No internet service,No internet service,Month-to-month,No,Mailed check,44.85,2419.67,No
CUST-06610,Female,0,Yes,Yes,9,Yes,No,Fiber optic,No,Yes,Month-to-month,Yes,Credit card (automatic),81.32,743.44,No
CUST-06611,Female,0,Yes,No,52,Yes,Yes,DSL,No,No,Two year,No,Electronic check,60.04,3077.37,No
CUST-06612,Male,1,No,No,2,Yes,Yes,Fiber optic,Yes,Yes,One year,Yes,Credit card (automatic),21.19,4.91,No
CUST-06613,Female,0,No,No,25,Yes,Yes,Fiber optic,No,No,Two year,No,Bank transfer (automatic),32.53,847.76,No
CUST-06614,Female,0,Yes,Yes,13,Yes,Yes,No,No internet service,No internet service,Month-to-month,No,Credit card (automatic),52.5,539.2,No
CUST-06615,Female,1,Yes,No,51,Yes,Yes,Fiber optic,No,No,Two year,No,Mailed check,76.5,3853.3,No
CUST-06616,Male,0,No,No,58,Yes,No,No,No internet service,No internet service,One year,Yes,Bank transfer (automatic),108.15,6238.86,No
CUST-06617,Male,1,No,No,34,Yes,Yes,No,No internet service,No internet service,One year,Yes,Mailed check,99.11,3447.0,Yes
CUST-06618,Male,0,No,Yes,35,Yes,No,Fiber optic,Yes,Yes,Month-to-month,Yes,Credit card (automatic),75.33,2658.82,No
CUST-06619,Female,0,No,Yes,3,Yes,No,Fiber optic,No,No,Month-to-month,No,Bank transfer (automatic),27.39,80.58,No
CUST-06620,Female,0,No,No,59,No,No phone service,DSL,No,No,Two year,Yes,Mailed check,48.59,2861.65,No
CUST-06621,Male,0,No,Yes,70,Yes,Yes,DSL,No,Yes,Month-to-month,Yes,Bank transfer (automatic),56.67,3973.07,Yes
CUST-06622,Male,0,Yes,Yes,48,Yes,No,Fiber optic,No,No,Month-to-month,No,Credit card (automatic),82.17,3956.44,No
CUST-06623,Female,0,Yes,Yes,64,Yes,Yes,DSL,No,No,Month-to-month,Yes,Credit card (automatic),26.49,1701.64,No
CUST-06624,Male,0,No,No,19,Yes,Yes,Fiber optic,Yes,Yes,Month-to-month,No,Mailed check,73.02,1484.71,No
CUST-06625,Male,0,Yes,No,67,Yes,Yes,Fiber optic,No,Yes,Month-to-month,No,Electronic check,110.15,7358.09,No
CUST-06626,Female,0,Yes,No,5,Yes,Yes,No,No internet service,No internet service,Month-to-month,No,Credit card (automatic),90.54,461.42,Yes
CUST-06627,Female,0,No,No,67,Yes,Yes,Fiber optic,Yes,No,One year,No,Mailed check,99.71,6682.47,No
CUST-06628,Male,0,No,No,11,Yes,No,No,No internet service,No internet service,Month-to-month,No,Credit card (automatic),88.17,1016.83,No
CUST-06629,Female,1,Yes,Yes,68,Yes,No,DSL,No,No,Month-to-month,Yes,Mailed check,40.66,2730.22,No
CUST-06630,Female,0,No,Yes,69,Yes,No,DSL,Yes,Yes,Month-to-month,Yes,Electronic check,31.05,2124.11,Yes
CUST-06631,Male,1,No,No,1,Yes,No,DSL,No,Yes,Month-to-month,Yes,Bank transfer (automatic),102.95,27.37,No
CUST-06632,Female,0,Yes,Yes,63,Yes,No,DSL,Yes,No,Month-to-month,Yes,Bank transfer (automatic),89.55,5691.0,No
CUST-06633,Female,0,Yes,No,29,Yes,Yes,No,No internet service,No internet service,Month-to-month,No,Mailed check,77.51,2171.65,Yes
CUST-06634,Male,0,Yes,Yes,12,No,No phone service,Fiber optic,No,Yes,Month-to-month,Yes,Mailed check,38.93,494.14,No
CUST-06635,Female,0,No,Yes,41,No,No phone service,Fiber optic,Yes,Yes,One year,Yes,Credit card (automatic),80.33,3377.58,No
CUST-06636,Female,0,Yes,No,2,Yes,No,No,No internet service,No internet service,Two year,No,Electronic check,23.13,142.55,No
CUST-06637,Male,0,No,No,37,Yes,Yes,Fiber optic,No,No,Two year,No,Credit card (automatic),31.88,1164.26,No
CUST-06638,Female,0,No,Yes,45,Yes,Yes,Fiber optic,Yes,Yes,Two year,No,Electronic check,51.19,2286.26,No
CUST-06639,Male,0,Yes,Yes,48,Yes,No,Fiber optic,No,No,Month-to-month,No,Electronic check,64.37,3086.05,No
CUST-06640,Male,0,Yes,No,24,Yes,No,Fiber optic,Yes,Yes,Month-to-month,Yes,Bank transfer (automatic),32.06,814.48,Yes
CUST-06641,Female,0,No,Yes,22,Yes,No,Fiber optic,No,Yes,Month-to-month,No,Electronic check,31.99,697.18,No
CUST-06642,Male,0,No,No,11,No,No phone service,No,No internet service,No internet service,Month-to-month,Yes,Mailed check,92.59,1004.8,No
CUST-06643,Male,0,No,No,58,Yes,No,DSL,No,Yes,Month-to-month,Yes,Electronic check,76.97,4517.9,Yes
CUST-06644,Female,0,No,No,46,Yes,No,No,No internet service,No internet service,Month-to-month,Yes,Electronic check,73.37,3377.2,Yes
CUST-06645,Male,0,Yes,Yes,29,Yes,No,Fiber optic,Yes,No,Two year,Yes,Mailed check,65.24,1884.31,No
CUST-06646,Male,0,Yes,No,35,Yes,Yes,No,No internet service,No internet service,Two year,No,Bank transfer (automatic),117.65,4073.94,No
CUST-06647,Female,0,Yes,No,15,Yes,No,Fiber optic,No,No,Month-to-month,Yes,Bank transfer (automatic),24.98,426.05,No
CUST-06648,Male,1,Yes,No,60,Yes,No,Fiber optic,Yes,No,Month-to-month,Yes,Electronic check,38.06,2295.95,No
CUST-06649,Male,0,No,No,42,Yes,No,No,No internet service,No internet service,Month-to-month,No,Electronic check,84.75,3558.91,No
CUST-06650,Female,0,No,Yes,43,Yes,No,Fiber optic,No,Yes,Month-to-month,Yes,Credit card (automatic),33.64,1353.42,No
CUST-06651,Female,0,Yes,No,49,Yes,No,DSL,Yes,No,Two year,No,Mailed check,78.94,3915.78,No
CUST-06652,Male,0,Yes,No,64,Yes,No,DSL,No,No,Month-to-month,No,Bank transfer (automatic),76.78,4857.21,No
CUST-06653,Male,1,No,Yes,32,Yes,Yes,Fiber optic,No,No,Month-to-month,No,Credit card (automatic),117.1,3769.8,No
CUST-06654,Male,0,No,No,64,Yes,Yes,No,No internet service,No internet service,One year,No,Electronic check,108.34,6894.83,No
CUST-06655,Female,0,No,No,2,Yes,No,DSL,No,Yes,One year,No,Electronic check,114.56,175.47,No
CUST-06656,Male,1,Yes,No,24,Yes,Yes,No,No internet service,No internet service,Two year,Yes,Credit card (automatic),31.36,799.05,No
CUST-06657,Female,1,Yes,No,66,Yes,Yes,DSL,No,Yes,One year,Yes,Electronic check,106.81,7054.54,No
CUST-06658,Male,0,No,Yes,38,Yes,Yes,DSL,No,Yes,Month-to-month,Yes,Mailed check,32.91,1252.63,No
CUST-06659,Male,0,Yes,Yes,31,Yes,No,Fiber optic,Yes,Yes,Month-to-month,No,Credit card (automatic),83.29,2679.52,Yes
CUST-06660,Female,0,No,Yes,26,Yes,No,No,No internet service,No internet service,Month-to-month,Yes,Electronic check,92.01,2489.01,No
CUST-06661,Male,0,Yes,Yes,29,Yes,Yes,No,No internet service,No internet service,Month-to-month,Yes,Credit card (automatic),36.09,1034.26,No
CUST-06662,Female,0,No,Yes,67,Yes,Yes,Fiber optic,Yes,Yes,Month-to-month,No,Mailed check,83.27,5513.73,No
CUST-06663,Female,0,Yes,Yes,25,Yes,Yes,Fiber optic,No,Yes,Two year,No,Bank transfer (automatic),25.25,701.94,No
CUST-06664,Male,0,No,No,48,Yes,Yes,DSL,Yes,No,Month-to-month,Yes,Mailed check,49.33,2300.61,No
CUST-06665,Male,0,Yes,Yes,65,No,No phone service,Fiber optic,Yes,No,Two year,Yes,Bank transfer (automatic),112.12,7311.56,No
CUST-06666,Female,1,No,No,53,Yes,Yes,DSL,Yes,No,One year,No,Credit card (automatic),37.17,1956.62,No
CUST-06667,Female,0,No,No,67,Yes,No,No,No internet service,No internet service,One year,Yes,Credit card (automatic),26.53,1781.31,No
CUST-06668,Female,1,No,Yes,18,Yes,Yes,Fiber optic,Yes,No,Month-to-month,Yes,Mailed check,64.37,1219.97,Yes
CUST-06669,Male,0,No,No,9,Yes,No,Fiber optic,Yes,Yes,Month-to-month,Yes,Electronic check,105.06,906.2,No
CUST-06670,Male,0,Yes,No,38,Yes,No,DSL,No,No,Two year,Yes,Credit card (automatic),27.67,1021.05,No
CUST-06671,Male,1,No,No,21,Yes,No,Fiber optic,Yes,No,One year,No,Electronic check,55.55,1204.45,No
CUST-06672,Male,0,No,Yes,65,Yes,No,No,No internet service,No internet service,Month-to-month,Yes,Bank transfer (automatic),109.98,7238.14,No
CUST-06673,Female,0,No,No,21,Yes,No,DSL,Yes,No,Month-to-month,No,Electronic check,31.82,791.93,No
CUST-06674,Female,0,Yes,Yes,27,No,No phone service,DSL,Yes,No,One year,No,Electronic check,51.07,1306.35,No
CUST-06675,Female,0,No,Yes,70,Yes,No,DSL,Yes,Yes,Month-to-month,No,Electronic check,97.84,6827.82,No
CUST-06676,Male,0,Yes,No,44,Yes,Yes,No,No internet service,No internet service,Month-to-month,Yes,Bank transfer (automatic),74.32,3218.5,No
CUST-06677,Male,0,No,Yes,28,Yes,No,No,No internet service,No internet service,Month-to-month,Yes,Credit card (automatic),103.23,2932.77,No
CUST-06678,Male,0,No,No,45,Yes,Yes,Fiber optic,No,No,Month-to-month,Yes,Credit card (automatic),31.16,1405.24,No
CUST-06679,Female,0,No,Yes,17,Yes,Yes,No,No internet service,No internet service,One year,No,Mailed check,112.06,1948.91,No
CUST-06680,Female,1,No,Yes,40,No,No phone service,DSL,Yes,Yes,Month-to-month,Yes,Mailed check,113.49,4519.84,No
CUST-06681,Female,1,Yes,Yes,3,Yes,Yes,Fiber optic,No,No,One year,No,Bank transfer (automatic),35.53,141.57,No
CUST-06682,Female,0,Yes,Yes,66,Yes,Yes,DSL,No,Yes,Month-to-month,Yes,Bank transfer (automatic),23.39,1534.79,No
CUST-06683,Male,0,No,No,46,Yes,Yes,Fiber optic,No,Yes,Two year,No,Electronic check,118.98,5480.19,No
CUST-06684,Male,0,No,Yes,30,Yes,Yes,Fiber optic,No,Yes,Two year,No,Credit card (automatic),68.23,2018.09,No
CUST-06685,Male,0,No,No,69,Yes,No,DSL,Yes,No,Month-to-month,No,Mailed check,77.21,5395.49,No
CUST-06686,Female,0,Yes,No,9,Yes,Yes,Fiber optic,No,No,One year,No,Bank transfer (automatic),81.59,671.17,No
CUST-06687,Female,1,No,No,11,Yes,Yes,Fiber optic,No,No,Month-to-month,Yes,Mailed check,98.97,1082.98,Yes
CUST-06688,Female,0,Yes,No,69,Yes,Yes,Fiber optic,No,Yes,Two year,No,Credit card (automatic),101.2,7071.84,No
CUST-06689,Female,0,Yes,Yes,66,Yes,Yes,No,No internet service,No internet service,Month-to-month,No,Credit card (automatic),39.39,2663.54,No
CUST-06690,Male,0,No,Yes,31,Yes,Yes,Fiber optic,No,Yes,Month-to-month,Yes,Bank transfer (automatic),43.66,1311.3,No
CUST-06691,Male,0,Yes,No,33,Yes,Yes,DSL,Yes,Yes,Month-to-month,No,Bank transfer (automatic),107.68,3513.82,No
CUST-06692,Female,0,No,No,39,No,No phone service,Fiber optic,No,No,Month-to-month,Yes,Electronic check,101.95,4001.75,Yes
CUST-06693,Male,0,Yes,No,46,Yes,Yes,DSL,No,Yes,Month-to-month,Yes,Credit card (automatic),81.76,3793.46,No
CUST-06694,Female,0,No,Yes,37,Yes,Yes,Fiber optic,Yes,No,Month-to-month,Yes,Mailed check,119.47,4479.89,Yes
CUST-06695,Female,0,No,Yes,60,Yes,Yes,Fiber optic,Yes,No,Month-to-month,Yes,Mailed check,93.52,5540.74,Yes
CUST-06696,Female,0,No,No,31,Yes,Yes,DSL,No,No,Month-to-month,Yes,Bank transfer (automatic),41.58,1354.77,No
CUST-06697,Female,0,No,Yes,11,Yes,Yes,Fiber optic,No,No,Month-to-month,Yes,Credit card (automatic),104.66,1106.19,Yes
CUST-06698,Female,0,No,Yes,2,Yes,No,DSL,No,No,Month-to-month,Yes,Bank transfer (automatic),61.47,189.67,No
CUST-06699,Male,0,No,Yes,27,Yes,Yes,No,No internet service,No internet service,Month-to-month,No,Bank transfer (automatic),23.62,556.97,No
CUST-06700,Male,1,Yes,Yes,2,No,No phone service,No,No internet service,No internet service,Month-to-month,No,Bank transfer (automatic),52.14,48.58,No
CUST-06701,Male,0,Yes,No,21,No,No phone service,No,No internet service,No internet service,Month-to-month,Yes,Credit card (automatic),96.36,2109.61,No
CUST-06702,Male,0,Yes,Yes,58,Yes,Yes,Fiber optic,Yes,Yes,Two year,No,Electronic check,116.02,6817.96,No
CUST-06703,Male,0,No,No,5,Yes,No,Fiber optic,Yes,Yes,Month-to-month,Yes,Electronic check,47.61,243.07,Yes
CUST-06704,Male,0,No,No,52,Yes,No,Fiber optic,Yes,Yes,Month-to-month,Yes,Bank transfer (automatic),44.65,2305.34,No
CUST-06705,Female,0,No,Yes,45,Yes,No,Fiber optic,No,Yes,Two year,No,Electronic check,76.36,3435.4,No
CUST-06706,Female,0,No,No,20,Yes,Yes,DSL,No,Yes,Month-to-month,Yes,Mailed check,101.17,2044.14,No
CUST-06707,Male,0,No,Yes,61,Yes,Yes,No,No internet service,No internet service,Month-to-month,Yes,Mailed check,94.65,5798.89,No
CUST-06708,Female,0,No,Yes,38,No,No phone service,Fiber optic,Yes,No,Month-to-month,Yes,Bank transfer (automatic),76.0,2873.26,No
CUST-06709,Female,0,Yes,No,20,Yes,No,DSL,No,No,Month-to-month,No,Electronic check,83.14,1566.03,No
CUST-06710,Female,0,No,No,25,Yes,Yes,No,No internet service,No internet service,Two year,No,Electronic check,44.21,1078.06,No
CUST-06711,Male,0,No,Yes,2,Yes,Yes,Fiber optic,Yes,No,Month-to-month,No,Bank transfer (automatic),63.26,48.77,No
CUST-06712,Male,0,No,No,32,Yes,No,No,No internet service,No internet service,One year,Yes,Electronic check,45.54,1495.57,No
CUST-06713,Male,0,No,No,26,Yes,No,Fiber optic,Yes,Yes,Month-to-month,No,Mailed check,108.44,2837.88,No
CUST-06714,Female,0,No,Yes,70,Yes,Yes,DSL,Yes,Yes,One year,Yes,Mailed check,31.26,2182.64,No
CUST-06715,Male,0,Yes,Yes,41,No,No phone service,Fiber optic,No,No,Two year,No,Credit card (automatic),87.97,3594.23,No
CUST-06716,Male,0,No,No,67,Yes,No,Fiber optic,No,No,Month-to-month,Yes,Mailed check,46.03,3182.32,No
CUST-06717,Male,0,No,No,1,No,No phone service,No,No internet service,No internet service,Month-to-month,No,Mailed check,67.56,124.88,Yes
CUST-06718,Female,0,Yes,Yes,51,Yes,No,Fiber optic,No,No,Month-to-month,No,Bank transfer (automatic),49.94,2557.21,No
CUST-06719,Male,0,Yes,Yes,5,Yes,No,DSL,Yes,No,Month-to-month,No,Electronic check,52.32,234.7,No
CUST-06720,Male,0,No,Yes,13,Yes,Yes,No,No internet service,No internet service,Month-to-month,No,Electronic check,46.04,663.02,No
CUST-06721,Male,0,Yes,Yes,19,No,No phone service,No,No internet service,No internet service,Two year,Yes,Credit card (automatic),95.28,1815.85,No
CUST-06722,Female,0,Yes,No,12,Yes,Yes,DSL,No,Yes,Month-to-month,Yes,Mailed check,56.57,646.42,Yes
CUST-06723,Male,0,No,Yes,48,Yes,Yes,Fiber optic,No,Yes,One year,No,Electronic check,92.64,4417.19,No
CUST-06724,Male,1,Yes,Yes,25,Yes,No,DSL,Yes,Yes,Month-to-month,No,Mailed check,65.61,1673.34,No
CUST-06725,Female,0,No,Yes,57,Yes,Yes,DSL,Yes,Yes,Month-to-month,No,Bank transfer (automatic),74.72,4306.66,No
CUST-06726,Male,1,Yes,Yes,35,Yes,No,No,No internet service,No internet service,Two year,Yes,Bank transfer (automatic),74.33,2633.33,No
CUST-06727,Male,0,No,Yes,5,Yes,Yes,No,No internet service,No internet service,Month-to-month,Yes,Bank transfer (automatic),117.59,620.83,No
CUST-06728,Male,0,No,Yes,22,Yes,No,Fiber optic,No,No,Month-to-month,Yes,Credit card (automatic),56.71,1232.41,No
CUST-06729,Male,0,Yes,Yes,57,Yes,No,No,No internet service,No internet service,Month-to-month,Yes,Mailed check,40.77,2296.68,No
CUST-06730,Female,0,Yes,No,47,Yes,Yes,DSL,Yes,Yes,Two year,Yes,Credit card (automatic),111.18,5232.89,No
CUST-06731,Female,0,No,Yes,54,Yes,No,DSL,Yes,No,Month-to-month,Yes,Mailed check,37.48,2019.82,No
CUST-06732,Female,0,No,Yes,3,Yes,No,DSL,Yes,Yes,Two year,Yes,Bank transfer (automatic),103.44,260.28,No
CUST-06733,Male,0,Yes,No,53,No,No phone service,No,No internet service,No internet service,Month-to-month,No,Electronic check,35.02,1854.45,No
CUST-06734,Male,1,No,No,31,Yes,Yes,No,No internet service,No internet service,Two year,No,Electronic check,85.87,2696.47,No
CUST-06735,Male,0,Yes,No,69,Yes,No,Fiber optic,Yes,No,Month-to-month,Yes,Credit card (automatic),35.05,2398.93,No
CUST-06736,Male,0,Yes,No,33,Yes,Yes,No,No internet service,No internet service,Month-to-month,No,Credit card (automatic),112.31,3785.59,Yes
CUST-06737,Female,0,Yes,Yes,50,Yes,No,No,No internet service,No internet service,Month-to-month,Yes,Electronic check,76.5,3762.41,No
CUST-06738,Male,0,No,No,16,Yes,Yes,DSL,No,Yes,One year,Yes,Mailed check,52.93,805.67,No
CUST-06739,Female,0,No,No,39,No,No phone service,Fiber optic,No,No,Two year,Yes,Mailed check,34.03,1298.53,No
CUST-06740,Male,0,Yes,No,46,Yes,Yes,DSL,No,No,Month-to-month,No,Credit card (automatic),57.12,2668.64,Yes
CUST-06741,Male,0,Yes,Yes,47,Yes,Yes,Fiber optic,Yes,Yes,One year,Yes,Mailed check,90.5,4264.12,No
CUST-06742,Female,0,No,Yes,44,Yes,Yes,Fiber optic,No,No,Month-to-month,Yes,Credit card (automatic),58.5,2529.7,Yes
CUST-06743,Male,0,No,Yes,9,No,No phone service,Fiber optic,Yes,Yes,Month-to-month,Yes,Credit card (automatic),44.61,307.88,No
CUST-06744,Male,0,No,No,50,Yes,Yes,No,No internet service,No internet service,Month-to-month,Yes,Electronic check,77.74,3827.66,No
CUST-06745,Male,0,Yes,Yes,60,Yes,Yes,Fiber optic,No,Yes,Month-to-month,No,Bank transfer (automatic),61.78,3619.14,No
CUST-06746,Male,0,Yes,Yes,15,No,No phone service,No,No internet service,No internet service,Month-to-month,No,Credit card (automatic),36.58,592.37,No
CUST-06747,Female,1,No,Yes,36,Yes,Yes,Fiber optic,No,No,Month-to-month,No,Electronic check,35.4,1221.45,No
CUST-06748,Male,0,Yes,No,63,Yes,No,DSL,Yes,Yes,Month-to-month,No,Bank transfer (automatic),90.75,5751.28,No
CUST-06749,Female,0,Yes,Yes,69,Yes,Yes,Fiber optic,Yes,No,Month-to-month,No,Bank transfer (automatic),117.47,8132.62,No
CUST-06750,Female,0,No,Yes,41,Yes,Yes,Fiber optic,No,Yes,Month-to-month,Yes,Mailed check,43.31,1835.29,No
CUST-06751,Male,0,Yes,No,24,Yes,Yes,DSL,Yes,No,Month-to-month,No,Electronic check,97.31,2299.71,No
CUST-06752,Male,0,No,Yes,49,Yes,No,DSL,No,Yes,Two year,No,Credit card (automatic),28.76,1429.48,No
CUST-06753,Female,0,No,No,18,Yes,Yes,Fiber optic,No,Yes,One year,No,Bank transfer (automatic),58.16,1052.96,No
CUST-06754,Female,0,No,Yes,7,Yes,No,No,No internet service,No internet service,Two year,No,Credit card (automatic),70.67,500.91,No
CUST-06755,Male,0,No,No,4,Yes,Yes,Fiber optic,No,Yes,Month-to-month,No,Mailed check,46.87,186.53,Yes
CUST-06756,Male,0,Yes,Yes,69,Yes,Yes,DSL,Yes,Yes,One year,No,Mailed check,72.96,5076.34,No
CUST-06757,Female,0,No,No,60,Yes,No,Fiber optic,No,Yes,Month-to-month,Yes,Electronic check,108.26,6532.23,Yes
CUST-06758,Male,0,No,No,55,Yes,No,No,No internet service,No internet service,One year,No,Mailed check,114.44,6294.07,No
CUST-06759,Male,0,No,No,16,Yes,Yes,DSL,Yes,Yes,Month-to-month,Yes,Electronic check,30.06,457.99,No
CUST-06760,Female,0,Yes,No,29,Yes,No,DSL,No,No,Month-to-month,No,Mailed check,47.18,1339.5,No
CUST-06761,Male,0,Yes,Yes,23,Yes,No,DSL,No,Yes,Two year,Yes,Electronic check,117.91,2713.7,No
CUST-06762,Female,0,Yes,No,14,Yes,Yes,No,No internet service,No internet service,One year,Yes,Mailed check,47.04,669.65,No
CUST-06763,Male,0,Yes,No,49,Yes,No,Fiber optic,Yes,No,One year,Yes,Bank transfer (automatic),89.27,4369.66,No
CUST-06764,Female,0,No,Yes,33,Yes,No,Fiber optic,No,No,One year,No,Credit card (automatic),45.35,1431.96,No
CUST-06765,Female,0,Yes,No,25,Yes,Yes,DSL,Yes,Yes,One year,Yes,Credit card (automatic),55.64,1375.77,No
CUST-06766,Female,0,Yes,No,21,Yes,Yes,DSL,No,Yes,Month-to-month,No,Credit card (automatic),39.13,795.38,No
CUST-06767,Female,0,Yes,No,17,Yes,No,DSL,No,Yes,Month-to-month,Yes,Electronic check,105.63,1796.46,Yes
CUST-06768,Female,1,No,Yes,23,Yes,No,DSL,Yes,Yes,Month-to-month,Yes,Bank transfer (automatic),108.26,2616.79,No
CUST-06769,Male,0,No,Yes,57,Yes,No,DSL,Yes,No,Month-to-month,No,Electronic check,49.69,2853.84,No
CUST-06770,Male,0,No,Yes,58,Yes,Yes,Fiber optic,Yes,No,One year,Yes,Electronic check,102.36,5999.99,No
CUST-06771,Female,0,No,Yes,14,Yes,No,Fiber optic,No,No,Month-to-month,No,Electronic check,55.82,747.28,No
CUST-06772,Female,0,Yes,No,20,Yes,Yes,DSL,No,Yes,Month-to-month,Yes,Mailed check,29.9,599.09,No
CUST-06773,Female,0,Yes,No,30,Yes,Yes,Fiber optic,No,Yes,One year,No,Bank transfer (automatic),95.81,2935.73,No
CUST-06774,Female,0,Yes,Yes,19,Yes,No,Fiber optic,No,Yes,Two year,Yes,Mailed check,79.64,1434.14,No
CUST-06775,Female,0,Yes,No,53,Yes,No,DSL,Yes,Yes,Month-to-month,Yes,Electronic check,47.44,2502.65,Yes
CUST-06776,Male,1,Yes,Yes,56,Yes,No,DSL,Yes,No,One year,Yes,Bank transfer (automatic),45.3,2567.83,No
CUST-06777,Female,0,No,No,23,Yes,No,DSL,No,Yes,Two year,Yes,Credit card (automatic),117.56,2700.25,No
CUST-06778,Male,0,Yes,Yes,62,Yes,No,No,No internet service,No internet service,Month-to-month,Yes,Bank transfer (automatic),106.25,6559.11,No
CUST-06779,Female,0,No,Yes,33,Yes,Yes,DSL,Yes,Yes,One year,Yes,Electronic check,100.98,3306.75,No
CUST-06780,Female,0,No,Yes,18,Yes,No,DSL,No,No,Two year,Yes,Mailed check,32.8,606.17,No
CUST-06781,Male,1,No,Yes,33,Yes,No,DSL,Yes,No,One year,Yes,Bank transfer (automatic),95.52,3073.64,No
CUST-06782,Female,1,Yes,No,32,Yes,Yes,Fiber optic,Yes,Yes,Month-to-month,Yes,Bank transfer (automatic),41.45,1332.63,No
CUST-06783,Female,0,Yes,Yes,61,Yes,Yes,Fiber optic,Yes,Yes,Month-to-month,No,Bank transfer (automatic),117.74,7218.43,No
CUST-06784,Male,0,No,Yes,54,No,No phone service,No,No internet service,No internet service,Month-to-month,No,Credit card (automatic),25.21,1343.23,No
CUST-06785,Male,0,Yes,No,17,Yes,Yes,No,No internet service,No internet service,Two year,No,Credit card (automatic),55.21,860.57,No
CUST-06786,Female,0,Yes,Yes,19,Yes,Yes,DSL,No,No,Two year,Yes,Mailed check,62.86,1168.74,No
CUST-06787,Male,0,Yes,Yes,70,Yes,No,Fiber optic,No,No,Month-to-month,Yes,Bank transfer (automatic),102.42,7163.21,No
CUST-06788,Female,0,Yes,No,34,Yes,Yes,Fiber optic,No,Yes,Two year,Yes,Credit card (automatic),96.62,3231.25,No
CUST-06789,Male,0,No,No,25,Yes,Yes,DSL,Yes,Yes,Month-to-month,No,Electronic check,57.5,1439.03,No
CUST-06790,Female,0,Yes,Yes,68,Yes,Yes,Fiber optic,Yes,Yes,Month-to-month,No,Mailed check,76.56,5214.68,No
CUST-06791,Male,0,Yes,No,11,Yes,No,DSL,Yes,No,One year,No,Electronic check,103.56,1199.29,No
CUST-06792,Female,0,Yes,Yes,16,Yes,Yes,DSL,Yes,No,Two year,Yes,Bank transfer (automatic),21.82,340.87,No
CUST-06793,Male,0,No,Yes,61,Yes,No,DSL,Yes,No,One year,Yes,Electronic check,100.22,6119.01,No
CUST-06794,Male,0,No,No,7,Yes,No,DSL,Yes,No,Two year,Yes,Electronic check,114.69,775.28,Yes
CUST-06795,Female,0,Yes,Yes,16,Yes,No,No,No internet service,No internet service,Month-to-month,No,Credit card (automatic),23.21,347.5,No
CUST-06796,Female,0,Yes,No,16,Yes,No,DSL,Yes,Yes,Month-to-month,No,Mailed check,24.56,428.17,No
CUST-06797,Female,0,Yes,No,40,Yes,No,Fiber optic,Yes,Yes,Two year,No,Mailed check,54.45,2166.28,No
CUST-06798,Male,1,Yes,No,12,Yes,Yes,DSL,Yes,Yes,Month-to-month,No,Mailed check,28.78,386.69,No
CUST-06799,Female,0,No,Yes,35,Yes,No,DSL,Yes,No,Month-to-month,Yes,Bank transfer (automatic),67.93,2375.21,No
CUST-06800,Female,0,No,Yes,21,Yes,No,DSL,No,No,Month-to-month,Yes,Mailed check,92.87,1893.08,No
CUST-06801,Male,0,No,No,50,Yes,Yes,DSL,Yes,No,Month-to-month,Yes,Mailed check,76.69,3799.85,No
CUST-06802,Male,0,No,No,43,Yes,Yes,Fiber optic,Yes,No,Month-to-month,No,Credit card (automatic),39.64,1825.44,No
CUST-06803,Female,0,No,No,17,Yes,No,No,No internet service,No internet service,Month-to-month,Yes,Credit card (automatic),85.48,1448.14,No
CUST-06804,Female,1,No,No,32,Yes,Yes,Fiber optic,No,No,Month-to-month,No,Electronic check,88.49,2750.91,No
CUST-06805,Male,1,Yes,Yes,41,Yes,No,No,No internet service,No internet service,One year,No,Credit card (automatic),113.24,4585.92,No
CUST-06806,Male,0,No,Yes,6,Yes,Yes,Fiber optic,Yes,Yes,Month-to-month,No,Electronic check,34.68,172.44,No
CUST-06807,Female,1,No,No,27,Yes,No,Fiber optic,No,No,Two year,Yes,Credit card (automatic),89.23,2364.55,Yes
CUST-06808,Male,0,No,Yes,20,Yes,No,Fiber optic,Yes,No,Month-to-month,Yes,Credit card (automatic),111.14,2167.84,No
CUST-06809,Male,0,Yes,No,25,Yes,No,No,No internet service,No internet service,Two year,Yes,Electronic check,70.16,1827.12,No
CUST-06810,Female,0,No,No,66,Yes,Yes,No,No internet service,No internet service,Month-to-month,Yes,Credit card (automatic),56.18,3741.11,No
CUST-06811,Female,0,No,Yes,9,Yes,Yes,Fiber optic,No,No,Month-to-month,Yes,Mailed check,37.07,323.64,Yes
CUST-06812,Female,1,No,No,53,Yes,Yes,No,No internet service,No internet service,Two year,Yes,Mailed check,106.68,5624.68,No
CUST-06813,Male,0,No,No,61,Yes,Yes,Fiber optic,Yes,No,Month-to-month,Yes,Bank transfer (automatic),59.42,3616.54,No
CUST-06814,Female,1,Yes,Yes,38,Yes,No,No,No internet service,No internet service,Month-to-month,No,Electronic check,112.49,4363.66,No
CUST-06815,Male,0,Yes,No,3,Yes,Yes,Fiber optic,No,Yes,One year,Yes,Bank transfer (automatic),104.78,271.09,No
CUST-06816,Male,0,Yes,No,70,Yes,Yes,Fiber optic,Yes,No,Month-to-month,Yes,Mailed check,57.66,3957.34,No
CUST-06817,Male,0,No,Yes,55,Yes,No,Fiber optic,No,Yes,One year,Yes,Credit card (automatic),77.39,4289.82,No
CUST-06818,Male,0,Yes,Yes,1,Yes,No,Fiber optic,No,Yes,Month-to-month,Yes,Bank transfer (automatic),22.72,73.13,No
CUST-06819,Female,0,Yes,Yes,70,Yes,Yes,DSL,No,No,Month-to-month,No,Mailed check,46.32,3314.98,No
CUST-06820,Male,0,Yes,Yes,45,Yes,No,DSL,No,No,One year,Yes,Mailed check,91.03,4078.73,Yes
CUST-06821,Female,0,Yes,Yes,47,Yes,Yes,Fiber optic,No,Yes,Month-to-month,No,Bank transfer (automatic),87.79,4109.04,No
CUST-06822,Male,0,Yes,No,26,Yes,Yes,Fiber optic,Yes,Yes,Month-to-month,No,Credit card (automatic),55.34,1539.45,No
CUST-06823,Male,0,No,No,14,Yes,Yes,Fiber optic,Yes,Yes,Month-to-month,Yes,Electronic check,100.86,1441.81,Yes
CUST-06824,Female,0,No,Yes,54,Yes,No,DSL,No,Yes,Month-to-month,Yes,Bank transfer (automatic),43.58,2349.07,No
CUST-06825,Female,0,No,Yes,71,No,No phone service,No,No internet service,No internet service,Month-to-month,Yes,Credit card (automatic),66.13,4720.4,Yes
CUST-06826,Female,0,No,Yes,46,No,No phone service,Fiber optic,Yes,Yes,Month-to-month,Yes,Electronic check,67.25,3071.7,No
CUST-06827,Female,0,No,Yes,31,Yes,No,DSL,No,Yes,Two year,Yes,Electronic check,54.08,1691.54,No
CUST-06828,Female,0,No,Yes,59,Yes,No,Fiber optic,No,Yes,Month-to-month,No,Mailed check,115.47,6826.98,No
CUST-06829,Female,0,Yes,No,29,Yes,Yes,DSL,No,No,One year,Yes,Bank transfer (automatic),89.67,2642.14,No
CUST-06830,Male,1,Yes,Yes,17,Yes,Yes,DSL,No,No,Month-to-month,Yes,Electronic check,73.92,1207.39,No
CUST-06831,Female,1,No,Yes,14,Yes,No,No,No internet service,No internet service,Month-to-month,No,Mailed check,71.05,1012.47,No
CUST-06832,Male,0,No,No,36,Yes,Yes,No,No internet service,No internet service,One year,No,Electronic check,35.93,1235.15,No
CUST-06833,Male,0,No,Yes,58,Yes,Yes,DSL,Yes,No,Two year,No,Electronic check,57.22,3412.54,No
CUST-06834,Female,0,No,No,24,Yes,No,DSL,Yes,Yes,Month-to-month,No,Electronic check,87.28,2073.76,Yes
CUST-06835,Male,1,Yes,Yes,63,Yes,No,Fiber optic,Yes,No,Two year,Yes,Mailed check,112.46,7002.24,No
CUST-06836,Male,0,Yes,No,25,Yes,No,No,No internet service,No internet service,Two year,Yes,Electronic check,101.65,2680.12,No
CUST-06837,Female,0,No,Yes,59,Yes,Yes,Fiber optic,No,Yes,Two year,Yes,Mailed check,50.04,2926.31,No
CUST-06838,Female,1,No,Yes,32,Yes,No,Fiber optic,No,Yes,Month-to-month,Yes,Mailed check,63.4,2033.55,No
CUST-06839,Male,1,No,No,18,Yes,Yes,No,No internet service,No internet service,Month-to-month,No,Electronic check,28.29,424.45,No
CUST-06840,Female,0,No,No,37,Yes,No,No,No internet service,No internet service,Two year,Yes,Electronic check,30.22,1115.49,No
CUST-06841,Female,0,No,Yes,26,Yes,No,Fiber optic,Yes,Yes,One year,No,Mailed check,67.02,1826.16,No
CUST-06842,Male,0,No,No,9,Yes,No,Fiber optic,Yes,No,Month-to-month,No,Electronic check,73.02,692.43,Yes
CUST-06843,Female,0,Yes,Yes,64,No,No phone service,DSL,No,Yes,Two year,Yes,Bank transfer (automatic),46.4,2884.56,No
CUST-06844,Female,0,Yes,No,20,Yes,No,No,No internet service,No internet service,One year,Yes,Credit card (automatic),84.28,1647.44,No
CUST-06845,Female,0,Yes,No,54,Yes,Yes,Fiber optic,Yes,Yes,Two year,Yes,Electronic check,90.34,4924.27,No
CUST-06846,Male,0,Yes,Yes,30,Yes,Yes,Fiber optic,Yes,Yes,Month-to-month,Yes,Electronic check,49.91,1529.13,Yes
CUST-06847,Male,1,No,Yes,53,Yes,No,Fiber optic,Yes,Yes,One year,Yes,Credit card (automatic),95.84,5055.22,No
CUST-06848,Female,0,Yes,No,63,No,No phone service,DSL,Yes,No,Month-to-month,No,Bank transfer (automatic),40.56,2575.13,No
CUST-06849,Female,0,Yes,Yes,11,Yes,Yes,DSL,Yes,No,One year,No,Mailed check,74.43,758.82,No
CUST-06850,Female,0,No,No,31,Yes,No,Fiber optic,No,No,Month-to-month,Yes,Credit card (automatic),100.43,3047.98,No
CUST-06851,Male,0,Yes,Yes,49,Yes,No,No,No internet service,No internet service,Month-to-month,Yes,Mailed check,73.7,3486.64,No
CUST-06852,Male,1,Yes,Yes,19,Yes,Yes,Fiber optic,No,No,Two year,Yes,Credit card (automatic),110.8,2151.47,No
CUST-06853,Female,0,Yes,No,12,Yes,Yes,Fiber optic,Yes,No,Month-to-month,No,Mailed check,25.85,304.94,No
CUST-06854,Female,0,No,Yes,15,Yes,Yes,DSL,No,No,One year,No,Mailed check,78.83,1182.66,No
CUST-06855,Male,0,No,No,31,Yes,Yes,No,No internet service,No internet service,Two year,Yes,Bank transfer (automatic),76.18,2208.09,No
CUST-06856,Female,0,No,No,43,Yes,Yes,Fiber optic,No,No,Month-to-month,Yes,Mailed check,86.04,3697.24,No
CUST-06857,Female,0,No,Yes,37,Yes,No,DSL,Yes,No,One year,Yes,Bank transfer (automatic),103.34,3851.13,No
CUST-06858,Male,1,Yes,Yes,29,Yes,Yes,DSL,Yes,Yes,One year,No,Bank transfer (automatic),92.59,2580.64,No
CUST-06859,Female,0,No,No,26,Yes,Yes,No,No internet service,No internet service,Month-to-month,Yes,Electronic check,99.03,2576.99,No
CUST-06860,Female,0,No,No,2,Yes,Yes,Fiber optic,No,Yes,Month-to-month,No,Mailed check,48.88,94.43,No
CUST-06861,Male,0,No,No,15,Yes,Yes,DSL,Yes,No,Two year,Yes,Credit card (automatic),58.75,857.98,No
CUST-06862,Female,1,Yes,No,4,Yes,Yes,DSL,No,No,One year,Yes,Mailed check,82.68,396.1,No
CUST-06863,Male,0,Yes,No,50,Yes,No,No,No internet service,No internet service,Month-to-month,Yes,Electronic check,75.35,3820.88,No
CUST-06864,Male,0,Yes,Yes,38,Yes,No,DSL,No,No,Two year,Yes,Electronic check,116.11,4578.06,No
CUST-06865,Male,0,Yes,No,23,Yes,Yes,Fiber optic,Yes,Yes,Month-to-month,Yes,Mailed check,38.68,828.99,Yes
CUST-06866,Female,1,No,No,59,Yes,No,Fiber optic,Yes,No,Month-to-month,No,Bank transfer (automatic),55.13,3274.1,Yes
CUST-06867,Female,1,Yes,No,28,Yes,No,DSL,Yes,Yes,Month-to-month,No,Credit card (automatic),77.28,2238.83,No
CUST-06868,Female,0,No,No,66,Yes,No,Fiber optic,No,No,Month-to-month,No,Credit card (automatic),106.8,7014.19,No
CUST-06869,Female,0,Yes,No,8,No,No phone service,No,No internet service,No internet service,Month-to-month,No,Mailed check,112.93,988.0,No
CUST-06870,Male,0,No,No,29,Yes,No,Fiber optic,No,Yes,One year,Yes,Electronic check,53.6,1572.65,No
CUST-06871,Male,0,Yes,No,11,Yes,Yes,Fiber optic,No,Yes,Month-to-month,No,Mailed check,26.71,206.48,No
CUST-06872,Male,0,Yes,No,18,Yes,No,No,No internet service,No internet service,Two year,Yes,Mailed check,62.16,1054.59,No
CUST-06873,Female,0,Yes,No,55,Yes,Yes,No,No internet service,No internet service,One year,Yes,Mailed check,59.43,3239.63,No
CUST-06874,Male,0,Yes,No,50,No,No phone service,DSL,No,No,Month-to-month,Yes,Bank transfer (automatic),118.65,5928.09,No
CUST-06875,Male,0,No,Yes,14,Yes,No,Fiber optic,No,Yes,Month-to-month,Yes,Bank transfer (automatic),63.11,945.46,Yes
CUST-06876,Female,0,Yes,Yes,9,Yes,Yes,Fiber optic,No,Yes,One year,Yes,Electronic check,50.57,450.65,Yes
CUST-06877,Female,0,No,Yes,11,Yes,Yes,Fiber optic,No,Yes,Two year,Yes,Bank transfer (automatic),56.54,681.9,No
CUST-06878,Male,0,No,No,63,Yes,No,Fiber optic,No,Yes,Month-to-month,Yes,Bank transfer (automatic),59.69,3765.87,No
CUST-06879,Female,0,Yes,No,67,Yes,Yes,Fiber optic,Yes,No,Two year,No,Electronic check,102.15,6844.67,No
CUST-06880,Female,0,Yes,No,53,Yes,No,Fiber optic,No,Yes,Month-to-month,No,Bank transfer (automatic),28.1,1474.7,No
CUST-06881,Female,0,Yes,No,39,Yes,No,DSL,No,No,Month-to-month,No,Credit card (automatic),51.65,2063.45,No
CUST-06882,Male,1,Yes,No,56,Yes,Yes,DSL,Yes,No,Month-to-month,No,Credit card (automatic),116.63,6537.75,No
CUST-06883,Male,0,No,Yes,28,Yes,No,Fiber optic,Yes,No,Month-to-month,Yes,Electronic check,35.31,952.05,No
CUST-06884,Male,0,No,No,39,Yes,No,No,No internet service,No internet service,Month-to-month,No,Electronic check,94.26,3692.74,No
CUST-06885,Male,0,Yes,No,25,No,No phone service,Fiber optic,No,No,Month-to-month,Yes,Bank transfer (automatic),55.64,1368.13,No
CUST-06886,Male,0,No,No,21,No,No phone service,DSL,Yes,No,Month-to-month,No,Credit card (automatic),78.18,1616.15,No
CUST-06887,Male,0,Yes,No,10,Yes,No,Fiber optic,Yes,No,Two year,Yes,Mailed check,29.95,358.63,No
CUST-06888,Male,0,No,No,43,Yes,No,DSL,Yes,Yes,Two year,No,Bank transfer (automatic),50.64,2169.55,No
CUST-06889,Male,0,Yes,No,15,Yes,No,Fiber optic,No,No,Two year,No,Credit card (automatic),70.09,1158.08,No
CUST-06890,Female,0,No,Yes,48,Yes,Yes,No,No internet service,No internet service,Month-to-month,Yes,Mailed check,43.17,2108.92,Yes
CUST-06891,Female,0,Yes,No,21,Yes,No,Fiber optic,No,No,Two year,No,Bank transfer (automatic),74.19,1519.7,No
CUST-06892,Male,0,Yes,Yes,60,Yes,No,DSL,Yes,No,Month-to-month,Yes,Bank transfer (automatic),41.98,2477.08,No
CUST-06893,Female,0,Yes,No,50,Yes,No,No,No internet service,No internet service,Month-to-month,Yes,Bank transfer (automatic),85.01,4188.46,No
CUST-06894,Female,0,Yes,No,23,Yes,Yes,Fiber optic,Yes,Yes,Month-to-month,Yes,Credit card (automatic),110.44,2570.42,No
CUST-06895,Male,0,No,No,13,Yes,Yes,No,No internet service,No internet service,One year,No,Mailed check,28.55,328.32,No
CUST-06896,Male,0,Yes,Yes,69,Yes,No,DSL,No,No,Month-to-month,Yes,Credit card (automatic),41.66,2761.26,Yes
CUST-06897,Male,0,Yes,No,4,Yes,No,Fiber optic,Yes,Yes,Month-to-month,No,Credit card (automatic),104.44,335.19,No
CUST-06898,Female,1,No,Yes,9,Yes,No,DSL,No,No,Month-to-month,No,Credit card (automatic),83.16,693.23,Yes
CUST-06899,Female,0,No,No,35,Yes,Yes,DSL,Yes,Yes,Two year,No,Credit card (automatic),27.87,992.29,No
CUST-06900,Male,0,Yes,No,21,Yes,Yes,DSL,No,No,Two year,No,Mailed check,68.64,1437.31,No
CUST-06901,Male,0,No,No,58,Yes,No,No,No internet service,No internet service,Two year,No,Electronic check,40.98,2423.98,No
CUST-06902,Female,0,No,No,18,Yes,Yes,DSL,No,Yes,Month-to-month,No,Credit card (automatic),39.91,673.02,No
CUST-06903,Male,0,Yes,Yes,43,No,No phone service,Fiber optic,No,No,Month-to-month,No,Mailed check,114.06,4888.36,No
CUST-06904,Male,0,Yes,No,6,Yes,No,No,No internet service,No internet service,One year,No,Mailed check,96.15,664.27,No
CUST-06905,Female,0,Yes,Yes,67,Yes,No,DSL,Yes,Yes,Month-to-month,Yes,Credit card (automatic),89.62,5987.48,Yes
CUST-06906,Female,0,Yes,Yes,12,Yes,Yes,No,No internet service,No internet service,One year,No,Mailed check,43.89,537.9,No
CUST-06907,Male,0,Yes,No,12,Yes,Yes,Fiber optic,No,No,Two year,Yes,Bank transfer (automatic),31.86,349.51,No
CUST-06908,Female,0,No,Yes,66,Yes,Yes,DSL,Yes,No,Month-to-month,No,Credit card (automatic),107.08,7056.0,No
CUST-06909,Female,0,No,Yes,2,Yes,No,Fiber optic,Yes,No,Month-to-month,No,Mailed check,20.59,64.94,Yes
CUST-06910,Male,1,Yes,No,15,No,No phone service,DSL,No,No,Month-to-month,No,Bank transfer (automatic),58.81,915.0,No
CUST-06911,Male,0,Yes,Yes,23,Yes,Yes,DSL,Yes,Yes,Two year,No,Bank transfer (automatic),47.76,1104.39,No
CUST-06912,Male,0,Yes,Yes,29,Yes,No,Fiber optic,No,Yes,Month-to-month,No,Bank transfer (automatic),77.04,2221.17,No
CUST-06913,Male,0,Yes,No,7,Yes,Yes,Fiber optic,Yes,Yes,One year,Yes,Bank transfer (automatic),45.05,321.86,Yes
CUST-06914,Male,0,No,No,28,Yes,Yes,DSL,Yes,Yes,Month-to-month,Yes,Mailed check,51.12,1394.55,Yes
CUST-06915,Male,0,No,Yes,14,Yes,No,Fiber optic,No,Yes,Two year,No,Bank transfer (automatic),105.0,1459.23,No
CUST-06916,Male,0,Yes,Yes,44,Yes,Yes,Fiber optic,No,Yes,Month-to-month,No,Mailed check,80.32,3550.7,No
CUST-06917,Female,0,No,Yes,30,Yes,No,Fiber optic,Yes,No,One year,Yes,Credit card (automatic),34.57,1086.45,No
CUST-06918,Male,0,No,Yes,32,Yes,No,Fiber optic,No,No,One year,Yes,Credit card (automatic),92.65,2919.22,Yes
CUST-06919,Female,0,Yes,Yes,70,Yes,No,Fiber optic,Yes,Yes,Month-to-month,No,Electronic check,40.75,2843.64,No
CUST-06920,Male,0,Yes,No,6,Yes,Yes,Fiber optic,No,No,Month-to-month,No,Electronic check,63.3,329.55,No
CUST-06921,Male,1,No,Yes,27,Yes,Yes,DSL,Yes,Yes,Two year,Yes,Bank transfer (automatic),84.66,2263.6,No
CUST-06922,Male,0,No,Yes,24,Yes,Yes,Fiber optic,No,Yes,Month-to-month,Yes,Electronic check,47.19,1182.59,No
CUST-06923,Male,0,No,No,34,Yes,Yes,No,No internet service,No internet service,Month-to-month,Yes,Electronic check,58.41,1959.11,Yes
CUST-06924,Male,0,No,No,40,Yes,No,Fiber optic,Yes,No,Two year,No,Electronic check,93.41,3731.6,No
CUST-06925,Male,0,Yes,Yes,47,Yes,Yes,Fiber optic,No,No,One year,No,Bank transfer (automatic),113.79,5286.29,No
CUST-06926,Female,0,No,No,24,Yes,Yes,Fiber optic,Yes,No,Month-to-month,No,Electronic check,72.92,1722.02,No
CUST-06927,Male,0,Yes,Yes,65,Yes,No,DSL,No,No,Month-to-month,Yes,Bank transfer (automatic),21.0,1287.58,No
CUST-06928,Male,0,No,No,18,Yes,No,Fiber optic,Yes,No,Month-to-month,No,Mailed check,53.85,983.24,Yes
CUST-06929,Male,0,No,No,44,Yes,No,No,No internet service,No internet service,Month-to-month,No,Electronic check,59.86,2652.24,No
CUST-06930,Female,0,Yes,No,57,Yes,No,Fiber optic,No,No,Month-to-month,No,Bank transfer (automatic),53.92,3090.28,No
CUST-06931,Female,0,Yes,No,28,Yes,Yes,DSL,Yes,No,One year,No,Credit card (automatic),63.63,1801.7,No
CUST-06932,Male,0,No,No,71,Yes,No,Fiber optic,Yes,No,Two year,No,Credit card (automatic),83.27,5929.11,No
CUST-06933,Male,0,No,Yes,23,Yes,Yes,DSL,No,Yes,Two year,Yes,Mailed check,32.11,662.22,No
CUST-06934,Male,1,Yes,Yes,34,Yes,Yes,Fiber optic,Yes,No,Two year,Yes,Electronic check,47.26,1567.45,No
CUST-06935,Male,1,No,No,11,No,No phone service,DSL,No,No,Two year,No,Electronic check,70.76,666.17,No
CUST-06936,Male,0,Yes,No,35,Yes,No,DSL,Yes,Yes,One year,No,Bank transfer (automatic),51.56,1781.42,No
CUST-06937,Female,0,Yes,No,42,Yes,No,No,No internet service,No internet service,One year,No,Electronic check,119.11,4959.08,No
CUST-06938,Male,0,No,No,28,No,No phone service,Fiber optic,Yes,No,Month-to-month,Yes,Electronic check,63.14,1765.99,No
CUST-06939,Female,0,No,Yes,24,Yes,Yes,Fiber optic,No,Yes,Month-to-month,No,Bank transfer (automatic),106.98,2690.49,No
CUST-06940,Female,0,Yes,No,8,Yes,No,No,No internet service,No internet service,Month-to-month,Yes,Mailed check,109.65,916.31,No
CUST-06941,Male,0,Yes,No,53,Yes,No,No,No internet service,No internet service,One year,Yes,Mailed check,103.6,5567.28,No
CUST-06942,Female,0,Yes,Yes,4,Yes,Yes,Fiber optic,Yes,Yes,Month-to-month,No,Electronic check,24.69,139.83,Yes
CUST-06943,Male,0,Yes,No,5,Yes,Yes,No,No internet service,No internet service,Two year,No,Bank transfer (automatic),114.77,568.85,No
CUST-06944,Female,0,Yes,Yes,49,Yes,No,DSL,Yes,Yes,Month-to-month,No,Mailed check,32.87,1610.14,No
CUST-06945,Male,0,Yes,No,30,Yes,No,No,No internet service,No internet service,Month-to-month,No,Mailed check,23.44,746.43,No
CUST-06946,Male,0,No,No,63,Yes,Yes,No,No internet service,No internet service,Two year,No,Mailed check,61.44,3883.14,No
CUST-06947,Male,0,No,Yes,47,Yes,No,DSL,Yes,No,Month-to-month,No,Mailed check,39.46,1840.22,No
CUST-06948,Male,0,Yes,No,26,Yes,No,Fiber optic,Yes,No,One year,Yes,Bank transfer (automatic),38.42,1070.24,No
CUST-06949,Female,1,No,Yes,57,Yes,No,Fiber optic,No,Yes,Month-to-month,Yes,Mailed check,48.78,2802.7,Yes
CUST-06950,Female,0,Yes,Yes,37,Yes,Yes,DSL,No,Yes,Month-to-month,No,Credit card (automatic),44.84,1587.82,No
CUST-06951,Female,0,Yes,Yes,7,Yes,No,Fiber optic,Yes,Yes,Two year,Yes,Mailed check,88.48,610.34,No
CUST-06952,Male,0,Yes,Yes,40,Yes,No,Fiber optic,No,No,Two year,Yes,Credit card (automatic),38.68,1549.71,No
CUST-06953,Male,1,No,No,39,Yes,No,DSL,Yes,Yes,Two year,No,Credit card (automatic),74.31,2877.87,No
CUST-06954,Female,0,No,No,62,Yes,No,DSL,Yes,Yes,Month-to-month,No,Mailed check,118.64,7336.42,No
CUST-06955,Male,0,Yes,Yes,53,Yes,No,Fiber optic,No,Yes,Two year,No,Electronic check,63.24,3330.86,No
CUST-06956,Male,0,Yes,Yes,4,Yes,No,DSL,Yes,Yes,Month-to-month,Yes,Mailed check,84.19,247.52,No
CUST-06957,Female,0,No,Yes,25,Yes,No,DSL,Yes,No,Month-to-month,Yes,Electronic check,116.94,2825.37,No
CUST-06958,Male,0,No,Yes,7,Yes,No,Fiber optic,Yes,No,Two year,Yes,Mailed check,33.76,203.65,No
CUST-06959,Female,0,Yes,Yes,28,No,No phone service,Fiber optic,No,No,Month-to-month,No,Bank transfer (automatic),61.86,1712.06,No
CUST-06960,Male,0,Yes,No,69,Yes,Yes,Fiber optic,No,Yes,Month-to-month,No,Bank transfer (automatic),105.02,7179.42,No
CUST-06961,Male,0,No,No,67,Yes,No,DSL,Yes,Yes,Month-to-month,No,Credit card (automatic),113.23,7535.2,No
CUST-06962,Female,0,No,Yes,20,Yes,Yes,Fiber optic,Yes,No,Two year,No,Bank transfer (automatic),80.12,1589.74,No
CUST-06963,Female,0,Yes,No,11,Yes,No,Fiber optic,No,Yes,Month-to-month,No,Electronic check,34.34,429.29,No
CUST-06964,Female,0,Yes,No,67,Yes,No,Fiber optic,No,Yes,Two year,Yes,Electronic check,110.15,7428.31,No
CUST-06965,Female,0,Yes,Yes,7,Yes,Yes,Fiber optic,No,No,Month-to-month,Yes,Credit card (automatic),37.44,312.02,No
CUST-06966,Female,0,Yes,No,23,Yes,Yes,No,No internet service,No internet service,One year,Yes,Mailed check,55.29,1221.15,No
CUST-06967,Male,0,Yes,Yes,61,Yes,No,Fiber optic,Yes,No,Two year,Yes,Bank transfer (automatic),57.55,3499.44,No
CUST-06968,Female,0,Yes,Yes,71,Yes,No,Fiber optic,No,No,Month-to-month,Yes,Mailed check,64.73,4657.61,Yes
CUST-06969,Male,0,No,No,34,Yes,No,Fiber optic,Yes,No,Two year,Yes,Mailed check,99.02,3278.45,No
CUST-06970,Male,0,No,No,19,Yes,Yes,DSL,Yes,Yes,Month-to-month,No,Bank transfer (automatic),100.21,1881.02,No
CUST-06971,Female,0,No,Yes,58,Yes,Yes,DSL,Yes,No,One year,No,Mailed check,91.97,5345.37,No
CUST-06972,Female,0,Yes,No,9,Yes,No,No,No internet service,No internet service,Month-to-month,Yes,Electronic check,22.21,114.63,No
CUST-06973,Male,0,Yes,Yes,48,Yes,No,No,No internet service,No internet service,One year,Yes,Credit card (automatic),76.48,3692.48,No
CUST-06974,Female,0,No,Yes,41,Yes,No,Fiber optic,No,No,One year,Yes,Electronic check,94.75,3962.1,No
CUST-06975,Female,0,No,Yes,48,Yes,Yes,No,No internet service,No internet service,Two year,No,Bank transfer (automatic),64.46,3155.31,No
CUST-06976,Male,0,Yes,Yes,45,Yes,No,No,No internet service,No internet service,Month-to-month,Yes,Bank transfer (automatic),114.49,5143.16,Yes
CUST-06977,Male,0,No,Yes,25,No,No phone service,No,No internet service,No internet service,Two year,Yes,Bank transfer (automatic),102.38,2600.22,No
CUST-06978,Female,1,No,Yes,25,Yes,No,No,No internet service,No internet service,Month-to-month,No,Bank transfer (automatic),83.82,2009.68,No
CUST-06979,Male,0,Yes,Yes,19,Yes,Yes,No,No internet service,No internet service,Month-to-month,No,Mailed check,26.24,512.48,No
CUST-06980,Male,0,No,No,39,Yes,No,No,No internet service,No internet service,Month-to-month,Yes,Mailed check,85.23,3308.74,Yes
CUST-06981,Male,0,No,No,27,Yes,No,Fiber optic,No,Yes,Month-to-month,Yes,Credit card (automatic),111.16,2993.85,No
CUST-06982,Male,0,No,Yes,63,Yes,Yes,Fiber optic,No,No,Month-to-month,No,Bank transfer (automatic),57.94,3655.41,No
CUST-06983,Male,0,Yes,No,68,Yes,Yes,DSL,Yes,Yes,Month-to-month,No,Bank transfer (automatic),103.81,7078.46,No
CUST-06984,Male,0,Yes,No,19,Yes,Yes,No,No internet service,No internet service,Month-to-month,Yes,Mailed check,51.32,902.48,No
CUST-06985,Male,1,No,Yes,28,Yes,Yes,No,No internet service,No internet service,Two year,Yes,Mailed check,77.01,2107.26,No
CUST-06986,Male,0,No,Yes,33,Yes,No,DSL,Yes,No,One year,Yes,Electronic check,84.84,2786.91,No
CUST-06987,Male,0,Yes,No,10,Yes,Yes,Fiber optic,No,Yes,Month-to-month,Yes,Credit card (automatic),87.8,789.07,No
CUST-06988,Male,0,Yes,Yes,30,Yes,Yes,DSL,Yes,Yes,Month-to-month,Yes,Mailed check,108.25,3254.36,No
CUST-06989,Female,0,Yes,No,22,Yes,No,DSL,Yes,Yes,Month-to-month,No,Credit card (automatic),43.46,997.76,No
CUST-06990,Female,1,Yes,Yes,3,Yes,Yes,Fiber optic,No,No,Month-to-month,Yes,Bank transfer (automatic),46.24,208.33,No
CUST-06991,Female,0,Yes,Yes,48,Yes,Yes,Fiber optic,Yes,Yes,Month-to-month,Yes,Bank transfer (automatic),90.4,4344.02,No
CUST-06992,Male,0,No,Yes,2,Yes,No,Fiber optic,No,Yes,Two year,Yes,Electronic check,37.72,169.76,No
CUST-06993,Male,0,Yes,Yes,54,Yes,No,DSL,No,No,One year,Yes,Electronic check,66.43,3585.47,No
CUST-06994,Male,0,No,No,6,Yes,No,DSL,Yes,Yes,Two year,No,Electronic check,22.0,69.16,No
CUST-06995,Male,1,No,Yes,40,Yes,No,Fiber optic,Yes,Yes,Two year,No,Mailed check,34.1,1361.2,No
CUST-06996,Male,0,Yes,Yes,2,Yes,Yes,Fiber optic,No,No,Month-to-month,Yes,Credit card (automatic),87.88,165.48,Yes
CUST-06997,Female,1,Yes,Yes,2,Yes,No,Fiber optic,Yes,Yes,Month-to-month,No,Mailed check,94.75,215.31,No
CUST-06998,Male,0,Yes,No,55,Yes,No,Fiber optic,No,No,One year,No,Bank transfer (automatic),31.53,1747.68,No
CUST-06999,Female,1,No,No,60,Yes,No,DSL,Yes,No,Month-to-month,No,Bank transfer (automatic),42.77,2576.16,No
CUST-07000,Female,0,Yes,Yes,6,No,No phone service,Fiber optic,Yes,No,Month-to-month,No,Electronic check,29.89,227.69,No
CUST-07001,Female,1,No,Yes,19,Yes,No,No,No internet service,No internet service,Two year,No,Electronic check,63.34,1181.96,No
CUST-07002,Male,0,Yes,Yes,27,Yes,Yes,Fiber optic,Yes,No,Two year,No,Credit card (automatic),32.61,907.41,No
CUST-07003,Female,0,No,Yes,1,Yes,Yes,Fiber optic,No,No,Month-to-month,Yes,Mailed check,63.73,77.77,No
CUST-07004,Male,0,No,No,33,No,No phone service,DSL,No,Yes,Month-to-month,Yes,Bank transfer (automatic),93.21,3081.63,No
CUST-07005,Male,0,Yes,No,40,Yes,Yes,No,No internet service,No internet service,One year,Yes,Bank transfer (automatic),88.34,3530.31,No
CUST-07006,Female,0,Yes,Yes,32,Yes,No,Fiber optic,Yes,No,Two year,No,Electronic check,48.05,1474.04,No
CUST-07007,Female,0,No,Yes,69,Yes,Yes,DSL,No,No,Month-to-month,Yes,Mailed check,87.38,6016.52,No
CUST-07008,Female,0,No,No,17,Yes,No,DSL,Yes,Yes,Month-to-month,Yes,Bank transfer (automatic),112.77,1907.6,No
CUST-07009,Male,1,Yes,Yes,8,Yes,No,DSL,Yes,No,Month-to-month,No,Bank transfer (automatic),54.75,401.86,No
CUST-07010,Male,1,No,Yes,57,Yes,No,DSL,Yes,Yes,Month-to-month,No,Mailed check,52.91,2947.98,No
CUST-07011,Female,1,No,No,42,Yes,Yes,Fiber optic,No,No,One year,No,Electronic check,77.14,3212.05,No
CUST-07012,Male,0,Yes,Yes,9,Yes,No,Fiber optic,No,No,Two year,No,Credit card (automatic),44.55,377.28,No
CUST-07013,Male,0,Yes,No,35,Yes,Yes,No,No internet service,No internet service,One year,No,Electronic check,85.16,2913.58,No
CUST-07014,Male,0,No,Yes,71,Yes,Yes,DSL,Yes,Yes,Month-to-month,No,Mailed check,103.23,7262.26,Yes
CUST-07015,Female,0,No,Yes,53,Yes,No,No,No internet service,No internet service,One year,Yes,Mailed check,65.93,3389.69,No
CUST-07016,Female,1,Yes,No,54,No,No phone service,DSL,No,Yes,Month-to-month,Yes,Mailed check,87.95,4764.05,No
CUST-07017,Female,1,Yes,No,25,Yes,Yes,Fiber optic,No,Yes,Month-to-month,No,Bank transfer (automatic),85.19,2178.65,Yes
CUST-07018,Male,0,Yes,No,67,Yes,No,Fiber optic,No,Yes,Two year,Yes,Mailed check,23.87,1600.1,No
CUST-07019,Female,1,No,No,62,No,No phone service,No,No internet service,No internet service,Month-to-month,No,Credit card (automatic),38.34,2356.86,No
CUST-07020,Male,0,Yes,No,55,Yes,Yes,Fiber optic,Yes,No,Month-to-month,No,Electronic check,109.35,5944.75,No
CUST-07021,Male,0,No,No,46,Yes,No,DSL,Yes,Yes,One year,No,Bank transfer (automatic),113.89,5128.7,No
CUST-07022,Male,1,Yes,Yes,24,Yes,No,No,No internet service,No internet service,Month-to-month,Yes,Mailed check,98.04,2351.31,Yes
CUST-07023,Male,0,Yes,Yes,46,Yes,No,No,No internet service,No internet service,Month-to-month,Yes,Mailed check,112.12,5188.3,No
CUST-07024,Female,0,No,No,22,Yes,No,Fiber optic,No,Yes,Month-to-month,No,Mailed check,50.61,1071.8,No
CUST-07025,Female,0,Yes,Yes,11,Yes,Yes,No,No internet service,No internet service,Month-to-month,No,Credit card (automatic),44.77,545.24,No
CUST-07026,Male,0,No,Yes,48,Yes,Yes,No,No internet service,No internet service,Month-to-month,Yes,Credit card (automatic),58.43,2770.2,No
CUST-07027,Female,0,Yes,No,8,Yes,No,No,No internet service,No internet service,One year,No,Electronic check,25.53,258.49,No
CUST-07028,Female,0,Yes,Yes,39,Yes,Yes,Fiber optic,Yes,No,One year,No,Electronic check,100.99,3899.57,No
CUST-07029,Female,0,Yes,No,35,No,No phone service,Fiber optic,No,No,Two year,No,Credit card (automatic),118.42,4011.55,No
CUST-07030,Female,0,Yes,No,49,Yes,No,DSL,Yes,Yes,Month-to-month,No,Credit card (automatic),102.4,5048.92,No
CUST-07031,Female,0,Yes,No,46,Yes,Yes,DSL,Yes,Yes,Two year,No,Credit card (automatic),75.5,3426.86,No
CUST-07032,Female,1,No,No,38,Yes,No,No,No internet service,No internet service,Month-to-month,Yes,Electronic check,49.53,1805.02,Yes
CUST-07033,Female,0,No,No,8,Yes,Yes,Fiber optic,Yes,No,One year,No,Bank transfer (automatic),39.77,342.24,No
CUST-07034,Female,0,No,No,54,Yes,Yes,DSL,Yes,Yes,Month-to-month,No,Electronic check,56.41,3001.67,No
CUST-07035,Female,0,Yes,No,37,Yes,Yes,Fiber optic,No,Yes,Two year,Yes,Mailed check,86.7,3137.26,No
CUST-07036,Female,1,Yes,No,40,Yes,No,Fiber optic,Yes,Yes,Month-to-month,Yes,Electronic check,64.71,2653.97,No
CUST-07037,Female,0,Yes,Yes,34,No,No phone service,DSL,Yes,No,One year,Yes,Credit card (automatic),113.41,3845.7,No
CUST-07038,Male,1,Yes,No,17,Yes,Yes,Fiber optic,Yes,Yes,Month-to-month,No,Bank transfer (automatic),105.42,1720.39,No
CUST-07039,Male,0,No,Yes,33,Yes,Yes,DSL,Yes,No,One year,No,Electronic check,30.24,974.76,No
CUST-07040,Female,0,No,No,47,Yes,No,DSL,No,No,Month-to-month,No,Bank transfer (automatic),33.15,1664.68,No
CUST-07041,Female,0,Yes,Yes,52,Yes,Yes,No,No internet service,No internet service,One year,No,Mailed check,87.62,4561.86,No
CUST-07042,Female,0,No,No,9,Yes,No,DSL,No,No,Two year,Yes,Bank transfer (automatic),43.08,355.63,No
